transaction_id,transaction_date,transaction_type,product_code,warehouse,quantity,unit_price
SAL-2024-08-01-MCB-001-CHI,2024-08-01,sale,MCB-001,Chicago,142,11.82
PUR-2024-08-01-MCB-001-CHI,2024-08-01,purchase,MCB-001,Chicago,162,11.82
SAL-2024-08-01-MCB-001-HOU,2024-08-01,sale,MCB-001,Houston,114,11.82
PUR-2024-08-01-MCB-001-HOU,2024-08-01,purchase,MCB-001,Houston,111,11.82
SAL-2024-08-01-MCB-001-PIT,2024-08-01,sale,MCB-001,Pittsburgh,78,11.82
PUR-2024-08-01-MCB-001-PIT,2024-08-01,purchase,MCB-001,Pittsburgh,88,11.82
SAL-2024-08-01-MCB-002-CHI,2024-08-01,sale,MCB-002,Chicago,219,10.69
PUR-2024-08-01-MCB-002-CHI,2024-08-01,purchase,MCB-002,Chicago,231,10.69
SAL-2024-08-01-MCB-002-HOU,2024-08-01,sale,MCB-002,Houston,181,10.69
PUR-2024-08-01-MCB-002-HOU,2024-08-01,purchase,MCB-002,Houston,187,10.69
SAL-2024-08-01-MCB-002-PIT,2024-08-01,sale,MCB-002,Pittsburgh,124,10.69
PUR-2024-08-01-MCB-002-PIT,2024-08-01,purchase,MCB-002,Pittsburgh,131,10.69
SAL-2024-08-01-MCB-003-CHI,2024-08-01,sale,MCB-003,Chicago,125,10.72
PUR-2024-08-01-MCB-003-CHI,2024-08-01,purchase,MCB-003,Chicago,158,10.72
SAL-2024-08-01-MCB-003-HOU,2024-08-01,sale,MCB-003,Houston,98,10.72
PUR-2024-08-01-MCB-003-HOU,2024-08-01,purchase,MCB-003,Houston,105,10.72
SAL-2024-08-01-MCB-003-PIT,2024-08-01,sale,MCB-003,Pittsburgh,84,10.72
PUR-2024-08-01-MCB-003-PIT,2024-08-01,purchase,MCB-003,Pittsburgh,96,10.72
SAL-2024-08-01-MCB-004-CHI,2024-08-01,sale,MCB-004,Chicago,172,12.11
PUR-2024-08-01-MCB-004-CHI,2024-08-01,purchase,MCB-004,Chicago,132,12.11
SAL-2024-08-01-MCB-004-HOU,2024-08-01,sale,MCB-004,Houston,115,12.11
PUR-2024-08-01-MCB-004-HOU,2024-08-01,purchase,MCB-004,Houston,126,12.11
SAL-2024-08-01-MCB-004-PIT,2024-08-01,sale,MCB-004,Pittsburgh,101,12.11
PUR-2024-08-01-MCB-004-PIT,2024-08-01,purchase,MCB-004,Pittsburgh,95,12.11
SAL-2024-08-01-MCB-005-CHI,2024-08-01,sale,MCB-005,Chicago,159,12.46
PUR-2024-08-01-MCB-005-CHI,2024-08-01,purchase,MCB-005,Chicago,151,12.46
SAL-2024-08-01-MCB-005-HOU,2024-08-01,sale,MCB-005,Houston,114,12.46
PUR-2024-08-01-MCB-005-HOU,2024-08-01,purchase,MCB-005,Houston,123,12.46
SAL-2024-08-01-MCB-005-PIT,2024-08-01,sale,MCB-005,Pittsburgh,97,12.46
PUR-2024-08-01-MCB-005-PIT,2024-08-01,purchase,MCB-005,Pittsburgh,83,12.46
SAL-2024-08-01-HAB-001-CHI,2024-08-01,sale,HAB-001,Chicago,130,9.1
PUR-2024-08-01-HAB-001-CHI,2024-08-01,purchase,HAB-001,Chicago,131,9.1
SAL-2024-08-01-HAB-001-HOU,2024-08-01,sale,HAB-001,Houston,105,9.1
PUR-2024-08-01-HAB-001-HOU,2024-08-01,purchase,HAB-001,Houston,140,9.1
SAL-2024-08-01-HAB-001-PIT,2024-08-01,sale,HAB-001,Pittsburgh,87,9.1
PUR-2024-08-01-HAB-001-PIT,2024-08-01,purchase,HAB-001,Pittsburgh,100,9.1
SAL-2024-08-01-HAB-002-CHI,2024-08-01,sale,HAB-002,Chicago,95,8.92
PUR-2024-08-01-HAB-002-CHI,2024-08-01,purchase,HAB-002,Chicago,116,8.92
SAL-2024-08-01-HAB-002-HOU,2024-08-01,sale,HAB-002,Houston,88,8.92
PUR-2024-08-01-HAB-002-HOU,2024-08-01,purchase,HAB-002,Houston,63,8.92
SAL-2024-08-01-HAB-002-PIT,2024-08-01,sale,HAB-002,Pittsburgh,53,8.92
PUR-2024-08-01-HAB-002-PIT,2024-08-01,purchase,HAB-002,Pittsburgh,61,8.92
SAL-2024-08-01-HAB-003-CHI,2024-08-01,sale,HAB-003,Chicago,147,6.1
PUR-2024-08-01-HAB-003-CHI,2024-08-01,purchase,HAB-003,Chicago,157,6.1
SAL-2024-08-01-HAB-003-HOU,2024-08-01,sale,HAB-003,Houston,114,6.1
PUR-2024-08-01-HAB-003-HOU,2024-08-01,purchase,HAB-003,Houston,89,6.1
SAL-2024-08-01-HAB-003-PIT,2024-08-01,sale,HAB-003,Pittsburgh,73,6.1
PUR-2024-08-01-HAB-003-PIT,2024-08-01,purchase,HAB-003,Pittsburgh,62,6.1
SAL-2024-08-01-HAB-004-CHI,2024-08-01,sale,HAB-004,Chicago,116,8.31
PUR-2024-08-01-HAB-004-CHI,2024-08-01,purchase,HAB-004,Chicago,126,8.31
SAL-2024-08-01-HAB-004-HOU,2024-08-01,sale,HAB-004,Houston,99,8.31
PUR-2024-08-01-HAB-004-HOU,2024-08-01,purchase,HAB-004,Houston,105,8.31
SAL-2024-08-01-HAB-004-PIT,2024-08-01,sale,HAB-004,Pittsburgh,62,8.31
PUR-2024-08-01-HAB-004-PIT,2024-08-01,purchase,HAB-004,Pittsburgh,76,8.31
SAL-2024-08-01-HAB-005-CHI,2024-08-01,sale,HAB-005,Chicago,94,7.4
PUR-2024-08-01-HAB-005-CHI,2024-08-01,purchase,HAB-005,Chicago,84,7.4
SAL-2024-08-01-HAB-005-HOU,2024-08-01,sale,HAB-005,Houston,68,7.4
PUR-2024-08-01-HAB-005-HOU,2024-08-01,purchase,HAB-005,Houston,68,7.4
SAL-2024-08-01-HAB-005-PIT,2024-08-01,sale,HAB-005,Pittsburgh,57,7.4
PUR-2024-08-01-HAB-005-PIT,2024-08-01,purchase,HAB-005,Pittsburgh,52,7.4
SAL-2024-08-01-CAS-001-CHI,2024-08-01,sale,CAS-001,Chicago,22,1238.72
PUR-2024-08-01-CAS-001-CHI,2024-08-01,purchase,CAS-001,Chicago,27,1238.72
SAL-2024-08-01-CAS-001-HOU,2024-08-01,sale,CAS-001,Houston,19,1238.72
PUR-2024-08-01-CAS-001-HOU,2024-08-01,purchase,CAS-001,Houston,19,1238.72
SAL-2024-08-01-CAS-001-PIT,2024-08-01,sale,CAS-001,Pittsburgh,14,1238.72
PUR-2024-08-01-CAS-001-PIT,2024-08-01,purchase,CAS-001,Pittsburgh,14,1238.72
SAL-2024-08-01-CAS-002-CHI,2024-08-01,sale,CAS-002,Chicago,20,1129.98
PUR-2024-08-01-CAS-002-CHI,2024-08-01,purchase,CAS-002,Chicago,27,1129.98
SAL-2024-08-01-CAS-002-HOU,2024-08-01,sale,CAS-002,Houston,16,1129.98
PUR-2024-08-01-CAS-002-HOU,2024-08-01,purchase,CAS-002,Houston,16,1129.98
SAL-2024-08-01-CAS-002-PIT,2024-08-01,sale,CAS-002,Pittsburgh,12,1129.98
PUR-2024-08-01-CAS-002-PIT,2024-08-01,purchase,CAS-002,Pittsburgh,15,1129.98
SAL-2024-08-01-CAS-003-CHI,2024-08-01,sale,CAS-003,Chicago,19,1201.89
PUR-2024-08-01-CAS-003-CHI,2024-08-01,purchase,CAS-003,Chicago,13,1201.89
SAL-2024-08-01-CAS-003-HOU,2024-08-01,sale,CAS-003,Houston,14,1201.89
PUR-2024-08-01-CAS-003-HOU,2024-08-01,purchase,CAS-003,Houston,13,1201.89
SAL-2024-08-01-CAS-003-PIT,2024-08-01,sale,CAS-003,Pittsburgh,11,1201.89
PUR-2024-08-01-CAS-003-PIT,2024-08-01,purchase,CAS-003,Pittsburgh,11,1201.89
SAL-2024-08-01-CAS-004-CHI,2024-08-01,sale,CAS-004,Chicago,33,820.97
PUR-2024-08-01-CAS-004-CHI,2024-08-01,purchase,CAS-004,Chicago,27,820.97
SAL-2024-08-01-CAS-004-HOU,2024-08-01,sale,CAS-004,Houston,23,820.97
PUR-2024-08-01-CAS-004-HOU,2024-08-01,purchase,CAS-004,Houston,30,820.97
SAL-2024-08-01-CAS-004-PIT,2024-08-01,sale,CAS-004,Pittsburgh,18,820.97
PUR-2024-08-01-CAS-004-PIT,2024-08-01,purchase,CAS-004,Pittsburgh,18,820.97
SAL-2024-08-01-CAS-005-CHI,2024-08-01,sale,CAS-005,Chicago,21,1039.4
PUR-2024-08-01-CAS-005-CHI,2024-08-01,purchase,CAS-005,Chicago,22,1039.4
SAL-2024-08-01-CAS-005-HOU,2024-08-01,sale,CAS-005,Houston,16,1039.4
PUR-2024-08-01-CAS-005-HOU,2024-08-01,purchase,CAS-005,Houston,15,1039.4
SAL-2024-08-01-CAS-005-PIT,2024-08-01,sale,CAS-005,Pittsburgh,13,1039.4
PUR-2024-08-01-CAS-005-PIT,2024-08-01,purchase,CAS-005,Pittsburgh,12,1039.4
SAL-2024-08-01-SIB-001-CHI,2024-08-01,sale,SIB-001,Chicago,83,7.47
PUR-2024-08-01-SIB-001-CHI,2024-08-01,purchase,SIB-001,Chicago,69,7.47
SAL-2024-08-01-SIB-001-HOU,2024-08-01,sale,SIB-001,Houston,66,7.47
PUR-2024-08-01-SIB-001-HOU,2024-08-01,purchase,SIB-001,Houston,53,7.47
SAL-2024-08-01-SIB-001-PIT,2024-08-01,sale,SIB-001,Pittsburgh,38,7.47
PUR-2024-08-01-SIB-001-PIT,2024-08-01,purchase,SIB-001,Pittsburgh,44,7.47
SAL-2024-08-01-SIB-002-CHI,2024-08-01,sale,SIB-002,Chicago,135,6.57
PUR-2024-08-01-SIB-002-CHI,2024-08-01,purchase,SIB-002,Chicago,109,6.57
SAL-2024-08-01-SIB-002-HOU,2024-08-01,sale,SIB-002,Houston,110,6.57
PUR-2024-08-01-SIB-002-HOU,2024-08-01,purchase,SIB-002,Houston,99,6.57
SAL-2024-08-01-SIB-002-PIT,2024-08-01,sale,SIB-002,Pittsburgh,64,6.57
PUR-2024-08-01-SIB-002-PIT,2024-08-01,purchase,SIB-002,Pittsburgh,70,6.57
SAL-2024-08-01-SIB-003-CHI,2024-08-01,sale,SIB-003,Chicago,72,8.35
PUR-2024-08-01-SIB-003-CHI,2024-08-01,purchase,SIB-003,Chicago,96,8.35
SAL-2024-08-01-SIB-003-HOU,2024-08-01,sale,SIB-003,Houston,71,8.35
PUR-2024-08-01-SIB-003-HOU,2024-08-01,purchase,SIB-003,Houston,68,8.35
SAL-2024-08-01-SIB-003-PIT,2024-08-01,sale,SIB-003,Pittsburgh,58,8.35
PUR-2024-08-01-SIB-003-PIT,2024-08-01,purchase,SIB-003,Pittsburgh,56,8.35
SAL-2024-08-01-SIB-004-CHI,2024-08-01,sale,SIB-004,Chicago,115,7.16
PUR-2024-08-01-SIB-004-CHI,2024-08-01,purchase,SIB-004,Chicago,92,7.16
SAL-2024-08-01-SIB-004-HOU,2024-08-01,sale,SIB-004,Houston,93,7.16
PUR-2024-08-01-SIB-004-HOU,2024-08-01,purchase,SIB-004,Houston,108,7.16
SAL-2024-08-01-SIB-004-PIT,2024-08-01,sale,SIB-004,Pittsburgh,76,7.16
PUR-2024-08-01-SIB-004-PIT,2024-08-01,purchase,SIB-004,Pittsburgh,87,7.16
SAL-2024-08-01-SIB-005-CHI,2024-08-01,sale,SIB-005,Chicago,118,5.98
PUR-2024-08-01-SIB-005-CHI,2024-08-01,purchase,SIB-005,Chicago,111,5.98
SAL-2024-08-01-SIB-005-HOU,2024-08-01,sale,SIB-005,Houston,95,5.98
PUR-2024-08-01-SIB-005-HOU,2024-08-01,purchase,SIB-005,Houston,102,5.98
SAL-2024-08-01-SIB-005-PIT,2024-08-01,sale,SIB-005,Pittsburgh,59,5.98
PUR-2024-08-01-SIB-005-PIT,2024-08-01,purchase,SIB-005,Pittsburgh,79,5.98
SAL-2024-08-01-MOR-001-CHI,2024-08-01,sale,MOR-001,Chicago,12,815.21
PUR-2024-08-01-MOR-001-CHI,2024-08-01,purchase,MOR-001,Chicago,10,815.21
SAL-2024-08-01-MOR-001-HOU,2024-08-01,sale,MOR-001,Houston,11,815.21
PUR-2024-08-01-MOR-001-HOU,2024-08-01,purchase,MOR-001,Houston,12,815.21
SAL-2024-08-01-MOR-001-PIT,2024-08-01,sale,MOR-001,Pittsburgh,8,815.21
PUR-2024-08-01-MOR-001-PIT,2024-08-01,purchase,MOR-001,Pittsburgh,7,815.21
SAL-2024-08-01-MOR-002-CHI,2024-08-01,sale,MOR-002,Chicago,28,836.57
PUR-2024-08-01-MOR-002-CHI,2024-08-01,purchase,MOR-002,Chicago,21,836.57
SAL-2024-08-01-MOR-002-HOU,2024-08-01,sale,MOR-002,Houston,21,836.57
PUR-2024-08-01-MOR-002-HOU,2024-08-01,purchase,MOR-002,Houston,18,836.57
SAL-2024-08-01-MOR-002-PIT,2024-08-01,sale,MOR-002,Pittsburgh,16,836.57
PUR-2024-08-01-MOR-002-PIT,2024-08-01,purchase,MOR-002,Pittsburgh,17,836.57
SAL-2024-08-01-MOR-003-CHI,2024-08-01,sale,MOR-003,Chicago,20,549.69
PUR-2024-08-01-MOR-003-CHI,2024-08-01,purchase,MOR-003,Chicago,23,549.69
SAL-2024-08-01-MOR-003-HOU,2024-08-01,sale,MOR-003,Houston,17,549.69
PUR-2024-08-01-MOR-003-HOU,2024-08-01,purchase,MOR-003,Houston,20,549.69
SAL-2024-08-01-MOR-003-PIT,2024-08-01,sale,MOR-003,Pittsburgh,13,549.69
PUR-2024-08-01-MOR-003-PIT,2024-08-01,purchase,MOR-003,Pittsburgh,11,549.69
SAL-2024-08-01-MOR-004-CHI,2024-08-01,sale,MOR-004,Chicago,12,611.7
PUR-2024-08-01-MOR-004-CHI,2024-08-01,purchase,MOR-004,Chicago,16,611.7
SAL-2024-08-01-MOR-004-HOU,2024-08-01,sale,MOR-004,Houston,11,611.7
PUR-2024-08-01-MOR-004-HOU,2024-08-01,purchase,MOR-004,Houston,11,611.7
SAL-2024-08-01-MOR-004-PIT,2024-08-01,sale,MOR-004,Pittsburgh,7,611.7
PUR-2024-08-01-MOR-004-PIT,2024-08-01,purchase,MOR-004,Pittsburgh,7,611.7
SAL-2024-08-01-MOR-005-CHI,2024-08-01,sale,MOR-005,Chicago,12,806.99
PUR-2024-08-01-MOR-005-CHI,2024-08-01,purchase,MOR-005,Chicago,9,806.99
SAL-2024-08-01-MOR-005-HOU,2024-08-01,sale,MOR-005,Houston,10,806.99
PUR-2024-08-01-MOR-005-HOU,2024-08-01,purchase,MOR-005,Houston,9,806.99
SAL-2024-08-01-MOR-005-PIT,2024-08-01,sale,MOR-005,Pittsburgh,6,806.99
PUR-2024-08-01-MOR-005-PIT,2024-08-01,purchase,MOR-005,Pittsburgh,5,806.99
SAL-2024-08-01-INS-001-CHI,2024-08-01,sale,INS-001,Chicago,96,8.01
PUR-2024-08-01-INS-001-CHI,2024-08-01,purchase,INS-001,Chicago,80,8.01
SAL-2024-08-01-INS-001-HOU,2024-08-01,sale,INS-001,Houston,74,8.01
PUR-2024-08-01-INS-001-HOU,2024-08-01,purchase,INS-001,Houston,84,8.01
SAL-2024-08-01-INS-001-PIT,2024-08-01,sale,INS-001,Pittsburgh,46,8.01
PUR-2024-08-01-INS-001-PIT,2024-08-01,purchase,INS-001,Pittsburgh,49,8.01
SAL-2024-08-01-INS-002-CHI,2024-08-01,sale,INS-002,Chicago,81,15.77
PUR-2024-08-01-INS-002-CHI,2024-08-01,purchase,INS-002,Chicago,70,15.77
SAL-2024-08-01-INS-002-HOU,2024-08-01,sale,INS-002,Houston,64,15.77
PUR-2024-08-01-INS-002-HOU,2024-08-01,purchase,INS-002,Houston,59,15.77
SAL-2024-08-01-INS-002-PIT,2024-08-01,sale,INS-002,Pittsburgh,54,15.77
PUR-2024-08-01-INS-002-PIT,2024-08-01,purchase,INS-002,Pittsburgh,47,15.77
SAL-2024-08-01-INS-003-CHI,2024-08-01,sale,INS-003,Chicago,73,7.69
PUR-2024-08-01-INS-003-CHI,2024-08-01,purchase,INS-003,Chicago,84,7.69
SAL-2024-08-01-INS-003-HOU,2024-08-01,sale,INS-003,Houston,57,7.69
PUR-2024-08-01-INS-003-HOU,2024-08-01,purchase,INS-003,Houston,66,7.69
SAL-2024-08-01-INS-003-PIT,2024-08-01,sale,INS-003,Pittsburgh,41,7.69
PUR-2024-08-01-INS-003-PIT,2024-08-01,purchase,INS-003,Pittsburgh,49,7.69
SAL-2024-08-01-INS-004-CHI,2024-08-01,sale,INS-004,Chicago,69,18.22
PUR-2024-08-01-INS-004-CHI,2024-08-01,purchase,INS-004,Chicago,74,18.22
SAL-2024-08-01-INS-004-HOU,2024-08-01,sale,INS-004,Houston,68,18.22
PUR-2024-08-01-INS-004-HOU,2024-08-01,purchase,INS-004,Houston,64,18.22
SAL-2024-08-01-INS-004-PIT,2024-08-01,sale,INS-004,Pittsburgh,38,18.22
PUR-2024-08-01-INS-004-PIT,2024-08-01,purchase,INS-004,Pittsburgh,43,18.22
SAL-2024-08-01-INS-005-CHI,2024-08-01,sale,INS-005,Chicago,50,14.17
PUR-2024-08-01-INS-005-CHI,2024-08-01,purchase,INS-005,Chicago,51,14.17
SAL-2024-08-01-INS-005-HOU,2024-08-01,sale,INS-005,Houston,39,14.17
PUR-2024-08-01-INS-005-HOU,2024-08-01,purchase,INS-005,Houston,40,14.17
SAL-2024-08-01-INS-005-PIT,2024-08-01,sale,INS-005,Pittsburgh,29,14.17
PUR-2024-08-01-INS-005-PIT,2024-08-01,purchase,INS-005,Pittsburgh,34,14.17
SAL-2024-09-01-MCB-001-CHI,2024-09-01,sale,MCB-001,Chicago,133,11.82
PUR-2024-09-01-MCB-001-CHI,2024-09-01,purchase,MCB-001,Chicago,153,11.82
SAL-2024-09-01-MCB-001-HOU,2024-09-01,sale,MCB-001,Houston,92,11.82
PUR-2024-09-01-MCB-001-HOU,2024-09-01,purchase,MCB-001,Houston,87,11.82
SAL-2024-09-01-MCB-001-PIT,2024-09-01,sale,MCB-001,Pittsburgh,71,11.82
PUR-2024-09-01-MCB-001-PIT,2024-09-01,purchase,MCB-001,Pittsburgh,95,11.82
SAL-2024-09-01-MCB-002-CHI,2024-09-01,sale,MCB-002,Chicago,204,10.69
PUR-2024-09-01-MCB-002-CHI,2024-09-01,purchase,MCB-002,Chicago,179,10.69
SAL-2024-09-01-MCB-002-HOU,2024-09-01,sale,MCB-002,Houston,126,10.69
PUR-2024-09-01-MCB-002-HOU,2024-09-01,purchase,MCB-002,Houston,128,10.69
SAL-2024-09-01-MCB-002-PIT,2024-09-01,sale,MCB-002,Pittsburgh,120,10.69
PUR-2024-09-01-MCB-002-PIT,2024-09-01,purchase,MCB-002,Pittsburgh,129,10.69
SAL-2024-09-01-MCB-003-CHI,2024-09-01,sale,MCB-003,Chicago,140,10.72
PUR-2024-09-01-MCB-003-CHI,2024-09-01,purchase,MCB-003,Chicago,152,10.72
SAL-2024-09-01-MCB-003-HOU,2024-09-01,sale,MCB-003,Houston,93,10.72
PUR-2024-09-01-MCB-003-HOU,2024-09-01,purchase,MCB-003,Houston,101,10.72
SAL-2024-09-01-MCB-003-PIT,2024-09-01,sale,MCB-003,Pittsburgh,85,10.72
PUR-2024-09-01-MCB-003-PIT,2024-09-01,purchase,MCB-003,Pittsburgh,69,10.72
SAL-2024-09-01-MCB-004-CHI,2024-09-01,sale,MCB-004,Chicago,128,12.11
PUR-2024-09-01-MCB-004-CHI,2024-09-01,purchase,MCB-004,Chicago,128,12.11
SAL-2024-09-01-MCB-004-HOU,2024-09-01,sale,MCB-004,Houston,93,12.11
PUR-2024-09-01-MCB-004-HOU,2024-09-01,purchase,MCB-004,Houston,112,12.11
SAL-2024-09-01-MCB-004-PIT,2024-09-01,sale,MCB-004,Pittsburgh,98,12.11
PUR-2024-09-01-MCB-004-PIT,2024-09-01,purchase,MCB-004,Pittsburgh,90,12.11
SAL-2024-09-01-MCB-005-CHI,2024-09-01,sale,MCB-005,Chicago,137,12.46
PUR-2024-09-01-MCB-005-CHI,2024-09-01,purchase,MCB-005,Chicago,136,12.46
SAL-2024-09-01-MCB-005-HOU,2024-09-01,sale,MCB-005,Houston,99,12.46
PUR-2024-09-01-MCB-005-HOU,2024-09-01,purchase,MCB-005,Houston,116,12.46
SAL-2024-09-01-MCB-005-PIT,2024-09-01,sale,MCB-005,Pittsburgh,78,12.46
PUR-2024-09-01-MCB-005-PIT,2024-09-01,purchase,MCB-005,Pittsburgh,102,12.46
SAL-2024-09-01-HAB-001-CHI,2024-09-01,sale,HAB-001,Chicago,125,9.1
PUR-2024-09-01-HAB-001-CHI,2024-09-01,purchase,HAB-001,Chicago,165,9.1
SAL-2024-09-01-HAB-001-HOU,2024-09-01,sale,HAB-001,Houston,115,9.1
PUR-2024-09-01-HAB-001-HOU,2024-09-01,purchase,HAB-001,Houston,95,9.1
SAL-2024-09-01-HAB-001-PIT,2024-09-01,sale,HAB-001,Pittsburgh,82,9.1
PUR-2024-09-01-HAB-001-PIT,2024-09-01,purchase,HAB-001,Pittsburgh,78,9.1
SAL-2024-09-01-HAB-002-CHI,2024-09-01,sale,HAB-002,Chicago,87,8.92
PUR-2024-09-01-HAB-002-CHI,2024-09-01,purchase,HAB-002,Chicago,81,8.92
SAL-2024-09-01-HAB-002-HOU,2024-09-01,sale,HAB-002,Houston,74,8.92
PUR-2024-09-01-HAB-002-HOU,2024-09-01,purchase,HAB-002,Houston,81,8.92
SAL-2024-09-01-HAB-002-PIT,2024-09-01,sale,HAB-002,Pittsburgh,61,8.92
PUR-2024-09-01-HAB-002-PIT,2024-09-01,purchase,HAB-002,Pittsburgh,59,8.92
SAL-2024-09-01-HAB-003-CHI,2024-09-01,sale,HAB-003,Chicago,123,6.1
PUR-2024-09-01-HAB-003-CHI,2024-09-01,purchase,HAB-003,Chicago,100,6.1
SAL-2024-09-01-HAB-003-HOU,2024-09-01,sale,HAB-003,Houston,105,6.1
PUR-2024-09-01-HAB-003-HOU,2024-09-01,purchase,HAB-003,Houston,94,6.1
SAL-2024-09-01-HAB-003-PIT,2024-09-01,sale,HAB-003,Pittsburgh,77,6.1
PUR-2024-09-01-HAB-003-PIT,2024-09-01,purchase,HAB-003,Pittsburgh,78,6.1
SAL-2024-09-01-HAB-004-CHI,2024-09-01,sale,HAB-004,Chicago,120,8.31
PUR-2024-09-01-HAB-004-CHI,2024-09-01,purchase,HAB-004,Chicago,103,8.31
SAL-2024-09-01-HAB-004-HOU,2024-09-01,sale,HAB-004,Houston,85,8.31
PUR-2024-09-01-HAB-004-HOU,2024-09-01,purchase,HAB-004,Houston,89,8.31
SAL-2024-09-01-HAB-004-PIT,2024-09-01,sale,HAB-004,Pittsburgh,72,8.31
PUR-2024-09-01-HAB-004-PIT,2024-09-01,purchase,HAB-004,Pittsburgh,66,8.31
SAL-2024-09-01-HAB-005-CHI,2024-09-01,sale,HAB-005,Chicago,74,7.4
PUR-2024-09-01-HAB-005-CHI,2024-09-01,purchase,HAB-005,Chicago,93,7.4
SAL-2024-09-01-HAB-005-HOU,2024-09-01,sale,HAB-005,Houston,62,7.4
PUR-2024-09-01-HAB-005-HOU,2024-09-01,purchase,HAB-005,Houston,68,7.4
SAL-2024-09-01-HAB-005-PIT,2024-09-01,sale,HAB-005,Pittsburgh,42,7.4
PUR-2024-09-01-HAB-005-PIT,2024-09-01,purchase,HAB-005,Pittsburgh,48,7.4
SAL-2024-09-01-CAS-001-CHI,2024-09-01,sale,CAS-001,Chicago,21,1238.72
PUR-2024-09-01-CAS-001-CHI,2024-09-01,purchase,CAS-001,Chicago,25,1238.72
SAL-2024-09-01-CAS-001-HOU,2024-09-01,sale,CAS-001,Houston,20,1238.72
PUR-2024-09-01-CAS-001-HOU,2024-09-01,purchase,CAS-001,Houston,22,1238.72
SAL-2024-09-01-CAS-001-PIT,2024-09-01,sale,CAS-001,Pittsburgh,13,1238.72
PUR-2024-09-01-CAS-001-PIT,2024-09-01,purchase,CAS-001,Pittsburgh,17,1238.72
SAL-2024-09-01-CAS-002-CHI,2024-09-01,sale,CAS-002,Chicago,17,1129.98
PUR-2024-09-01-CAS-002-CHI,2024-09-01,purchase,CAS-002,Chicago,16,1129.98
SAL-2024-09-01-CAS-002-HOU,2024-09-01,sale,CAS-002,Houston,15,1129.98
PUR-2024-09-01-CAS-002-HOU,2024-09-01,purchase,CAS-002,Houston,19,1129.98
SAL-2024-09-01-CAS-002-PIT,2024-09-01,sale,CAS-002,Pittsburgh,11,1129.98
PUR-2024-09-01-CAS-002-PIT,2024-09-01,purchase,CAS-002,Pittsburgh,12,1129.98
SAL-2024-09-01-CAS-003-CHI,2024-09-01,sale,CAS-003,Chicago,18,1201.89
PUR-2024-09-01-CAS-003-CHI,2024-09-01,purchase,CAS-003,Chicago,13,1201.89
SAL-2024-09-01-CAS-003-HOU,2024-09-01,sale,CAS-003,Houston,12,1201.89
PUR-2024-09-01-CAS-003-HOU,2024-09-01,purchase,CAS-003,Houston,15,1201.89
SAL-2024-09-01-CAS-003-PIT,2024-09-01,sale,CAS-003,Pittsburgh,9,1201.89
PUR-2024-09-01-CAS-003-PIT,2024-09-01,purchase,CAS-003,Pittsburgh,9,1201.89
SAL-2024-09-01-CAS-004-CHI,2024-09-01,sale,CAS-004,Chicago,33,820.97
PUR-2024-09-01-CAS-004-CHI,2024-09-01,purchase,CAS-004,Chicago,38,820.97
SAL-2024-09-01-CAS-004-HOU,2024-09-01,sale,CAS-004,Houston,22,820.97
PUR-2024-09-01-CAS-004-HOU,2024-09-01,purchase,CAS-004,Houston,29,820.97
SAL-2024-09-01-CAS-004-PIT,2024-09-01,sale,CAS-004,Pittsburgh,21,820.97
PUR-2024-09-01-CAS-004-PIT,2024-09-01,purchase,CAS-004,Pittsburgh,18,820.97
SAL-2024-09-01-CAS-005-CHI,2024-09-01,sale,CAS-005,Chicago,14,1039.4
PUR-2024-09-01-CAS-005-CHI,2024-09-01,purchase,CAS-005,Chicago,14,1039.4
SAL-2024-09-01-CAS-005-HOU,2024-09-01,sale,CAS-005,Houston,16,1039.4
PUR-2024-09-01-CAS-005-HOU,2024-09-01,purchase,CAS-005,Houston,16,1039.4
SAL-2024-09-01-CAS-005-PIT,2024-09-01,sale,CAS-005,Pittsburgh,12,1039.4
PUR-2024-09-01-CAS-005-PIT,2024-09-01,purchase,CAS-005,Pittsburgh,8,1039.4
SAL-2024-09-01-SIB-001-CHI,2024-09-01,sale,SIB-001,Chicago,55,7.47
PUR-2024-09-01-SIB-001-CHI,2024-09-01,purchase,SIB-001,Chicago,77,7.47
SAL-2024-09-01-SIB-001-HOU,2024-09-01,sale,SIB-001,Houston,46,7.47
PUR-2024-09-01-SIB-001-HOU,2024-09-01,purchase,SIB-001,Houston,53,7.47
SAL-2024-09-01-SIB-001-PIT,2024-09-01,sale,SIB-001,Pittsburgh,46,7.47
PUR-2024-09-01-SIB-001-PIT,2024-09-01,purchase,SIB-001,Pittsburgh,43,7.47
SAL-2024-09-01-SIB-002-CHI,2024-09-01,sale,SIB-002,Chicago,103,6.57
PUR-2024-09-01-SIB-002-CHI,2024-09-01,purchase,SIB-002,Chicago,125,6.57
SAL-2024-09-01-SIB-002-HOU,2024-09-01,sale,SIB-002,Houston,76,6.57
PUR-2024-09-01-SIB-002-HOU,2024-09-01,purchase,SIB-002,Houston,107,6.57
SAL-2024-09-01-SIB-002-PIT,2024-09-01,sale,SIB-002,Pittsburgh,76,6.57
PUR-2024-09-01-SIB-002-PIT,2024-09-01,purchase,SIB-002,Pittsburgh,54,6.57
SAL-2024-09-01-SIB-003-CHI,2024-09-01,sale,SIB-003,Chicago,66,8.35
PUR-2024-09-01-SIB-003-CHI,2024-09-01,purchase,SIB-003,Chicago,73,8.35
SAL-2024-09-01-SIB-003-HOU,2024-09-01,sale,SIB-003,Houston,58,8.35
PUR-2024-09-01-SIB-003-HOU,2024-09-01,purchase,SIB-003,Houston,67,8.35
SAL-2024-09-01-SIB-003-PIT,2024-09-01,sale,SIB-003,Pittsburgh,54,8.35
PUR-2024-09-01-SIB-003-PIT,2024-09-01,purchase,SIB-003,Pittsburgh,57,8.35
SAL-2024-09-01-SIB-004-CHI,2024-09-01,sale,SIB-004,Chicago,92,7.16
PUR-2024-09-01-SIB-004-CHI,2024-09-01,purchase,SIB-004,Chicago,127,7.16
SAL-2024-09-01-SIB-004-HOU,2024-09-01,sale,SIB-004,Houston,79,7.16
PUR-2024-09-01-SIB-004-HOU,2024-09-01,purchase,SIB-004,Houston,88,7.16
SAL-2024-09-01-SIB-004-PIT,2024-09-01,sale,SIB-004,Pittsburgh,55,7.16
PUR-2024-09-01-SIB-004-PIT,2024-09-01,purchase,SIB-004,Pittsburgh,74,7.16
SAL-2024-09-01-SIB-005-CHI,2024-09-01,sale,SIB-005,Chicago,109,5.98
PUR-2024-09-01-SIB-005-CHI,2024-09-01,purchase,SIB-005,Chicago,79,5.98
SAL-2024-09-01-SIB-005-HOU,2024-09-01,sale,SIB-005,Houston,87,5.98
PUR-2024-09-01-SIB-005-HOU,2024-09-01,purchase,SIB-005,Houston,72,5.98
SAL-2024-09-01-SIB-005-PIT,2024-09-01,sale,SIB-005,Pittsburgh,62,5.98
PUR-2024-09-01-SIB-005-PIT,2024-09-01,purchase,SIB-005,Pittsburgh,55,5.98
SAL-2024-09-01-MOR-001-CHI,2024-09-01,sale,MOR-001,Chicago,11,815.21
PUR-2024-09-01-MOR-001-CHI,2024-09-01,purchase,MOR-001,Chicago,10,815.21
SAL-2024-09-01-MOR-001-HOU,2024-09-01,sale,MOR-001,Houston,8,815.21
PUR-2024-09-01-MOR-001-HOU,2024-09-01,purchase,MOR-001,Houston,7,815.21
SAL-2024-09-01-MOR-001-PIT,2024-09-01,sale,MOR-001,Pittsburgh,8,815.21
PUR-2024-09-01-MOR-001-PIT,2024-09-01,purchase,MOR-001,Pittsburgh,7,815.21
SAL-2024-09-01-MOR-002-CHI,2024-09-01,sale,MOR-002,Chicago,24,836.57
PUR-2024-09-01-MOR-002-CHI,2024-09-01,purchase,MOR-002,Chicago,20,836.57
SAL-2024-09-01-MOR-002-HOU,2024-09-01,sale,MOR-002,Houston,23,836.57
PUR-2024-09-01-MOR-002-HOU,2024-09-01,purchase,MOR-002,Houston,22,836.57
SAL-2024-09-01-MOR-002-PIT,2024-09-01,sale,MOR-002,Pittsburgh,17,836.57
PUR-2024-09-01-MOR-002-PIT,2024-09-01,purchase,MOR-002,Pittsburgh,17,836.57
SAL-2024-09-01-MOR-003-CHI,2024-09-01,sale,MOR-003,Chicago,18,549.69
PUR-2024-09-01-MOR-003-CHI,2024-09-01,purchase,MOR-003,Chicago,22,549.69
SAL-2024-09-01-MOR-003-HOU,2024-09-01,sale,MOR-003,Houston,18,549.69
PUR-2024-09-01-MOR-003-HOU,2024-09-01,purchase,MOR-003,Houston,18,549.69
SAL-2024-09-01-MOR-003-PIT,2024-09-01,sale,MOR-003,Pittsburgh,11,549.69
PUR-2024-09-01-MOR-003-PIT,2024-09-01,purchase,MOR-003,Pittsburgh,13,549.69
SAL-2024-09-01-MOR-004-CHI,2024-09-01,sale,MOR-004,Chicago,12,611.7
PUR-2024-09-01-MOR-004-CHI,2024-09-01,purchase,MOR-004,Chicago,15,611.7
SAL-2024-09-01-MOR-004-HOU,2024-09-01,sale,MOR-004,Houston,12,611.7
PUR-2024-09-01-MOR-004-HOU,2024-09-01,purchase,MOR-004,Houston,10,611.7
SAL-2024-09-01-MOR-004-PIT,2024-09-01,sale,MOR-004,Pittsburgh,9,611.7
PUR-2024-09-01-MOR-004-PIT,2024-09-01,purchase,MOR-004,Pittsburgh,8,611.7
SAL-2024-09-01-MOR-005-CHI,2024-09-01,sale,MOR-005,Chicago,11,806.99
PUR-2024-09-01-MOR-005-CHI,2024-09-01,purchase,MOR-005,Chicago,9,806.99
SAL-2024-09-01-MOR-005-HOU,2024-09-01,sale,MOR-005,Houston,8,806.99
PUR-2024-09-01-MOR-005-HOU,2024-09-01,purchase,MOR-005,Houston,8,806.99
SAL-2024-09-01-MOR-005-PIT,2024-09-01,sale,MOR-005,Pittsburgh,6,806.99
PUR-2024-09-01-MOR-005-PIT,2024-09-01,purchase,MOR-005,Pittsburgh,6,806.99
SAL-2024-09-01-INS-001-CHI,2024-09-01,sale,INS-001,Chicago,83,8.01
PUR-2024-09-01-INS-001-CHI,2024-09-01,purchase,INS-001,Chicago,103,8.01
SAL-2024-09-01-INS-001-HOU,2024-09-01,sale,INS-001,Houston,61,8.01
PUR-2024-09-01-INS-001-HOU,2024-09-01,purchase,INS-001,Houston,78,8.01
SAL-2024-09-01-INS-001-PIT,2024-09-01,sale,INS-001,Pittsburgh,48,8.01
PUR-2024-09-01-INS-001-PIT,2024-09-01,purchase,INS-001,Pittsburgh,52,8.01
SAL-2024-09-01-INS-002-CHI,2024-09-01,sale,INS-002,Chicago,84,15.77
PUR-2024-09-01-INS-002-CHI,2024-09-01,purchase,INS-002,Chicago,90,15.77
SAL-2024-09-01-INS-002-HOU,2024-09-01,sale,INS-002,Houston,62,15.77
PUR-2024-09-01-INS-002-HOU,2024-09-01,purchase,INS-002,Houston,57,15.77
SAL-2024-09-01-INS-002-PIT,2024-09-01,sale,INS-002,Pittsburgh,55,15.77
PUR-2024-09-01-INS-002-PIT,2024-09-01,purchase,INS-002,Pittsburgh,44,15.77
SAL-2024-09-01-INS-003-CHI,2024-09-01,sale,INS-003,Chicago,59,7.69
PUR-2024-09-01-INS-003-CHI,2024-09-01,purchase,INS-003,Chicago,60,7.69
SAL-2024-09-01-INS-003-HOU,2024-09-01,sale,INS-003,Houston,47,7.69
PUR-2024-09-01-INS-003-HOU,2024-09-01,purchase,INS-003,Houston,62,7.69
SAL-2024-09-01-INS-003-PIT,2024-09-01,sale,INS-003,Pittsburgh,40,7.69
PUR-2024-09-01-INS-003-PIT,2024-09-01,purchase,INS-003,Pittsburgh,46,7.69
SAL-2024-09-01-INS-004-CHI,2024-09-01,sale,INS-004,Chicago,68,18.22
PUR-2024-09-01-INS-004-CHI,2024-09-01,purchase,INS-004,Chicago,78,18.22
SAL-2024-09-01-INS-004-HOU,2024-09-01,sale,INS-004,Houston,62,18.22
PUR-2024-09-01-INS-004-HOU,2024-09-01,purchase,INS-004,Houston,44,18.22
SAL-2024-09-01-INS-004-PIT,2024-09-01,sale,INS-004,Pittsburgh,48,18.22
PUR-2024-09-01-INS-004-PIT,2024-09-01,purchase,INS-004,Pittsburgh,37,18.22
SAL-2024-09-01-INS-005-CHI,2024-09-01,sale,INS-005,Chicago,50,14.17
PUR-2024-09-01-INS-005-CHI,2024-09-01,purchase,INS-005,Chicago,54,14.17
SAL-2024-09-01-INS-005-HOU,2024-09-01,sale,INS-005,Houston,39,14.17
PUR-2024-09-01-INS-005-HOU,2024-09-01,purchase,INS-005,Houston,33,14.17
SAL-2024-09-01-INS-005-PIT,2024-09-01,sale,INS-005,Pittsburgh,31,14.17
PUR-2024-09-01-INS-005-PIT,2024-09-01,purchase,INS-005,Pittsburgh,30,14.17
SAL-2024-10-01-MCB-001-CHI,2024-10-01,sale,MCB-001,Chicago,115,11.82
PUR-2024-10-01-MCB-001-CHI,2024-10-01,purchase,MCB-001,Chicago,109,11.82
SAL-2024-10-01-MCB-001-HOU,2024-10-01,sale,MCB-001,Houston,106,11.82
PUR-2024-10-01-MCB-001-HOU,2024-10-01,purchase,MCB-001,Houston,107,11.82
SAL-2024-10-01-MCB-001-PIT,2024-10-01,sale,MCB-001,Pittsburgh,88,11.82
PUR-2024-10-01-MCB-001-PIT,2024-10-01,purchase,MCB-001,Pittsburgh,61,11.82
SAL-2024-10-01-MCB-002-CHI,2024-10-01,sale,MCB-002,Chicago,193,10.69
PUR-2024-10-01-MCB-002-CHI,2024-10-01,purchase,MCB-002,Chicago,198,10.69
SAL-2024-10-01-MCB-002-HOU,2024-10-01,sale,MCB-002,Houston,161,10.69
PUR-2024-10-01-MCB-002-HOU,2024-10-01,purchase,MCB-002,Houston,153,10.69
SAL-2024-10-01-MCB-002-PIT,2024-10-01,sale,MCB-002,Pittsburgh,111,10.69
PUR-2024-10-01-MCB-002-PIT,2024-10-01,purchase,MCB-002,Pittsburgh,85,10.69
SAL-2024-10-01-MCB-003-CHI,2024-10-01,sale,MCB-003,Chicago,135,10.72
PUR-2024-10-01-MCB-003-CHI,2024-10-01,purchase,MCB-003,Chicago,95,10.72
SAL-2024-10-01-MCB-003-HOU,2024-10-01,sale,MCB-003,Houston,93,10.72
PUR-2024-10-01-MCB-003-HOU,2024-10-01,purchase,MCB-003,Houston,115,10.72
SAL-2024-10-01-MCB-003-PIT,2024-10-01,sale,MCB-003,Pittsburgh,70,10.72
PUR-2024-10-01-MCB-003-PIT,2024-10-01,purchase,MCB-003,Pittsburgh,81,10.72
SAL-2024-10-01-MCB-004-CHI,2024-10-01,sale,MCB-004,Chicago,130,12.11
PUR-2024-10-01-MCB-004-CHI,2024-10-01,purchase,MCB-004,Chicago,124,12.11
SAL-2024-10-01-MCB-004-HOU,2024-10-01,sale,MCB-004,Houston,114,12.11
PUR-2024-10-01-MCB-004-HOU,2024-10-01,purchase,MCB-004,Houston,122,12.11
SAL-2024-10-01-MCB-004-PIT,2024-10-01,sale,MCB-004,Pittsburgh,77,12.11
PUR-2024-10-01-MCB-004-PIT,2024-10-01,purchase,MCB-004,Pittsburgh,71,12.11
SAL-2024-10-01-MCB-005-CHI,2024-10-01,sale,MCB-005,Chicago,116,12.46
PUR-2024-10-01-MCB-005-CHI,2024-10-01,purchase,MCB-005,Chicago,114,12.46
SAL-2024-10-01-MCB-005-HOU,2024-10-01,sale,MCB-005,Houston,102,12.46
PUR-2024-10-01-MCB-005-HOU,2024-10-01,purchase,MCB-005,Houston,113,12.46
SAL-2024-10-01-MCB-005-PIT,2024-10-01,sale,MCB-005,Pittsburgh,87,12.46
PUR-2024-10-01-MCB-005-PIT,2024-10-01,purchase,MCB-005,Pittsburgh,87,12.46
SAL-2024-10-01-HAB-001-CHI,2024-10-01,sale,HAB-001,Chicago,122,9.1
PUR-2024-10-01-HAB-001-CHI,2024-10-01,purchase,HAB-001,Chicago,118,9.1
SAL-2024-10-01-HAB-001-HOU,2024-10-01,sale,HAB-001,Houston,125,9.1
PUR-2024-10-01-HAB-001-HOU,2024-10-01,purchase,HAB-001,Houston,116,9.1
SAL-2024-10-01-HAB-001-PIT,2024-10-01,sale,HAB-001,Pittsburgh,96,9.1
PUR-2024-10-01-HAB-001-PIT,2024-10-01,purchase,HAB-001,Pittsburgh,81,9.1
SAL-2024-10-01-HAB-002-CHI,2024-10-01,sale,HAB-002,Chicago,87,8.92
PUR-2024-10-01-HAB-002-CHI,2024-10-01,purchase,HAB-002,Chicago,110,8.92
SAL-2024-10-01-HAB-002-HOU,2024-10-01,sale,HAB-002,Houston,75,8.92
PUR-2024-10-01-HAB-002-HOU,2024-10-01,purchase,HAB-002,Houston,68,8.92
SAL-2024-10-01-HAB-002-PIT,2024-10-01,sale,HAB-002,Pittsburgh,48,8.92
PUR-2024-10-01-HAB-002-PIT,2024-10-01,purchase,HAB-002,Pittsburgh,59,8.92
SAL-2024-10-01-HAB-003-CHI,2024-10-01,sale,HAB-003,Chicago,129,6.1
PUR-2024-10-01-HAB-003-CHI,2024-10-01,purchase,HAB-003,Chicago,139,6.1
SAL-2024-10-01-HAB-003-HOU,2024-10-01,sale,HAB-003,Houston,81,6.1
PUR-2024-10-01-HAB-003-HOU,2024-10-01,purchase,HAB-003,Houston,107,6.1
SAL-2024-10-01-HAB-003-PIT,2024-10-01,sale,HAB-003,Pittsburgh,66,6.1
PUR-2024-10-01-HAB-003-PIT,2024-10-01,purchase,HAB-003,Pittsburgh,56,6.1
SAL-2024-10-01-HAB-004-CHI,2024-10-01,sale,HAB-004,Chicago,114,8.31
PUR-2024-10-01-HAB-004-CHI,2024-10-01,purchase,HAB-004,Chicago,105,8.31
SAL-2024-10-01-HAB-004-HOU,2024-10-01,sale,HAB-004,Houston,73,8.31
PUR-2024-10-01-HAB-004-HOU,2024-10-01,purchase,HAB-004,Houston,78,8.31
SAL-2024-10-01-HAB-004-PIT,2024-10-01,sale,HAB-004,Pittsburgh,54,8.31
PUR-2024-10-01-HAB-004-PIT,2024-10-01,purchase,HAB-004,Pittsburgh,72,8.31
SAL-2024-10-01-HAB-005-CHI,2024-10-01,sale,HAB-005,Chicago,85,7.4
PUR-2024-10-01-HAB-005-CHI,2024-10-01,purchase,HAB-005,Chicago,79,7.4
SAL-2024-10-01-HAB-005-HOU,2024-10-01,sale,HAB-005,Houston,61,7.4
PUR-2024-10-01-HAB-005-HOU,2024-10-01,purchase,HAB-005,Houston,56,7.4
SAL-2024-10-01-HAB-005-PIT,2024-10-01,sale,HAB-005,Pittsburgh,56,7.4
PUR-2024-10-01-HAB-005-PIT,2024-10-01,purchase,HAB-005,Pittsburgh,58,7.4
SAL-2024-10-01-CAS-001-CHI,2024-10-01,sale,CAS-001,Chicago,24,1238.72
PUR-2024-10-01-CAS-001-CHI,2024-10-01,purchase,CAS-001,Chicago,24,1238.72
SAL-2024-10-01-CAS-001-HOU,2024-10-01,sale,CAS-001,Houston,15,1238.72
PUR-2024-10-01-CAS-001-HOU,2024-10-01,purchase,CAS-001,Houston,16,1238.72
SAL-2024-10-01-CAS-001-PIT,2024-10-01,sale,CAS-001,Pittsburgh,16,1238.72
PUR-2024-10-01-CAS-001-PIT,2024-10-01,purchase,CAS-001,Pittsburgh,12,1238.72
SAL-2024-10-01-CAS-002-CHI,2024-10-01,sale,CAS-002,Chicago,21,1129.98
PUR-2024-10-01-CAS-002-CHI,2024-10-01,purchase,CAS-002,Chicago,19,1129.98
SAL-2024-10-01-CAS-002-HOU,2024-10-01,sale,CAS-002,Houston,16,1129.98
PUR-2024-10-01-CAS-002-HOU,2024-10-01,purchase,CAS-002,Houston,13,1129.98
SAL-2024-10-01-CAS-002-PIT,2024-10-01,sale,CAS-002,Pittsburgh,12,1129.98
PUR-2024-10-01-CAS-002-PIT,2024-10-01,purchase,CAS-002,Pittsburgh,14,1129.98
SAL-2024-10-01-CAS-003-CHI,2024-10-01,sale,CAS-003,Chicago,15,1201.89
PUR-2024-10-01-CAS-003-CHI,2024-10-01,purchase,CAS-003,Chicago,15,1201.89
SAL-2024-10-01-CAS-003-HOU,2024-10-01,sale,CAS-003,Houston,11,1201.89
PUR-2024-10-01-CAS-003-HOU,2024-10-01,purchase,CAS-003,Houston,10,1201.89
SAL-2024-10-01-CAS-003-PIT,2024-10-01,sale,CAS-003,Pittsburgh,9,1201.89
PUR-2024-10-01-CAS-003-PIT,2024-10-01,purchase,CAS-003,Pittsburgh,11,1201.89
SAL-2024-10-01-CAS-004-CHI,2024-10-01,sale,CAS-004,Chicago,28,820.97
PUR-2024-10-01-CAS-004-CHI,2024-10-01,purchase,CAS-004,Chicago,26,820.97
SAL-2024-10-01-CAS-004-HOU,2024-10-01,sale,CAS-004,Houston,19,820.97
PUR-2024-10-01-CAS-004-HOU,2024-10-01,purchase,CAS-004,Houston,21,820.97
SAL-2024-10-01-CAS-004-PIT,2024-10-01,sale,CAS-004,Pittsburgh,17,820.97
PUR-2024-10-01-CAS-004-PIT,2024-10-01,purchase,CAS-004,Pittsburgh,16,820.97
SAL-2024-10-01-CAS-005-CHI,2024-10-01,sale,CAS-005,Chicago,17,1039.4
PUR-2024-10-01-CAS-005-CHI,2024-10-01,purchase,CAS-005,Chicago,16,1039.4
SAL-2024-10-01-CAS-005-HOU,2024-10-01,sale,CAS-005,Houston,13,1039.4
PUR-2024-10-01-CAS-005-HOU,2024-10-01,purchase,CAS-005,Houston,11,1039.4
SAL-2024-10-01-CAS-005-PIT,2024-10-01,sale,CAS-005,Pittsburgh,9,1039.4
PUR-2024-10-01-CAS-005-PIT,2024-10-01,purchase,CAS-005,Pittsburgh,9,1039.4
SAL-2024-10-01-SIB-001-CHI,2024-10-01,sale,SIB-001,Chicago,56,7.47
PUR-2024-10-01-SIB-001-CHI,2024-10-01,purchase,SIB-001,Chicago,70,7.47
SAL-2024-10-01-SIB-001-HOU,2024-10-01,sale,SIB-001,Houston,45,7.47
PUR-2024-10-01-SIB-001-HOU,2024-10-01,purchase,SIB-001,Houston,56,7.47
SAL-2024-10-01-SIB-001-PIT,2024-10-01,sale,SIB-001,Pittsburgh,42,7.47
PUR-2024-10-01-SIB-001-PIT,2024-10-01,purchase,SIB-001,Pittsburgh,46,7.47
SAL-2024-10-01-SIB-002-CHI,2024-10-01,sale,SIB-002,Chicago,132,6.57
PUR-2024-10-01-SIB-002-CHI,2024-10-01,purchase,SIB-002,Chicago,104,6.57
SAL-2024-10-01-SIB-002-HOU,2024-10-01,sale,SIB-002,Houston,74,6.57
PUR-2024-10-01-SIB-002-HOU,2024-10-01,purchase,SIB-002,Houston,70,6.57
SAL-2024-10-01-SIB-002-PIT,2024-10-01,sale,SIB-002,Pittsburgh,59,6.57
PUR-2024-10-01-SIB-002-PIT,2024-10-01,purchase,SIB-002,Pittsburgh,62,6.57
SAL-2024-10-01-SIB-003-CHI,2024-10-01,sale,SIB-003,Chicago,77,8.35
PUR-2024-10-01-SIB-003-CHI,2024-10-01,purchase,SIB-003,Chicago,90,8.35
SAL-2024-10-01-SIB-003-HOU,2024-10-01,sale,SIB-003,Houston,55,8.35
PUR-2024-10-01-SIB-003-HOU,2024-10-01,purchase,SIB-003,Houston,55,8.35
SAL-2024-10-01-SIB-003-PIT,2024-10-01,sale,SIB-003,Pittsburgh,54,8.35
PUR-2024-10-01-SIB-003-PIT,2024-10-01,purchase,SIB-003,Pittsburgh,41,8.35
SAL-2024-10-01-SIB-004-CHI,2024-10-01,sale,SIB-004,Chicago,110,7.16
PUR-2024-10-01-SIB-004-CHI,2024-10-01,purchase,SIB-004,Chicago,117,7.16
SAL-2024-10-01-SIB-004-HOU,2024-10-01,sale,SIB-004,Houston,92,7.16
PUR-2024-10-01-SIB-004-HOU,2024-10-01,purchase,SIB-004,Houston,76,7.16
SAL-2024-10-01-SIB-004-PIT,2024-10-01,sale,SIB-004,Pittsburgh,57,7.16
PUR-2024-10-01-SIB-004-PIT,2024-10-01,purchase,SIB-004,Pittsburgh,54,7.16
SAL-2024-10-01-SIB-005-CHI,2024-10-01,sale,SIB-005,Chicago,112,5.98
PUR-2024-10-01-SIB-005-CHI,2024-10-01,purchase,SIB-005,Chicago,100,5.98
SAL-2024-10-01-SIB-005-HOU,2024-10-01,sale,SIB-005,Houston,90,5.98
PUR-2024-10-01-SIB-005-HOU,2024-10-01,purchase,SIB-005,Houston,69,5.98
SAL-2024-10-01-SIB-005-PIT,2024-10-01,sale,SIB-005,Pittsburgh,65,5.98
PUR-2024-10-01-SIB-005-PIT,2024-10-01,purchase,SIB-005,Pittsburgh,55,5.98
SAL-2024-10-01-MOR-001-CHI,2024-10-01,sale,MOR-001,Chicago,13,815.21
PUR-2024-10-01-MOR-001-CHI,2024-10-01,purchase,MOR-001,Chicago,11,815.21
SAL-2024-10-01-MOR-001-HOU,2024-10-01,sale,MOR-001,Houston,10,815.21
PUR-2024-10-01-MOR-001-HOU,2024-10-01,purchase,MOR-001,Houston,9,815.21
SAL-2024-10-01-MOR-001-PIT,2024-10-01,sale,MOR-001,Pittsburgh,7,815.21
PUR-2024-10-01-MOR-001-PIT,2024-10-01,purchase,MOR-001,Pittsburgh,6,815.21
SAL-2024-10-01-MOR-002-CHI,2024-10-01,sale,MOR-002,Chicago,24,836.57
PUR-2024-10-01-MOR-002-CHI,2024-10-01,purchase,MOR-002,Chicago,25,836.57
SAL-2024-10-01-MOR-002-HOU,2024-10-01,sale,MOR-002,Houston,21,836.57
PUR-2024-10-01-MOR-002-HOU,2024-10-01,purchase,MOR-002,Houston,19,836.57
SAL-2024-10-01-MOR-002-PIT,2024-10-01,sale,MOR-002,Pittsburgh,16,836.57
PUR-2024-10-01-MOR-002-PIT,2024-10-01,purchase,MOR-002,Pittsburgh,15,836.57
SAL-2024-10-01-MOR-003-CHI,2024-10-01,sale,MOR-003,Chicago,21,549.69
PUR-2024-10-01-MOR-003-CHI,2024-10-01,purchase,MOR-003,Chicago,22,549.69
SAL-2024-10-01-MOR-003-HOU,2024-10-01,sale,MOR-003,Houston,16,549.69
PUR-2024-10-01-MOR-003-HOU,2024-10-01,purchase,MOR-003,Houston,13,549.69
SAL-2024-10-01-MOR-003-PIT,2024-10-01,sale,MOR-003,Pittsburgh,11,549.69
PUR-2024-10-01-MOR-003-PIT,2024-10-01,purchase,MOR-003,Pittsburgh,13,549.69
SAL-2024-10-01-MOR-004-CHI,2024-10-01,sale,MOR-004,Chicago,13,611.7
PUR-2024-10-01-MOR-004-CHI,2024-10-01,purchase,MOR-004,Chicago,16,611.7
SAL-2024-10-01-MOR-004-HOU,2024-10-01,sale,MOR-004,Houston,11,611.7
PUR-2024-10-01-MOR-004-HOU,2024-10-01,purchase,MOR-004,Houston,12,611.7
SAL-2024-10-01-MOR-004-PIT,2024-10-01,sale,MOR-004,Pittsburgh,9,611.7
PUR-2024-10-01-MOR-004-PIT,2024-10-01,purchase,MOR-004,Pittsburgh,8,611.7
SAL-2024-10-01-MOR-005-CHI,2024-10-01,sale,MOR-005,Chicago,9,806.99
PUR-2024-10-01-MOR-005-CHI,2024-10-01,purchase,MOR-005,Chicago,9,806.99
SAL-2024-10-01-MOR-005-HOU,2024-10-01,sale,MOR-005,Houston,7,806.99
PUR-2024-10-01-MOR-005-HOU,2024-10-01,purchase,MOR-005,Houston,7,806.99
SAL-2024-10-01-MOR-005-PIT,2024-10-01,sale,MOR-005,Pittsburgh,6,806.99
PUR-2024-10-01-MOR-005-PIT,2024-10-01,purchase,MOR-005,Pittsburgh,5,806.99
SAL-2024-10-01-INS-001-CHI,2024-10-01,sale,INS-001,Chicago,91,8.01
PUR-2024-10-01-INS-001-CHI,2024-10-01,purchase,INS-001,Chicago,99,8.01
SAL-2024-10-01-INS-001-HOU,2024-10-01,sale,INS-001,Houston,66,8.01
PUR-2024-10-01-INS-001-HOU,2024-10-01,purchase,INS-001,Houston,62,8.01
SAL-2024-10-01-INS-001-PIT,2024-10-01,sale,INS-001,Pittsburgh,40,8.01
PUR-2024-10-01-INS-001-PIT,2024-10-01,purchase,INS-001,Pittsburgh,54,8.01
SAL-2024-10-01-INS-002-CHI,2024-10-01,sale,INS-002,Chicago,70,15.77
PUR-2024-10-01-INS-002-CHI,2024-10-01,purchase,INS-002,Chicago,86,15.77
SAL-2024-10-01-INS-002-HOU,2024-10-01,sale,INS-002,Houston,61,15.77
PUR-2024-10-01-INS-002-HOU,2024-10-01,purchase,INS-002,Houston,52,15.77
SAL-2024-10-01-INS-002-PIT,2024-10-01,sale,INS-002,Pittsburgh,43,15.77
PUR-2024-10-01-INS-002-PIT,2024-10-01,purchase,INS-002,Pittsburgh,60,15.77
SAL-2024-10-01-INS-003-CHI,2024-10-01,sale,INS-003,Chicago,72,7.69
PUR-2024-10-01-INS-003-CHI,2024-10-01,purchase,INS-003,Chicago,79,7.69
SAL-2024-10-01-INS-003-HOU,2024-10-01,sale,INS-003,Houston,58,7.69
PUR-2024-10-01-INS-003-HOU,2024-10-01,purchase,INS-003,Houston,51,7.69
SAL-2024-10-01-INS-003-PIT,2024-10-01,sale,INS-003,Pittsburgh,38,7.69
PUR-2024-10-01-INS-003-PIT,2024-10-01,purchase,INS-003,Pittsburgh,40,7.69
SAL-2024-10-01-INS-004-CHI,2024-10-01,sale,INS-004,Chicago,70,18.22
PUR-2024-10-01-INS-004-CHI,2024-10-01,purchase,INS-004,Chicago,56,18.22
SAL-2024-10-01-INS-004-HOU,2024-10-01,sale,INS-004,Houston,56,18.22
PUR-2024-10-01-INS-004-HOU,2024-10-01,purchase,INS-004,Houston,44,18.22
SAL-2024-10-01-INS-004-PIT,2024-10-01,sale,INS-004,Pittsburgh,38,18.22
PUR-2024-10-01-INS-004-PIT,2024-10-01,purchase,INS-004,Pittsburgh,34,18.22
SAL-2024-10-01-INS-005-CHI,2024-10-01,sale,INS-005,Chicago,40,14.17
PUR-2024-10-01-INS-005-CHI,2024-10-01,purchase,INS-005,Chicago,50,14.17
SAL-2024-10-01-INS-005-HOU,2024-10-01,sale,INS-005,Houston,30,14.17
PUR-2024-10-01-INS-005-HOU,2024-10-01,purchase,INS-005,Houston,26,14.17
SAL-2024-10-01-INS-005-PIT,2024-10-01,sale,INS-005,Pittsburgh,21,14.17
PUR-2024-10-01-INS-005-PIT,2024-10-01,purchase,INS-005,Pittsburgh,28,14.17
SAL-2024-11-01-MCB-001-CHI,2024-11-01,sale,MCB-001,Chicago,116,11.82
PUR-2024-11-01-MCB-001-CHI,2024-11-01,purchase,MCB-001,Chicago,128,11.82
SAL-2024-11-01-MCB-001-HOU,2024-11-01,sale,MCB-001,Houston,109,11.82
PUR-2024-11-01-MCB-001-HOU,2024-11-01,purchase,MCB-001,Houston,128,11.82
SAL-2024-11-01-MCB-001-PIT,2024-11-01,sale,MCB-001,Pittsburgh,85,11.82
PUR-2024-11-01-MCB-001-PIT,2024-11-01,purchase,MCB-001,Pittsburgh,82,11.82
SAL-2024-11-01-MCB-002-CHI,2024-11-01,sale,MCB-002,Chicago,166,10.69
PUR-2024-11-01-MCB-002-CHI,2024-11-01,purchase,MCB-002,Chicago,166,10.69
SAL-2024-11-01-MCB-002-HOU,2024-11-01,sale,MCB-002,Houston,144,10.69
PUR-2024-11-01-MCB-002-HOU,2024-11-01,purchase,MCB-002,Houston,133,10.69
SAL-2024-11-01-MCB-002-PIT,2024-11-01,sale,MCB-002,Pittsburgh,107,10.69
PUR-2024-11-01-MCB-002-PIT,2024-11-01,purchase,MCB-002,Pittsburgh,116,10.69
SAL-2024-11-01-MCB-003-CHI,2024-11-01,sale,MCB-003,Chicago,143,10.72
PUR-2024-11-01-MCB-003-CHI,2024-11-01,purchase,MCB-003,Chicago,114,10.72
SAL-2024-11-01-MCB-003-HOU,2024-11-01,sale,MCB-003,Houston,109,10.72
PUR-2024-11-01-MCB-003-HOU,2024-11-01,purchase,MCB-003,Houston,93,10.72
SAL-2024-11-01-MCB-003-PIT,2024-11-01,sale,MCB-003,Pittsburgh,71,10.72
PUR-2024-11-01-MCB-003-PIT,2024-11-01,purchase,MCB-003,Pittsburgh,65,10.72
SAL-2024-11-01-MCB-004-CHI,2024-11-01,sale,MCB-004,Chicago,153,12.11
PUR-2024-11-01-MCB-004-CHI,2024-11-01,purchase,MCB-004,Chicago,148,12.11
SAL-2024-11-01-MCB-004-HOU,2024-11-01,sale,MCB-004,Houston,95,12.11
PUR-2024-11-01-MCB-004-HOU,2024-11-01,purchase,MCB-004,Houston,96,12.11
SAL-2024-11-01-MCB-004-PIT,2024-11-01,sale,MCB-004,Pittsburgh,71,12.11
PUR-2024-11-01-MCB-004-PIT,2024-11-01,purchase,MCB-004,Pittsburgh,88,12.11
SAL-2024-11-01-MCB-005-CHI,2024-11-01,sale,MCB-005,Chicago,132,12.46
PUR-2024-11-01-MCB-005-CHI,2024-11-01,purchase,MCB-005,Chicago,111,12.46
SAL-2024-11-01-MCB-005-HOU,2024-11-01,sale,MCB-005,Houston,96,12.46
PUR-2024-11-01-MCB-005-HOU,2024-11-01,purchase,MCB-005,Houston,93,12.46
SAL-2024-11-01-MCB-005-PIT,2024-11-01,sale,MCB-005,Pittsburgh,80,12.46
PUR-2024-11-01-MCB-005-PIT,2024-11-01,purchase,MCB-005,Pittsburgh,79,12.46
SAL-2024-11-01-HAB-001-CHI,2024-11-01,sale,HAB-001,Chicago,131,9.1
PUR-2024-11-01-HAB-001-CHI,2024-11-01,purchase,HAB-001,Chicago,115,9.1
SAL-2024-11-01-HAB-001-HOU,2024-11-01,sale,HAB-001,Houston,116,9.1
PUR-2024-11-01-HAB-001-HOU,2024-11-01,purchase,HAB-001,Houston,112,9.1
SAL-2024-11-01-HAB-001-PIT,2024-11-01,sale,HAB-001,Pittsburgh,86,9.1
PUR-2024-11-01-HAB-001-PIT,2024-11-01,purchase,HAB-001,Pittsburgh,70,9.1
SAL-2024-11-01-HAB-002-CHI,2024-11-01,sale,HAB-002,Chicago,107,8.92
PUR-2024-11-01-HAB-002-CHI,2024-11-01,purchase,HAB-002,Chicago,99,8.92
SAL-2024-11-01-HAB-002-HOU,2024-11-01,sale,HAB-002,Houston,74,8.92
PUR-2024-11-01-HAB-002-HOU,2024-11-01,purchase,HAB-002,Houston,71,8.92
SAL-2024-11-01-HAB-002-PIT,2024-11-01,sale,HAB-002,Pittsburgh,62,8.92
PUR-2024-11-01-HAB-002-PIT,2024-11-01,purchase,HAB-002,Pittsburgh,43,8.92
SAL-2024-11-01-HAB-003-CHI,2024-11-01,sale,HAB-003,Chicago,128,6.1
PUR-2024-11-01-HAB-003-CHI,2024-11-01,purchase,HAB-003,Chicago,129,6.1
SAL-2024-11-01-HAB-003-HOU,2024-11-01,sale,HAB-003,Houston,83,6.1
PUR-2024-11-01-HAB-003-HOU,2024-11-01,purchase,HAB-003,Houston,73,6.1
SAL-2024-11-01-HAB-003-PIT,2024-11-01,sale,HAB-003,Pittsburgh,67,6.1
PUR-2024-11-01-HAB-003-PIT,2024-11-01,purchase,HAB-003,Pittsburgh,64,6.1
SAL-2024-11-01-HAB-004-CHI,2024-11-01,sale,HAB-004,Chicago,118,8.31
PUR-2024-11-01-HAB-004-CHI,2024-11-01,purchase,HAB-004,Chicago,130,8.31
SAL-2024-11-01-HAB-004-HOU,2024-11-01,sale,HAB-004,Houston,90,8.31
PUR-2024-11-01-HAB-004-HOU,2024-11-01,purchase,HAB-004,Houston,91,8.31
SAL-2024-11-01-HAB-004-PIT,2024-11-01,sale,HAB-004,Pittsburgh,68,8.31
PUR-2024-11-01-HAB-004-PIT,2024-11-01,purchase,HAB-004,Pittsburgh,56,8.31
SAL-2024-11-01-HAB-005-CHI,2024-11-01,sale,HAB-005,Chicago,92,7.4
PUR-2024-11-01-HAB-005-CHI,2024-11-01,purchase,HAB-005,Chicago,83,7.4
SAL-2024-11-01-HAB-005-HOU,2024-11-01,sale,HAB-005,Houston,74,7.4
PUR-2024-11-01-HAB-005-HOU,2024-11-01,purchase,HAB-005,Houston,78,7.4
SAL-2024-11-01-HAB-005-PIT,2024-11-01,sale,HAB-005,Pittsburgh,52,7.4
PUR-2024-11-01-HAB-005-PIT,2024-11-01,purchase,HAB-005,Pittsburgh,41,7.4
SAL-2024-11-01-CAS-001-CHI,2024-11-01,sale,CAS-001,Chicago,28,1238.72
PUR-2024-11-01-CAS-001-CHI,2024-11-01,purchase,CAS-001,Chicago,27,1238.72
SAL-2024-11-01-CAS-001-HOU,2024-11-01,sale,CAS-001,Houston,22,1238.72
PUR-2024-11-01-CAS-001-HOU,2024-11-01,purchase,CAS-001,Houston,22,1238.72
SAL-2024-11-01-CAS-001-PIT,2024-11-01,sale,CAS-001,Pittsburgh,16,1238.72
PUR-2024-11-01-CAS-001-PIT,2024-11-01,purchase,CAS-001,Pittsburgh,12,1238.72
SAL-2024-11-01-CAS-002-CHI,2024-11-01,sale,CAS-002,Chicago,18,1129.98
PUR-2024-11-01-CAS-002-CHI,2024-11-01,purchase,CAS-002,Chicago,16,1129.98
SAL-2024-11-01-CAS-002-HOU,2024-11-01,sale,CAS-002,Houston,17,1129.98
PUR-2024-11-01-CAS-002-HOU,2024-11-01,purchase,CAS-002,Houston,19,1129.98
SAL-2024-11-01-CAS-002-PIT,2024-11-01,sale,CAS-002,Pittsburgh,10,1129.98
PUR-2024-11-01-CAS-002-PIT,2024-11-01,purchase,CAS-002,Pittsburgh,13,1129.98
SAL-2024-11-01-CAS-003-CHI,2024-11-01,sale,CAS-003,Chicago,15,1201.89
PUR-2024-11-01-CAS-003-CHI,2024-11-01,purchase,CAS-003,Chicago,14,1201.89
SAL-2024-11-01-CAS-003-HOU,2024-11-01,sale,CAS-003,Houston,10,1201.89
PUR-2024-11-01-CAS-003-HOU,2024-11-01,purchase,CAS-003,Houston,11,1201.89
SAL-2024-11-01-CAS-003-PIT,2024-11-01,sale,CAS-003,Pittsburgh,10,1201.89
PUR-2024-11-01-CAS-003-PIT,2024-11-01,purchase,CAS-003,Pittsburgh,9,1201.89
SAL-2024-11-01-CAS-004-CHI,2024-11-01,sale,CAS-004,Chicago,31,820.97
PUR-2024-11-01-CAS-004-CHI,2024-11-01,purchase,CAS-004,Chicago,27,820.97
SAL-2024-11-01-CAS-004-HOU,2024-11-01,sale,CAS-004,Houston,25,820.97
PUR-2024-11-01-CAS-004-HOU,2024-11-01,purchase,CAS-004,Houston,26,820.97
SAL-2024-11-01-CAS-004-PIT,2024-11-01,sale,CAS-004,Pittsburgh,17,820.97
PUR-2024-11-01-CAS-004-PIT,2024-11-01,purchase,CAS-004,Pittsburgh,16,820.97
SAL-2024-11-01-CAS-005-CHI,2024-11-01,sale,CAS-005,Chicago,19,1039.4
PUR-2024-11-01-CAS-005-CHI,2024-11-01,purchase,CAS-005,Chicago,14,1039.4
SAL-2024-11-01-CAS-005-HOU,2024-11-01,sale,CAS-005,Houston,13,1039.4
PUR-2024-11-01-CAS-005-HOU,2024-11-01,purchase,CAS-005,Houston,11,1039.4
SAL-2024-11-01-CAS-005-PIT,2024-11-01,sale,CAS-005,Pittsburgh,11,1039.4
PUR-2024-11-01-CAS-005-PIT,2024-11-01,purchase,CAS-005,Pittsburgh,11,1039.4
SAL-2024-11-01-SIB-001-CHI,2024-11-01,sale,SIB-001,Chicago,57,7.47
PUR-2024-11-01-SIB-001-CHI,2024-11-01,purchase,SIB-001,Chicago,71,7.47
SAL-2024-11-01-SIB-001-HOU,2024-11-01,sale,SIB-001,Houston,49,7.47
PUR-2024-11-01-SIB-001-HOU,2024-11-01,purchase,SIB-001,Houston,46,7.47
SAL-2024-11-01-SIB-001-PIT,2024-11-01,sale,SIB-001,Pittsburgh,36,7.47
PUR-2024-11-01-SIB-001-PIT,2024-11-01,purchase,SIB-001,Pittsburgh,42,7.47
SAL-2024-11-01-SIB-002-CHI,2024-11-01,sale,SIB-002,Chicago,99,6.57
PUR-2024-11-01-SIB-002-CHI,2024-11-01,purchase,SIB-002,Chicago,101,6.57
SAL-2024-11-01-SIB-002-HOU,2024-11-01,sale,SIB-002,Houston,75,6.57
PUR-2024-11-01-SIB-002-HOU,2024-11-01,purchase,SIB-002,Houston,85,6.57
SAL-2024-11-01-SIB-002-PIT,2024-11-01,sale,SIB-002,Pittsburgh,76,6.57
PUR-2024-11-01-SIB-002-PIT,2024-11-01,purchase,SIB-002,Pittsburgh,56,6.57
SAL-2024-11-01-SIB-003-CHI,2024-11-01,sale,SIB-003,Chicago,73,8.35
PUR-2024-11-01-SIB-003-CHI,2024-11-01,purchase,SIB-003,Chicago,84,8.35
SAL-2024-11-01-SIB-003-HOU,2024-11-01,sale,SIB-003,Houston,53,8.35
PUR-2024-11-01-SIB-003-HOU,2024-11-01,purchase,SIB-003,Houston,76,8.35
SAL-2024-11-01-SIB-003-PIT,2024-11-01,sale,SIB-003,Pittsburgh,50,8.35
PUR-2024-11-01-SIB-003-PIT,2024-11-01,purchase,SIB-003,Pittsburgh,51,8.35
SAL-2024-11-01-SIB-004-CHI,2024-11-01,sale,SIB-004,Chicago,93,7.16
PUR-2024-11-01-SIB-004-CHI,2024-11-01,purchase,SIB-004,Chicago,101,7.16
SAL-2024-11-01-SIB-004-HOU,2024-11-01,sale,SIB-004,Houston,77,7.16
PUR-2024-11-01-SIB-004-HOU,2024-11-01,purchase,SIB-004,Houston,97,7.16
SAL-2024-11-01-SIB-004-PIT,2024-11-01,sale,SIB-004,Pittsburgh,76,7.16
PUR-2024-11-01-SIB-004-PIT,2024-11-01,purchase,SIB-004,Pittsburgh,76,7.16
SAL-2024-11-01-SIB-005-CHI,2024-11-01,sale,SIB-005,Chicago,105,5.98
PUR-2024-11-01-SIB-005-CHI,2024-11-01,purchase,SIB-005,Chicago,109,5.98
SAL-2024-11-01-SIB-005-HOU,2024-11-01,sale,SIB-005,Houston,77,5.98
PUR-2024-11-01-SIB-005-HOU,2024-11-01,purchase,SIB-005,Houston,62,5.98
SAL-2024-11-01-SIB-005-PIT,2024-11-01,sale,SIB-005,Pittsburgh,53,5.98
PUR-2024-11-01-SIB-005-PIT,2024-11-01,purchase,SIB-005,Pittsburgh,73,5.98
SAL-2024-11-01-MOR-001-CHI,2024-11-01,sale,MOR-001,Chicago,11,815.21
PUR-2024-11-01-MOR-001-CHI,2024-11-01,purchase,MOR-001,Chicago,9,815.21
SAL-2024-11-01-MOR-001-HOU,2024-11-01,sale,MOR-001,Houston,9,815.21
PUR-2024-11-01-MOR-001-HOU,2024-11-01,purchase,MOR-001,Houston,11,815.21
SAL-2024-11-01-MOR-001-PIT,2024-11-01,sale,MOR-001,Pittsburgh,8,815.21
PUR-2024-11-01-MOR-001-PIT,2024-11-01,purchase,MOR-001,Pittsburgh,6,815.21
SAL-2024-11-01-MOR-002-CHI,2024-11-01,sale,MOR-002,Chicago,27,836.57
PUR-2024-11-01-MOR-002-CHI,2024-11-01,purchase,MOR-002,Chicago,31,836.57
SAL-2024-11-01-MOR-002-HOU,2024-11-01,sale,MOR-002,Houston,20,836.57
PUR-2024-11-01-MOR-002-HOU,2024-11-01,purchase,MOR-002,Houston,17,836.57
SAL-2024-11-01-MOR-002-PIT,2024-11-01,sale,MOR-002,Pittsburgh,15,836.57
PUR-2024-11-01-MOR-002-PIT,2024-11-01,purchase,MOR-002,Pittsburgh,15,836.57
SAL-2024-11-01-MOR-003-CHI,2024-11-01,sale,MOR-003,Chicago,22,549.69
PUR-2024-11-01-MOR-003-CHI,2024-11-01,purchase,MOR-003,Chicago,22,549.69
SAL-2024-11-01-MOR-003-HOU,2024-11-01,sale,MOR-003,Houston,16,549.69
PUR-2024-11-01-MOR-003-HOU,2024-11-01,purchase,MOR-003,Houston,18,549.69
SAL-2024-11-01-MOR-003-PIT,2024-11-01,sale,MOR-003,Pittsburgh,12,549.69
PUR-2024-11-01-MOR-003-PIT,2024-11-01,purchase,MOR-003,Pittsburgh,9,549.69
SAL-2024-11-01-MOR-004-CHI,2024-11-01,sale,MOR-004,Chicago,11,611.7
PUR-2024-11-01-MOR-004-CHI,2024-11-01,purchase,MOR-004,Chicago,14,611.7
SAL-2024-11-01-MOR-004-HOU,2024-11-01,sale,MOR-004,Houston,9,611.7
PUR-2024-11-01-MOR-004-HOU,2024-11-01,purchase,MOR-004,Houston,12,611.7
SAL-2024-11-01-MOR-004-PIT,2024-11-01,sale,MOR-004,Pittsburgh,9,611.7
PUR-2024-11-01-MOR-004-PIT,2024-11-01,purchase,MOR-004,Pittsburgh,9,611.7
SAL-2024-11-01-MOR-005-CHI,2024-11-01,sale,MOR-005,Chicago,12,806.99
PUR-2024-11-01-MOR-005-CHI,2024-11-01,purchase,MOR-005,Chicago,13,806.99
SAL-2024-11-01-MOR-005-HOU,2024-11-01,sale,MOR-005,Houston,8,806.99
PUR-2024-11-01-MOR-005-HOU,2024-11-01,purchase,MOR-005,Houston,9,806.99
SAL-2024-11-01-MOR-005-PIT,2024-11-01,sale,MOR-005,Pittsburgh,7,806.99
PUR-2024-11-01-MOR-005-PIT,2024-11-01,purchase,MOR-005,Pittsburgh,7,806.99
SAL-2024-11-01-INS-001-CHI,2024-11-01,sale,INS-001,Chicago,92,8.01
PUR-2024-11-01-INS-001-CHI,2024-11-01,purchase,INS-001,Chicago,72,8.01
SAL-2024-11-01-INS-001-HOU,2024-11-01,sale,INS-001,Houston,63,8.01
PUR-2024-11-01-INS-001-HOU,2024-11-01,purchase,INS-001,Houston,66,8.01
SAL-2024-11-01-INS-001-PIT,2024-11-01,sale,INS-001,Pittsburgh,58,8.01
PUR-2024-11-01-INS-001-PIT,2024-11-01,purchase,INS-001,Pittsburgh,50,8.01
SAL-2024-11-01-INS-002-CHI,2024-11-01,sale,INS-002,Chicago,96,15.77
PUR-2024-11-01-INS-002-CHI,2024-11-01,purchase,INS-002,Chicago,92,15.77
SAL-2024-11-01-INS-002-HOU,2024-11-01,sale,INS-002,Houston,76,15.77
PUR-2024-11-01-INS-002-HOU,2024-11-01,purchase,INS-002,Houston,52,15.77
SAL-2024-11-01-INS-002-PIT,2024-11-01,sale,INS-002,Pittsburgh,49,15.77
PUR-2024-11-01-INS-002-PIT,2024-11-01,purchase,INS-002,Pittsburgh,50,15.77
SAL-2024-11-01-INS-003-CHI,2024-11-01,sale,INS-003,Chicago,58,7.69
PUR-2024-11-01-INS-003-CHI,2024-11-01,purchase,INS-003,Chicago,74,7.69
SAL-2024-11-01-INS-003-HOU,2024-11-01,sale,INS-003,Houston,57,7.69
PUR-2024-11-01-INS-003-HOU,2024-11-01,purchase,INS-003,Houston,50,7.69
SAL-2024-11-01-INS-003-PIT,2024-11-01,sale,INS-003,Pittsburgh,45,7.69
PUR-2024-11-01-INS-003-PIT,2024-11-01,purchase,INS-003,Pittsburgh,33,7.69
SAL-2024-11-01-INS-004-CHI,2024-11-01,sale,INS-004,Chicago,69,18.22
PUR-2024-11-01-INS-004-CHI,2024-11-01,purchase,INS-004,Chicago,64,18.22
SAL-2024-11-01-INS-004-HOU,2024-11-01,sale,INS-004,Houston,51,18.22
PUR-2024-11-01-INS-004-HOU,2024-11-01,purchase,INS-004,Houston,49,18.22
SAL-2024-11-01-INS-004-PIT,2024-11-01,sale,INS-004,Pittsburgh,35,18.22
PUR-2024-11-01-INS-004-PIT,2024-11-01,purchase,INS-004,Pittsburgh,48,18.22
SAL-2024-11-01-INS-005-CHI,2024-11-01,sale,INS-005,Chicago,36,14.17
PUR-2024-11-01-INS-005-CHI,2024-11-01,purchase,INS-005,Chicago,35,14.17
SAL-2024-11-01-INS-005-HOU,2024-11-01,sale,INS-005,Houston,29,14.17
PUR-2024-11-01-INS-005-HOU,2024-11-01,purchase,INS-005,Houston,28,14.17
SAL-2024-11-01-INS-005-PIT,2024-11-01,sale,INS-005,Pittsburgh,27,14.17
PUR-2024-11-01-INS-005-PIT,2024-11-01,purchase,INS-005,Pittsburgh,31,14.17
SAL-2024-12-01-MCB-001-CHI,2024-12-01,sale,MCB-001,Chicago,142,11.82
PUR-2024-12-01-MCB-001-CHI,2024-12-01,purchase,MCB-001,Chicago,172,11.82
SAL-2024-12-01-MCB-001-HOU,2024-12-01,sale,MCB-001,Houston,95,11.82
PUR-2024-12-01-MCB-001-HOU,2024-12-01,purchase,MCB-001,Houston,127,11.82
SAL-2024-12-01-MCB-001-PIT,2024-12-01,sale,MCB-001,Pittsburgh,98,11.82
PUR-2024-12-01-MCB-001-PIT,2024-12-01,purchase,MCB-001,Pittsburgh,86,11.82
SAL-2024-12-01-MCB-002-CHI,2024-12-01,sale,MCB-002,Chicago,208,10.69
PUR-2024-12-01-MCB-002-CHI,2024-12-01,purchase,MCB-002,Chicago,220,10.69
SAL-2024-12-01-MCB-002-HOU,2024-12-01,sale,MCB-002,Houston,141,10.69
PUR-2024-12-01-MCB-002-HOU,2024-12-01,purchase,MCB-002,Houston,137,10.69
SAL-2024-12-01-MCB-002-PIT,2024-12-01,sale,MCB-002,Pittsburgh,135,10.69
PUR-2024-12-01-MCB-002-PIT,2024-12-01,purchase,MCB-002,Pittsburgh,123,10.69
SAL-2024-12-01-MCB-003-CHI,2024-12-01,sale,MCB-003,Chicago,113,10.72
PUR-2024-12-01-MCB-003-CHI,2024-12-01,purchase,MCB-003,Chicago,160,10.72
SAL-2024-12-01-MCB-003-HOU,2024-12-01,sale,MCB-003,Houston,89,10.72
PUR-2024-12-01-MCB-003-HOU,2024-12-01,purchase,MCB-003,Houston,94,10.72
SAL-2024-12-01-MCB-003-PIT,2024-12-01,sale,MCB-003,Pittsburgh,71,10.72
PUR-2024-12-01-MCB-003-PIT,2024-12-01,purchase,MCB-003,Pittsburgh,80,10.72
SAL-2024-12-01-MCB-004-CHI,2024-12-01,sale,MCB-004,Chicago,179,12.11
PUR-2024-12-01-MCB-004-CHI,2024-12-01,purchase,MCB-004,Chicago,161,12.11
SAL-2024-12-01-MCB-004-HOU,2024-12-01,sale,MCB-004,Houston,107,12.11
PUR-2024-12-01-MCB-004-HOU,2024-12-01,purchase,MCB-004,Houston,95,12.11
SAL-2024-12-01-MCB-004-PIT,2024-12-01,sale,MCB-004,Pittsburgh,107,12.11
PUR-2024-12-01-MCB-004-PIT,2024-12-01,purchase,MCB-004,Pittsburgh,74,12.11
SAL-2024-12-01-MCB-005-CHI,2024-12-01,sale,MCB-005,Chicago,145,12.46
PUR-2024-12-01-MCB-005-CHI,2024-12-01,purchase,MCB-005,Chicago,151,12.46
SAL-2024-12-01-MCB-005-HOU,2024-12-01,sale,MCB-005,Houston,117,12.46
PUR-2024-12-01-MCB-005-HOU,2024-12-01,purchase,MCB-005,Houston,141,12.46
SAL-2024-12-01-MCB-005-PIT,2024-12-01,sale,MCB-005,Pittsburgh,88,12.46
PUR-2024-12-01-MCB-005-PIT,2024-12-01,purchase,MCB-005,Pittsburgh,83,12.46
SAL-2024-12-01-HAB-001-CHI,2024-12-01,sale,HAB-001,Chicago,177,9.1
PUR-2024-12-01-HAB-001-CHI,2024-12-01,purchase,HAB-001,Chicago,173,9.1
SAL-2024-12-01-HAB-001-HOU,2024-12-01,sale,HAB-001,Houston,136,9.1
PUR-2024-12-01-HAB-001-HOU,2024-12-01,purchase,HAB-001,Houston,101,9.1
SAL-2024-12-01-HAB-001-PIT,2024-12-01,sale,HAB-001,Pittsburgh,85,9.1
PUR-2024-12-01-HAB-001-PIT,2024-12-01,purchase,HAB-001,Pittsburgh,88,9.1
SAL-2024-12-01-HAB-002-CHI,2024-12-01,sale,HAB-002,Chicago,85,8.92
PUR-2024-12-01-HAB-002-CHI,2024-12-01,purchase,HAB-002,Chicago,79,8.92
SAL-2024-12-01-HAB-002-HOU,2024-12-01,sale,HAB-002,Houston,77,8.92
PUR-2024-12-01-HAB-002-HOU,2024-12-01,purchase,HAB-002,Houston,94,8.92
SAL-2024-12-01-HAB-002-PIT,2024-12-01,sale,HAB-002,Pittsburgh,57,8.92
PUR-2024-12-01-HAB-002-PIT,2024-12-01,purchase,HAB-002,Pittsburgh,47,8.92
SAL-2024-12-01-HAB-003-CHI,2024-12-01,sale,HAB-003,Chicago,133,6.1
PUR-2024-12-01-HAB-003-CHI,2024-12-01,purchase,HAB-003,Chicago,98,6.1
SAL-2024-12-01-HAB-003-HOU,2024-12-01,sale,HAB-003,Houston,100,6.1
PUR-2024-12-01-HAB-003-HOU,2024-12-01,purchase,HAB-003,Houston,106,6.1
SAL-2024-12-01-HAB-003-PIT,2024-12-01,sale,HAB-003,Pittsburgh,82,6.1
PUR-2024-12-01-HAB-003-PIT,2024-12-01,purchase,HAB-003,Pittsburgh,73,6.1
SAL-2024-12-01-HAB-004-CHI,2024-12-01,sale,HAB-004,Chicago,117,8.31
PUR-2024-12-01-HAB-004-CHI,2024-12-01,purchase,HAB-004,Chicago,91,8.31
SAL-2024-12-01-HAB-004-HOU,2024-12-01,sale,HAB-004,Houston,85,8.31
PUR-2024-12-01-HAB-004-HOU,2024-12-01,purchase,HAB-004,Houston,82,8.31
SAL-2024-12-01-HAB-004-PIT,2024-12-01,sale,HAB-004,Pittsburgh,57,8.31
PUR-2024-12-01-HAB-004-PIT,2024-12-01,purchase,HAB-004,Pittsburgh,69,8.31
SAL-2024-12-01-HAB-005-CHI,2024-12-01,sale,HAB-005,Chicago,103,7.4
PUR-2024-12-01-HAB-005-CHI,2024-12-01,purchase,HAB-005,Chicago,70,7.4
SAL-2024-12-01-HAB-005-HOU,2024-12-01,sale,HAB-005,Houston,73,7.4
PUR-2024-12-01-HAB-005-HOU,2024-12-01,purchase,HAB-005,Houston,76,7.4
SAL-2024-12-01-HAB-005-PIT,2024-12-01,sale,HAB-005,Pittsburgh,59,7.4
PUR-2024-12-01-HAB-005-PIT,2024-12-01,purchase,HAB-005,Pittsburgh,48,7.4
SAL-2024-12-01-CAS-001-CHI,2024-12-01,sale,CAS-001,Chicago,25,1238.72
PUR-2024-12-01-CAS-001-CHI,2024-12-01,purchase,CAS-001,Chicago,22,1238.72
SAL-2024-12-01-CAS-001-HOU,2024-12-01,sale,CAS-001,Houston,20,1238.72
PUR-2024-12-01-CAS-001-HOU,2024-12-01,purchase,CAS-001,Houston,18,1238.72
SAL-2024-12-01-CAS-001-PIT,2024-12-01,sale,CAS-001,Pittsburgh,14,1238.72
PUR-2024-12-01-CAS-001-PIT,2024-12-01,purchase,CAS-001,Pittsburgh,18,1238.72
SAL-2024-12-01-CAS-002-CHI,2024-12-01,sale,CAS-002,Chicago,22,1129.98
PUR-2024-12-01-CAS-002-CHI,2024-12-01,purchase,CAS-002,Chicago,17,1129.98
SAL-2024-12-01-CAS-002-HOU,2024-12-01,sale,CAS-002,Houston,19,1129.98
PUR-2024-12-01-CAS-002-HOU,2024-12-01,purchase,CAS-002,Houston,13,1129.98
SAL-2024-12-01-CAS-002-PIT,2024-12-01,sale,CAS-002,Pittsburgh,13,1129.98
PUR-2024-12-01-CAS-002-PIT,2024-12-01,purchase,CAS-002,Pittsburgh,16,1129.98
SAL-2024-12-01-CAS-003-CHI,2024-12-01,sale,CAS-003,Chicago,15,1201.89
PUR-2024-12-01-CAS-003-CHI,2024-12-01,purchase,CAS-003,Chicago,17,1201.89
SAL-2024-12-01-CAS-003-HOU,2024-12-01,sale,CAS-003,Houston,12,1201.89
PUR-2024-12-01-CAS-003-HOU,2024-12-01,purchase,CAS-003,Houston,12,1201.89
SAL-2024-12-01-CAS-003-PIT,2024-12-01,sale,CAS-003,Pittsburgh,11,1201.89
PUR-2024-12-01-CAS-003-PIT,2024-12-01,purchase,CAS-003,Pittsburgh,12,1201.89
SAL-2024-12-01-CAS-004-CHI,2024-12-01,sale,CAS-004,Chicago,31,820.97
PUR-2024-12-01-CAS-004-CHI,2024-12-01,purchase,CAS-004,Chicago,25,820.97
SAL-2024-12-01-CAS-004-HOU,2024-12-01,sale,CAS-004,Houston,26,820.97
PUR-2024-12-01-CAS-004-HOU,2024-12-01,purchase,CAS-004,Houston,24,820.97
SAL-2024-12-01-CAS-004-PIT,2024-12-01,sale,CAS-004,Pittsburgh,17,820.97
PUR-2024-12-01-CAS-004-PIT,2024-12-01,purchase,CAS-004,Pittsburgh,20,820.97
SAL-2024-12-01-CAS-005-CHI,2024-12-01,sale,CAS-005,Chicago,16,1039.4
PUR-2024-12-01-CAS-005-CHI,2024-12-01,purchase,CAS-005,Chicago,20,1039.4
SAL-2024-12-01-CAS-005-HOU,2024-12-01,sale,CAS-005,Houston,16,1039.4
PUR-2024-12-01-CAS-005-HOU,2024-12-01,purchase,CAS-005,Houston,14,1039.4
SAL-2024-12-01-CAS-005-PIT,2024-12-01,sale,CAS-005,Pittsburgh,10,1039.4
PUR-2024-12-01-CAS-005-PIT,2024-12-01,purchase,CAS-005,Pittsburgh,13,1039.4
SAL-2024-12-01-SIB-001-CHI,2024-12-01,sale,SIB-001,Chicago,77,7.47
PUR-2024-12-01-SIB-001-CHI,2024-12-01,purchase,SIB-001,Chicago,85,7.47
SAL-2024-12-01-SIB-001-HOU,2024-12-01,sale,SIB-001,Houston,56,7.47
PUR-2024-12-01-SIB-001-HOU,2024-12-01,purchase,SIB-001,Houston,54,7.47
SAL-2024-12-01-SIB-001-PIT,2024-12-01,sale,SIB-001,Pittsburgh,45,7.47
PUR-2024-12-01-SIB-001-PIT,2024-12-01,purchase,SIB-001,Pittsburgh,36,7.47
SAL-2024-12-01-SIB-002-CHI,2024-12-01,sale,SIB-002,Chicago,123,6.57
PUR-2024-12-01-SIB-002-CHI,2024-12-01,purchase,SIB-002,Chicago,148,6.57
SAL-2024-12-01-SIB-002-HOU,2024-12-01,sale,SIB-002,Houston,97,6.57
PUR-2024-12-01-SIB-002-HOU,2024-12-01,purchase,SIB-002,Houston,109,6.57
SAL-2024-12-01-SIB-002-PIT,2024-12-01,sale,SIB-002,Pittsburgh,82,6.57
PUR-2024-12-01-SIB-002-PIT,2024-12-01,purchase,SIB-002,Pittsburgh,87,6.57
SAL-2024-12-01-SIB-003-CHI,2024-12-01,sale,SIB-003,Chicago,83,8.35
PUR-2024-12-01-SIB-003-CHI,2024-12-01,purchase,SIB-003,Chicago,69,8.35
SAL-2024-12-01-SIB-003-HOU,2024-12-01,sale,SIB-003,Houston,63,8.35
PUR-2024-12-01-SIB-003-HOU,2024-12-01,purchase,SIB-003,Houston,77,8.35
SAL-2024-12-01-SIB-003-PIT,2024-12-01,sale,SIB-003,Pittsburgh,53,8.35
PUR-2024-12-01-SIB-003-PIT,2024-12-01,purchase,SIB-003,Pittsburgh,43,8.35
SAL-2024-12-01-SIB-004-CHI,2024-12-01,sale,SIB-004,Chicago,117,7.16
PUR-2024-12-01-SIB-004-CHI,2024-12-01,purchase,SIB-004,Chicago,103,7.16
SAL-2024-12-01-SIB-004-HOU,2024-12-01,sale,SIB-004,Houston,80,7.16
PUR-2024-12-01-SIB-004-HOU,2024-12-01,purchase,SIB-004,Houston,116,7.16
SAL-2024-12-01-SIB-004-PIT,2024-12-01,sale,SIB-004,Pittsburgh,72,7.16
PUR-2024-12-01-SIB-004-PIT,2024-12-01,purchase,SIB-004,Pittsburgh,64,7.16
SAL-2024-12-01-SIB-005-CHI,2024-12-01,sale,SIB-005,Chicago,100,5.98
PUR-2024-12-01-SIB-005-CHI,2024-12-01,purchase,SIB-005,Chicago,123,5.98
SAL-2024-12-01-SIB-005-HOU,2024-12-01,sale,SIB-005,Houston,79,5.98
PUR-2024-12-01-SIB-005-HOU,2024-12-01,purchase,SIB-005,Houston,80,5.98
SAL-2024-12-01-SIB-005-PIT,2024-12-01,sale,SIB-005,Pittsburgh,64,5.98
PUR-2024-12-01-SIB-005-PIT,2024-12-01,purchase,SIB-005,Pittsburgh,78,5.98
SAL-2024-12-01-MOR-001-CHI,2024-12-01,sale,MOR-001,Chicago,13,815.21
PUR-2024-12-01-MOR-001-CHI,2024-12-01,purchase,MOR-001,Chicago,13,815.21
SAL-2024-12-01-MOR-001-HOU,2024-12-01,sale,MOR-001,Houston,11,815.21
PUR-2024-12-01-MOR-001-HOU,2024-12-01,purchase,MOR-001,Houston,11,815.21
SAL-2024-12-01-MOR-001-PIT,2024-12-01,sale,MOR-001,Pittsburgh,8,815.21
PUR-2024-12-01-MOR-001-PIT,2024-12-01,purchase,MOR-001,Pittsburgh,9,815.21
SAL-2024-12-01-MOR-002-CHI,2024-12-01,sale,MOR-002,Chicago,25,836.57
PUR-2024-12-01-MOR-002-CHI,2024-12-01,purchase,MOR-002,Chicago,32,836.57
SAL-2024-12-01-MOR-002-HOU,2024-12-01,sale,MOR-002,Houston,17,836.57
PUR-2024-12-01-MOR-002-HOU,2024-12-01,purchase,MOR-002,Houston,24,836.57
SAL-2024-12-01-MOR-002-PIT,2024-12-01,sale,MOR-002,Pittsburgh,17,836.57
PUR-2024-12-01-MOR-002-PIT,2024-12-01,purchase,MOR-002,Pittsburgh,18,836.57
SAL-2024-12-01-MOR-003-CHI,2024-12-01,sale,MOR-003,Chicago,23,549.69
PUR-2024-12-01-MOR-003-CHI,2024-12-01,purchase,MOR-003,Chicago,17,549.69
SAL-2024-12-01-MOR-003-HOU,2024-12-01,sale,MOR-003,Houston,16,549.69
PUR-2024-12-01-MOR-003-HOU,2024-12-01,purchase,MOR-003,Houston,20,549.69
SAL-2024-12-01-MOR-003-PIT,2024-12-01,sale,MOR-003,Pittsburgh,14,549.69
PUR-2024-12-01-MOR-003-PIT,2024-12-01,purchase,MOR-003,Pittsburgh,12,549.69
SAL-2024-12-01-MOR-004-CHI,2024-12-01,sale,MOR-004,Chicago,12,611.7
PUR-2024-12-01-MOR-004-CHI,2024-12-01,purchase,MOR-004,Chicago,17,611.7
SAL-2024-12-01-MOR-004-HOU,2024-12-01,sale,MOR-004,Houston,11,611.7
PUR-2024-12-01-MOR-004-HOU,2024-12-01,purchase,MOR-004,Houston,12,611.7
SAL-2024-12-01-MOR-004-PIT,2024-12-01,sale,MOR-004,Pittsburgh,8,611.7
PUR-2024-12-01-MOR-004-PIT,2024-12-01,purchase,MOR-004,Pittsburgh,7,611.7
SAL-2024-12-01-MOR-005-CHI,2024-12-01,sale,MOR-005,Chicago,11,806.99
PUR-2024-12-01-MOR-005-CHI,2024-12-01,purchase,MOR-005,Chicago,10,806.99
SAL-2024-12-01-MOR-005-HOU,2024-12-01,sale,MOR-005,Houston,8,806.99
PUR-2024-12-01-MOR-005-HOU,2024-12-01,purchase,MOR-005,Houston,8,806.99
SAL-2024-12-01-MOR-005-PIT,2024-12-01,sale,MOR-005,Pittsburgh,6,806.99
PUR-2024-12-01-MOR-005-PIT,2024-12-01,purchase,MOR-005,Pittsburgh,8,806.99
SAL-2024-12-01-INS-001-CHI,2024-12-01,sale,INS-001,Chicago,78,8.01
PUR-2024-12-01-INS-001-CHI,2024-12-01,purchase,INS-001,Chicago,89,8.01
SAL-2024-12-01-INS-001-HOU,2024-12-01,sale,INS-001,Houston,77,8.01
PUR-2024-12-01-INS-001-HOU,2024-12-01,purchase,INS-001,Houston,72,8.01
SAL-2024-12-01-INS-001-PIT,2024-12-01,sale,INS-001,Pittsburgh,51,8.01
PUR-2024-12-01-INS-001-PIT,2024-12-01,purchase,INS-001,Pittsburgh,43,8.01
SAL-2024-12-01-INS-002-CHI,2024-12-01,sale,INS-002,Chicago,104,15.77
PUR-2024-12-01-INS-002-CHI,2024-12-01,purchase,INS-002,Chicago,108,15.77
SAL-2024-12-01-INS-002-HOU,2024-12-01,sale,INS-002,Houston,83,15.77
PUR-2024-12-01-INS-002-HOU,2024-12-01,purchase,INS-002,Houston,58,15.77
SAL-2024-12-01-INS-002-PIT,2024-12-01,sale,INS-002,Pittsburgh,60,15.77
PUR-2024-12-01-INS-002-PIT,2024-12-01,purchase,INS-002,Pittsburgh,48,15.77
SAL-2024-12-01-INS-003-CHI,2024-12-01,sale,INS-003,Chicago,62,7.69
PUR-2024-12-01-INS-003-CHI,2024-12-01,purchase,INS-003,Chicago,70,7.69
SAL-2024-12-01-INS-003-HOU,2024-12-01,sale,INS-003,Houston,63,7.69
PUR-2024-12-01-INS-003-HOU,2024-12-01,purchase,INS-003,Houston,62,7.69
SAL-2024-12-01-INS-003-PIT,2024-12-01,sale,INS-003,Pittsburgh,48,7.69
PUR-2024-12-01-INS-003-PIT,2024-12-01,purchase,INS-003,Pittsburgh,41,7.69
SAL-2024-12-01-INS-004-CHI,2024-12-01,sale,INS-004,Chicago,69,18.22
PUR-2024-12-01-INS-004-CHI,2024-12-01,purchase,INS-004,Chicago,78,18.22
SAL-2024-12-01-INS-004-HOU,2024-12-01,sale,INS-004,Houston,62,18.22
PUR-2024-12-01-INS-004-HOU,2024-12-01,purchase,INS-004,Houston,60,18.22
SAL-2024-12-01-INS-004-PIT,2024-12-01,sale,INS-004,Pittsburgh,48,18.22
PUR-2024-12-01-INS-004-PIT,2024-12-01,purchase,INS-004,Pittsburgh,37,18.22
SAL-2024-12-01-INS-005-CHI,2024-12-01,sale,INS-005,Chicago,51,14.17
PUR-2024-12-01-INS-005-CHI,2024-12-01,purchase,INS-005,Chicago,40,14.17
SAL-2024-12-01-INS-005-HOU,2024-12-01,sale,INS-005,Houston,42,14.17
PUR-2024-12-01-INS-005-HOU,2024-12-01,purchase,INS-005,Houston,32,14.17
SAL-2024-12-01-INS-005-PIT,2024-12-01,sale,INS-005,Pittsburgh,23,14.17
PUR-2024-12-01-INS-005-PIT,2024-12-01,purchase,INS-005,Pittsburgh,24,14.17
SAL-2025-01-01-MCB-001-CHI,2025-01-01,sale,MCB-001,Chicago,164,11.82
PUR-2025-01-01-MCB-001-CHI,2025-01-01,purchase,MCB-001,Chicago,157,11.82
SAL-2025-01-01-MCB-001-HOU,2025-01-01,sale,MCB-001,Houston,125,11.82
PUR-2025-01-01-MCB-001-HOU,2025-01-01,purchase,MCB-001,Houston,136,11.82
SAL-2025-01-01-MCB-001-PIT,2025-01-01,sale,MCB-001,Pittsburgh,81,11.82
PUR-2025-01-01-MCB-001-PIT,2025-01-01,purchase,MCB-001,Pittsburgh,84,11.82
SAL-2025-01-01-MCB-002-CHI,2025-01-01,sale,MCB-002,Chicago,219,10.69
PUR-2025-01-01-MCB-002-CHI,2025-01-01,purchase,MCB-002,Chicago,181,10.69
SAL-2025-01-01-MCB-002-HOU,2025-01-01,sale,MCB-002,Houston,151,10.69
PUR-2025-01-01-MCB-002-HOU,2025-01-01,purchase,MCB-002,Houston,128,10.69
SAL-2025-01-01-MCB-002-PIT,2025-01-01,sale,MCB-002,Pittsburgh,125,10.69
PUR-2025-01-01-MCB-002-PIT,2025-01-01,purchase,MCB-002,Pittsburgh,105,10.69
SAL-2025-01-01-MCB-003-CHI,2025-01-01,sale,MCB-003,Chicago,144,10.72
PUR-2025-01-01-MCB-003-CHI,2025-01-01,purchase,MCB-003,Chicago,176,10.72
SAL-2025-01-01-MCB-003-HOU,2025-01-01,sale,MCB-003,Houston,123,10.72
PUR-2025-01-01-MCB-003-HOU,2025-01-01,purchase,MCB-003,Houston,98,10.72
SAL-2025-01-01-MCB-003-PIT,2025-01-01,sale,MCB-003,Pittsburgh,82,10.72
PUR-2025-01-01-MCB-003-PIT,2025-01-01,purchase,MCB-003,Pittsburgh,91,10.72
SAL-2025-01-01-MCB-004-CHI,2025-01-01,sale,MCB-004,Chicago,186,12.11
PUR-2025-01-01-MCB-004-CHI,2025-01-01,purchase,MCB-004,Chicago,132,12.11
SAL-2025-01-01-MCB-004-HOU,2025-01-01,sale,MCB-004,Houston,110,12.11
PUR-2025-01-01-MCB-004-HOU,2025-01-01,purchase,MCB-004,Houston,147,12.11
SAL-2025-01-01-MCB-004-PIT,2025-01-01,sale,MCB-004,Pittsburgh,93,12.11
PUR-2025-01-01-MCB-004-PIT,2025-01-01,purchase,MCB-004,Pittsburgh,103,12.11
SAL-2025-01-01-MCB-005-CHI,2025-01-01,sale,MCB-005,Chicago,187,12.46
PUR-2025-01-01-MCB-005-CHI,2025-01-01,purchase,MCB-005,Chicago,136,12.46
SAL-2025-01-01-MCB-005-HOU,2025-01-01,sale,MCB-005,Houston,143,12.46
PUR-2025-01-01-MCB-005-HOU,2025-01-01,purchase,MCB-005,Houston,138,12.46
SAL-2025-01-01-MCB-005-PIT,2025-01-01,sale,MCB-005,Pittsburgh,112,12.46
PUR-2025-01-01-MCB-005-PIT,2025-01-01,purchase,MCB-005,Pittsburgh,100,12.46
SAL-2025-01-01-HAB-001-CHI,2025-01-01,sale,HAB-001,Chicago,189,9.1
PUR-2025-01-01-HAB-001-CHI,2025-01-01,purchase,HAB-001,Chicago,200,9.1
SAL-2025-01-01-HAB-001-HOU,2025-01-01,sale,HAB-001,Houston,148,9.1
PUR-2025-01-01-HAB-001-HOU,2025-01-01,purchase,HAB-001,Houston,125,9.1
SAL-2025-01-01-HAB-001-PIT,2025-01-01,sale,HAB-001,Pittsburgh,89,9.1
PUR-2025-01-01-HAB-001-PIT,2025-01-01,purchase,HAB-001,Pittsburgh,99,9.1
SAL-2025-01-01-HAB-002-CHI,2025-01-01,sale,HAB-002,Chicago,117,8.92
PUR-2025-01-01-HAB-002-CHI,2025-01-01,purchase,HAB-002,Chicago,108,8.92
SAL-2025-01-01-HAB-002-HOU,2025-01-01,sale,HAB-002,Houston,91,8.92
PUR-2025-01-01-HAB-002-HOU,2025-01-01,purchase,HAB-002,Houston,74,8.92
SAL-2025-01-01-HAB-002-PIT,2025-01-01,sale,HAB-002,Pittsburgh,58,8.92
PUR-2025-01-01-HAB-002-PIT,2025-01-01,purchase,HAB-002,Pittsburgh,76,8.92
SAL-2025-01-01-HAB-003-CHI,2025-01-01,sale,HAB-003,Chicago,114,6.1
PUR-2025-01-01-HAB-003-CHI,2025-01-01,purchase,HAB-003,Chicago,117,6.1
SAL-2025-01-01-HAB-003-HOU,2025-01-01,sale,HAB-003,Houston,98,6.1
PUR-2025-01-01-HAB-003-HOU,2025-01-01,purchase,HAB-003,Houston,122,6.1
SAL-2025-01-01-HAB-003-PIT,2025-01-01,sale,HAB-003,Pittsburgh,72,6.1
PUR-2025-01-01-HAB-003-PIT,2025-01-01,purchase,HAB-003,Pittsburgh,98,6.1
SAL-2025-01-01-HAB-004-CHI,2025-01-01,sale,HAB-004,Chicago,126,8.31
PUR-2025-01-01-HAB-004-CHI,2025-01-01,purchase,HAB-004,Chicago,128,8.31
SAL-2025-01-01-HAB-004-HOU,2025-01-01,sale,HAB-004,Houston,80,8.31
PUR-2025-01-01-HAB-004-HOU,2025-01-01,purchase,HAB-004,Houston,104,8.31
SAL-2025-01-01-HAB-004-PIT,2025-01-01,sale,HAB-004,Pittsburgh,66,8.31
PUR-2025-01-01-HAB-004-PIT,2025-01-01,purchase,HAB-004,Pittsburgh,67,8.31
SAL-2025-01-01-HAB-005-CHI,2025-01-01,sale,HAB-005,Chicago,95,7.4
PUR-2025-01-01-HAB-005-CHI,2025-01-01,purchase,HAB-005,Chicago,87,7.4
SAL-2025-01-01-HAB-005-HOU,2025-01-01,sale,HAB-005,Houston,86,7.4
PUR-2025-01-01-HAB-005-HOU,2025-01-01,purchase,HAB-005,Houston,72,7.4
SAL-2025-01-01-HAB-005-PIT,2025-01-01,sale,HAB-005,Pittsburgh,54,7.4
PUR-2025-01-01-HAB-005-PIT,2025-01-01,purchase,HAB-005,Pittsburgh,44,7.4
SAL-2025-01-01-CAS-001-CHI,2025-01-01,sale,CAS-001,Chicago,26,1238.72
PUR-2025-01-01-CAS-001-CHI,2025-01-01,purchase,CAS-001,Chicago,26,1238.72
SAL-2025-01-01-CAS-001-HOU,2025-01-01,sale,CAS-001,Houston,21,1238.72
PUR-2025-01-01-CAS-001-HOU,2025-01-01,purchase,CAS-001,Houston,23,1238.72
SAL-2025-01-01-CAS-001-PIT,2025-01-01,sale,CAS-001,Pittsburgh,14,1238.72
PUR-2025-01-01-CAS-001-PIT,2025-01-01,purchase,CAS-001,Pittsburgh,15,1238.72
SAL-2025-01-01-CAS-002-CHI,2025-01-01,sale,CAS-002,Chicago,24,1129.98
PUR-2025-01-01-CAS-002-CHI,2025-01-01,purchase,CAS-002,Chicago,29,1129.98
SAL-2025-01-01-CAS-002-HOU,2025-01-01,sale,CAS-002,Houston,18,1129.98
PUR-2025-01-01-CAS-002-HOU,2025-01-01,purchase,CAS-002,Houston,21,1129.98
SAL-2025-01-01-CAS-002-PIT,2025-01-01,sale,CAS-002,Pittsburgh,15,1129.98
PUR-2025-01-01-CAS-002-PIT,2025-01-01,purchase,CAS-002,Pittsburgh,11,1129.98
SAL-2025-01-01-CAS-003-CHI,2025-01-01,sale,CAS-003,Chicago,17,1201.89
PUR-2025-01-01-CAS-003-CHI,2025-01-01,purchase,CAS-003,Chicago,20,1201.89
SAL-2025-01-01-CAS-003-HOU,2025-01-01,sale,CAS-003,Houston,14,1201.89
PUR-2025-01-01-CAS-003-HOU,2025-01-01,purchase,CAS-003,Houston,14,1201.89
SAL-2025-01-01-CAS-003-PIT,2025-01-01,sale,CAS-003,Pittsburgh,11,1201.89
PUR-2025-01-01-CAS-003-PIT,2025-01-01,purchase,CAS-003,Pittsburgh,9,1201.89
SAL-2025-01-01-CAS-004-CHI,2025-01-01,sale,CAS-004,Chicago,35,820.97
PUR-2025-01-01-CAS-004-CHI,2025-01-01,purchase,CAS-004,Chicago,28,820.97
SAL-2025-01-01-CAS-004-HOU,2025-01-01,sale,CAS-004,Houston,24,820.97
PUR-2025-01-01-CAS-004-HOU,2025-01-01,purchase,CAS-004,Houston,34,820.97
SAL-2025-01-01-CAS-004-PIT,2025-01-01,sale,CAS-004,Pittsburgh,18,820.97
PUR-2025-01-01-CAS-004-PIT,2025-01-01,purchase,CAS-004,Pittsburgh,20,820.97
SAL-2025-01-01-CAS-005-CHI,2025-01-01,sale,CAS-005,Chicago,23,1039.4
PUR-2025-01-01-CAS-005-CHI,2025-01-01,purchase,CAS-005,Chicago,22,1039.4
SAL-2025-01-01-CAS-005-HOU,2025-01-01,sale,CAS-005,Houston,16,1039.4
PUR-2025-01-01-CAS-005-HOU,2025-01-01,purchase,CAS-005,Houston,17,1039.4
SAL-2025-01-01-CAS-005-PIT,2025-01-01,sale,CAS-005,Pittsburgh,13,1039.4
PUR-2025-01-01-CAS-005-PIT,2025-01-01,purchase,CAS-005,Pittsburgh,13,1039.4
SAL-2025-01-01-SIB-001-CHI,2025-01-01,sale,SIB-001,Chicago,78,7.47
PUR-2025-01-01-SIB-001-CHI,2025-01-01,purchase,SIB-001,Chicago,85,7.47
SAL-2025-01-01-SIB-001-HOU,2025-01-01,sale,SIB-001,Houston,56,7.47
PUR-2025-01-01-SIB-001-HOU,2025-01-01,purchase,SIB-001,Houston,74,7.47
SAL-2025-01-01-SIB-001-PIT,2025-01-01,sale,SIB-001,Pittsburgh,54,7.47
PUR-2025-01-01-SIB-001-PIT,2025-01-01,purchase,SIB-001,Pittsburgh,43,7.47
SAL-2025-01-01-SIB-002-CHI,2025-01-01,sale,SIB-002,Chicago,124,6.57
PUR-2025-01-01-SIB-002-CHI,2025-01-01,purchase,SIB-002,Chicago,143,6.57
SAL-2025-01-01-SIB-002-HOU,2025-01-01,sale,SIB-002,Houston,118,6.57
PUR-2025-01-01-SIB-002-HOU,2025-01-01,purchase,SIB-002,Houston,121,6.57
SAL-2025-01-01-SIB-002-PIT,2025-01-01,sale,SIB-002,Pittsburgh,67,6.57
PUR-2025-01-01-SIB-002-PIT,2025-01-01,purchase,SIB-002,Pittsburgh,93,6.57
SAL-2025-01-01-SIB-003-CHI,2025-01-01,sale,SIB-003,Chicago,78,8.35
PUR-2025-01-01-SIB-003-CHI,2025-01-01,purchase,SIB-003,Chicago,82,8.35
SAL-2025-01-01-SIB-003-HOU,2025-01-01,sale,SIB-003,Houston,85,8.35
PUR-2025-01-01-SIB-003-HOU,2025-01-01,purchase,SIB-003,Houston,80,8.35
SAL-2025-01-01-SIB-003-PIT,2025-01-01,sale,SIB-003,Pittsburgh,62,8.35
PUR-2025-01-01-SIB-003-PIT,2025-01-01,purchase,SIB-003,Pittsburgh,68,8.35
SAL-2025-01-01-SIB-004-CHI,2025-01-01,sale,SIB-004,Chicago,114,7.16
PUR-2025-01-01-SIB-004-CHI,2025-01-01,purchase,SIB-004,Chicago,156,7.16
SAL-2025-01-01-SIB-004-HOU,2025-01-01,sale,SIB-004,Houston,114,7.16
PUR-2025-01-01-SIB-004-HOU,2025-01-01,purchase,SIB-004,Houston,118,7.16
SAL-2025-01-01-SIB-004-PIT,2025-01-01,sale,SIB-004,Pittsburgh,87,7.16
PUR-2025-01-01-SIB-004-PIT,2025-01-01,purchase,SIB-004,Pittsburgh,92,7.16
SAL-2025-01-01-SIB-005-CHI,2025-01-01,sale,SIB-005,Chicago,123,5.98
PUR-2025-01-01-SIB-005-CHI,2025-01-01,purchase,SIB-005,Chicago,136,5.98
SAL-2025-01-01-SIB-005-HOU,2025-01-01,sale,SIB-005,Houston,90,5.98
PUR-2025-01-01-SIB-005-HOU,2025-01-01,purchase,SIB-005,Houston,84,5.98
SAL-2025-01-01-SIB-005-PIT,2025-01-01,sale,SIB-005,Pittsburgh,68,5.98
PUR-2025-01-01-SIB-005-PIT,2025-01-01,purchase,SIB-005,Pittsburgh,56,5.98
SAL-2025-01-01-MOR-001-CHI,2025-01-01,sale,MOR-001,Chicago,16,815.21
PUR-2025-01-01-MOR-001-CHI,2025-01-01,purchase,MOR-001,Chicago,13,815.21
SAL-2025-01-01-MOR-001-HOU,2025-01-01,sale,MOR-001,Houston,12,815.21
PUR-2025-01-01-MOR-001-HOU,2025-01-01,purchase,MOR-001,Houston,12,815.21
SAL-2025-01-01-MOR-001-PIT,2025-01-01,sale,MOR-001,Pittsburgh,8,815.21
PUR-2025-01-01-MOR-001-PIT,2025-01-01,purchase,MOR-001,Pittsburgh,7,815.21
SAL-2025-01-01-MOR-002-CHI,2025-01-01,sale,MOR-002,Chicago,30,836.57
PUR-2025-01-01-MOR-002-CHI,2025-01-01,purchase,MOR-002,Chicago,26,836.57
SAL-2025-01-01-MOR-002-HOU,2025-01-01,sale,MOR-002,Houston,23,836.57
PUR-2025-01-01-MOR-002-HOU,2025-01-01,purchase,MOR-002,Houston,27,836.57
SAL-2025-01-01-MOR-002-PIT,2025-01-01,sale,MOR-002,Pittsburgh,18,836.57
PUR-2025-01-01-MOR-002-PIT,2025-01-01,purchase,MOR-002,Pittsburgh,13,836.57
SAL-2025-01-01-MOR-003-CHI,2025-01-01,sale,MOR-003,Chicago,26,549.69
PUR-2025-01-01-MOR-003-CHI,2025-01-01,purchase,MOR-003,Chicago,21,549.69
SAL-2025-01-01-MOR-003-HOU,2025-01-01,sale,MOR-003,Houston,15,549.69
PUR-2025-01-01-MOR-003-HOU,2025-01-01,purchase,MOR-003,Houston,20,549.69
SAL-2025-01-01-MOR-003-PIT,2025-01-01,sale,MOR-003,Pittsburgh,12,549.69
PUR-2025-01-01-MOR-003-PIT,2025-01-01,purchase,MOR-003,Pittsburgh,13,549.69
SAL-2025-01-01-MOR-004-CHI,2025-01-01,sale,MOR-004,Chicago,18,611.7
PUR-2025-01-01-MOR-004-CHI,2025-01-01,purchase,MOR-004,Chicago,17,611.7
SAL-2025-01-01-MOR-004-HOU,2025-01-01,sale,MOR-004,Houston,13,611.7
PUR-2025-01-01-MOR-004-HOU,2025-01-01,purchase,MOR-004,Houston,14,611.7
SAL-2025-01-01-MOR-004-PIT,2025-01-01,sale,MOR-004,Pittsburgh,10,611.7
PUR-2025-01-01-MOR-004-PIT,2025-01-01,purchase,MOR-004,Pittsburgh,8,611.7
SAL-2025-01-01-MOR-005-CHI,2025-01-01,sale,MOR-005,Chicago,11,806.99
PUR-2025-01-01-MOR-005-CHI,2025-01-01,purchase,MOR-005,Chicago,12,806.99
SAL-2025-01-01-MOR-005-HOU,2025-01-01,sale,MOR-005,Houston,9,806.99
PUR-2025-01-01-MOR-005-HOU,2025-01-01,purchase,MOR-005,Houston,11,806.99
SAL-2025-01-01-MOR-005-PIT,2025-01-01,sale,MOR-005,Pittsburgh,6,806.99
PUR-2025-01-01-MOR-005-PIT,2025-01-01,purchase,MOR-005,Pittsburgh,7,806.99
SAL-2025-01-01-INS-001-CHI,2025-01-01,sale,INS-001,Chicago,105,8.01
PUR-2025-01-01-INS-001-CHI,2025-01-01,purchase,INS-001,Chicago,108,8.01
SAL-2025-01-01-INS-001-HOU,2025-01-01,sale,INS-001,Houston,72,8.01
PUR-2025-01-01-INS-001-HOU,2025-01-01,purchase,INS-001,Houston,91,8.01
SAL-2025-01-01-INS-001-PIT,2025-01-01,sale,INS-001,Pittsburgh,64,8.01
PUR-2025-01-01-INS-001-PIT,2025-01-01,purchase,INS-001,Pittsburgh,58,8.01
SAL-2025-01-01-INS-002-CHI,2025-01-01,sale,INS-002,Chicago,110,15.77
PUR-2025-01-01-INS-002-CHI,2025-01-01,purchase,INS-002,Chicago,81,15.77
SAL-2025-01-01-INS-002-HOU,2025-01-01,sale,INS-002,Houston,90,15.77
PUR-2025-01-01-INS-002-HOU,2025-01-01,purchase,INS-002,Houston,94,15.77
SAL-2025-01-01-INS-002-PIT,2025-01-01,sale,INS-002,Pittsburgh,53,15.77
PUR-2025-01-01-INS-002-PIT,2025-01-01,purchase,INS-002,Pittsburgh,45,15.77
SAL-2025-01-01-INS-003-CHI,2025-01-01,sale,INS-003,Chicago,65,7.69
PUR-2025-01-01-INS-003-CHI,2025-01-01,purchase,INS-003,Chicago,63,7.69
SAL-2025-01-01-INS-003-HOU,2025-01-01,sale,INS-003,Houston,69,7.69
PUR-2025-01-01-INS-003-HOU,2025-01-01,purchase,INS-003,Houston,74,7.69
SAL-2025-01-01-INS-003-PIT,2025-01-01,sale,INS-003,Pittsburgh,53,7.69
PUR-2025-01-01-INS-003-PIT,2025-01-01,purchase,INS-003,Pittsburgh,42,7.69
SAL-2025-01-01-INS-004-CHI,2025-01-01,sale,INS-004,Chicago,93,18.22
PUR-2025-01-01-INS-004-CHI,2025-01-01,purchase,INS-004,Chicago,91,18.22
SAL-2025-01-01-INS-004-HOU,2025-01-01,sale,INS-004,Houston,72,18.22
PUR-2025-01-01-INS-004-HOU,2025-01-01,purchase,INS-004,Houston,63,18.22
SAL-2025-01-01-INS-004-PIT,2025-01-01,sale,INS-004,Pittsburgh,49,18.22
PUR-2025-01-01-INS-004-PIT,2025-01-01,purchase,INS-004,Pittsburgh,55,18.22
SAL-2025-01-01-INS-005-CHI,2025-01-01,sale,INS-005,Chicago,54,14.17
PUR-2025-01-01-INS-005-CHI,2025-01-01,purchase,INS-005,Chicago,45,14.17
SAL-2025-01-01-INS-005-HOU,2025-01-01,sale,INS-005,Houston,43,14.17
PUR-2025-01-01-INS-005-HOU,2025-01-01,purchase,INS-005,Houston,34,14.17
SAL-2025-01-01-INS-005-PIT,2025-01-01,sale,INS-005,Pittsburgh,30,14.17
PUR-2025-01-01-INS-005-PIT,2025-01-01,purchase,INS-005,Pittsburgh,24,14.17
SAL-2025-02-01-MCB-001-CHI,2025-02-01,sale,MCB-001,Chicago,153,11.82
PUR-2025-02-01-MCB-001-CHI,2025-02-01,purchase,MCB-001,Chicago,198,11.82
SAL-2025-02-01-MCB-001-HOU,2025-02-01,sale,MCB-001,Houston,143,11.82
PUR-2025-02-01-MCB-001-HOU,2025-02-01,purchase,MCB-001,Houston,130,11.82
SAL-2025-02-01-MCB-001-PIT,2025-02-01,sale,MCB-001,Pittsburgh,84,11.82
PUR-2025-02-01-MCB-001-PIT,2025-02-01,purchase,MCB-001,Pittsburgh,115,11.82
SAL-2025-02-01-MCB-002-CHI,2025-02-01,sale,MCB-002,Chicago,250,10.69
PUR-2025-02-01-MCB-002-CHI,2025-02-01,purchase,MCB-002,Chicago,281,10.69
SAL-2025-02-01-MCB-002-HOU,2025-02-01,sale,MCB-002,Houston,214,10.69
PUR-2025-02-01-MCB-002-HOU,2025-02-01,purchase,MCB-002,Houston,166,10.69
SAL-2025-02-01-MCB-002-PIT,2025-02-01,sale,MCB-002,Pittsburgh,149,10.69
PUR-2025-02-01-MCB-002-PIT,2025-02-01,purchase,MCB-002,Pittsburgh,160,10.69
SAL-2025-02-01-MCB-003-CHI,2025-02-01,sale,MCB-003,Chicago,140,10.72
PUR-2025-02-01-MCB-003-CHI,2025-02-01,purchase,MCB-003,Chicago,119,10.72
SAL-2025-02-01-MCB-003-HOU,2025-02-01,sale,MCB-003,Houston,119,10.72
PUR-2025-02-01-MCB-003-HOU,2025-02-01,purchase,MCB-003,Houston,136,10.72
SAL-2025-02-01-MCB-003-PIT,2025-02-01,sale,MCB-003,Pittsburgh,84,10.72
PUR-2025-02-01-MCB-003-PIT,2025-02-01,purchase,MCB-003,Pittsburgh,87,10.72
SAL-2025-02-01-MCB-004-CHI,2025-02-01,sale,MCB-004,Chicago,212,12.11
PUR-2025-02-01-MCB-004-CHI,2025-02-01,purchase,MCB-004,Chicago,162,12.11
SAL-2025-02-01-MCB-004-HOU,2025-02-01,sale,MCB-004,Houston,163,12.11
PUR-2025-02-01-MCB-004-HOU,2025-02-01,purchase,MCB-004,Houston,158,12.11
SAL-2025-02-01-MCB-004-PIT,2025-02-01,sale,MCB-004,Pittsburgh,90,12.11
PUR-2025-02-01-MCB-004-PIT,2025-02-01,purchase,MCB-004,Pittsburgh,129,12.11
SAL-2025-02-01-MCB-005-CHI,2025-02-01,sale,MCB-005,Chicago,195,12.46
PUR-2025-02-01-MCB-005-CHI,2025-02-01,purchase,MCB-005,Chicago,153,12.46
SAL-2025-02-01-MCB-005-HOU,2025-02-01,sale,MCB-005,Houston,143,12.46
PUR-2025-02-01-MCB-005-HOU,2025-02-01,purchase,MCB-005,Houston,138,12.46
SAL-2025-02-01-MCB-005-PIT,2025-02-01,sale,MCB-005,Pittsburgh,100,12.46
PUR-2025-02-01-MCB-005-PIT,2025-02-01,purchase,MCB-005,Pittsburgh,115,12.46
SAL-2025-02-01-HAB-001-CHI,2025-02-01,sale,HAB-001,Chicago,192,9.1
PUR-2025-02-01-HAB-001-CHI,2025-02-01,purchase,HAB-001,Chicago,139,9.1
SAL-2025-02-01-HAB-001-HOU,2025-02-01,sale,HAB-001,Houston,146,9.1
PUR-2025-02-01-HAB-001-HOU,2025-02-01,purchase,HAB-001,Houston,165,9.1
SAL-2025-02-01-HAB-001-PIT,2025-02-01,sale,HAB-001,Pittsburgh,117,9.1
PUR-2025-02-01-HAB-001-PIT,2025-02-01,purchase,HAB-001,Pittsburgh,120,9.1
SAL-2025-02-01-HAB-002-CHI,2025-02-01,sale,HAB-002,Chicago,119,8.92
PUR-2025-02-01-HAB-002-CHI,2025-02-01,purchase,HAB-002,Chicago,103,8.92
SAL-2025-02-01-HAB-002-HOU,2025-02-01,sale,HAB-002,Houston,97,8.92
PUR-2025-02-01-HAB-002-HOU,2025-02-01,purchase,HAB-002,Houston,109,8.92
SAL-2025-02-01-HAB-002-PIT,2025-02-01,sale,HAB-002,Pittsburgh,70,8.92
PUR-2025-02-01-HAB-002-PIT,2025-02-01,purchase,HAB-002,Pittsburgh,65,8.92
SAL-2025-02-01-HAB-003-CHI,2025-02-01,sale,HAB-003,Chicago,174,6.1
PUR-2025-02-01-HAB-003-CHI,2025-02-01,purchase,HAB-003,Chicago,154,6.1
SAL-2025-02-01-HAB-003-HOU,2025-02-01,sale,HAB-003,Houston,128,6.1
PUR-2025-02-01-HAB-003-HOU,2025-02-01,purchase,HAB-003,Houston,112,6.1
SAL-2025-02-01-HAB-003-PIT,2025-02-01,sale,HAB-003,Pittsburgh,75,6.1
PUR-2025-02-01-HAB-003-PIT,2025-02-01,purchase,HAB-003,Pittsburgh,79,6.1
SAL-2025-02-01-HAB-004-CHI,2025-02-01,sale,HAB-004,Chicago,130,8.31
PUR-2025-02-01-HAB-004-CHI,2025-02-01,purchase,HAB-004,Chicago,128,8.31
SAL-2025-02-01-HAB-004-HOU,2025-02-01,sale,HAB-004,Houston,88,8.31
PUR-2025-02-01-HAB-004-HOU,2025-02-01,purchase,HAB-004,Houston,119,8.31
SAL-2025-02-01-HAB-004-PIT,2025-02-01,sale,HAB-004,Pittsburgh,68,8.31
PUR-2025-02-01-HAB-004-PIT,2025-02-01,purchase,HAB-004,Pittsburgh,92,8.31
SAL-2025-02-01-HAB-005-CHI,2025-02-01,sale,HAB-005,Chicago,110,7.4
PUR-2025-02-01-HAB-005-CHI,2025-02-01,purchase,HAB-005,Chicago,117,7.4
SAL-2025-02-01-HAB-005-HOU,2025-02-01,sale,HAB-005,Houston,73,7.4
PUR-2025-02-01-HAB-005-HOU,2025-02-01,purchase,HAB-005,Houston,76,7.4
SAL-2025-02-01-HAB-005-PIT,2025-02-01,sale,HAB-005,Pittsburgh,59,7.4
PUR-2025-02-01-HAB-005-PIT,2025-02-01,purchase,HAB-005,Pittsburgh,57,7.4
SAL-2025-02-01-CAS-001-CHI,2025-02-01,sale,CAS-001,Chicago,29,1238.72
PUR-2025-02-01-CAS-001-CHI,2025-02-01,purchase,CAS-001,Chicago,27,1238.72
SAL-2025-02-01-CAS-001-HOU,2025-02-01,sale,CAS-001,Houston,24,1238.72
PUR-2025-02-01-CAS-001-HOU,2025-02-01,purchase,CAS-001,Houston,29,1238.72
SAL-2025-02-01-CAS-001-PIT,2025-02-01,sale,CAS-001,Pittsburgh,19,1238.72
PUR-2025-02-01-CAS-001-PIT,2025-02-01,purchase,CAS-001,Pittsburgh,21,1238.72
SAL-2025-02-01-CAS-002-CHI,2025-02-01,sale,CAS-002,Chicago,23,1129.98
PUR-2025-02-01-CAS-002-CHI,2025-02-01,purchase,CAS-002,Chicago,27,1129.98
SAL-2025-02-01-CAS-002-HOU,2025-02-01,sale,CAS-002,Houston,21,1129.98
PUR-2025-02-01-CAS-002-HOU,2025-02-01,purchase,CAS-002,Houston,19,1129.98
SAL-2025-02-01-CAS-002-PIT,2025-02-01,sale,CAS-002,Pittsburgh,13,1129.98
PUR-2025-02-01-CAS-002-PIT,2025-02-01,purchase,CAS-002,Pittsburgh,13,1129.98
SAL-2025-02-01-CAS-003-CHI,2025-02-01,sale,CAS-003,Chicago,21,1201.89
PUR-2025-02-01-CAS-003-CHI,2025-02-01,purchase,CAS-003,Chicago,19,1201.89
SAL-2025-02-01-CAS-003-HOU,2025-02-01,sale,CAS-003,Houston,15,1201.89
PUR-2025-02-01-CAS-003-HOU,2025-02-01,purchase,CAS-003,Houston,19,1201.89
SAL-2025-02-01-CAS-003-PIT,2025-02-01,sale,CAS-003,Pittsburgh,13,1201.89
PUR-2025-02-01-CAS-003-PIT,2025-02-01,purchase,CAS-003,Pittsburgh,12,1201.89
SAL-2025-02-01-CAS-004-CHI,2025-02-01,sale,CAS-004,Chicago,31,820.97
PUR-2025-02-01-CAS-004-CHI,2025-02-01,purchase,CAS-004,Chicago,32,820.97
SAL-2025-02-01-CAS-004-HOU,2025-02-01,sale,CAS-004,Houston,32,820.97
PUR-2025-02-01-CAS-004-HOU,2025-02-01,purchase,CAS-004,Houston,34,820.97
SAL-2025-02-01-CAS-004-PIT,2025-02-01,sale,CAS-004,Pittsburgh,26,820.97
PUR-2025-02-01-CAS-004-PIT,2025-02-01,purchase,CAS-004,Pittsburgh,22,820.97
SAL-2025-02-01-CAS-005-CHI,2025-02-01,sale,CAS-005,Chicago,23,1039.4
PUR-2025-02-01-CAS-005-CHI,2025-02-01,purchase,CAS-005,Chicago,23,1039.4
SAL-2025-02-01-CAS-005-HOU,2025-02-01,sale,CAS-005,Houston,15,1039.4
PUR-2025-02-01-CAS-005-HOU,2025-02-01,purchase,CAS-005,Houston,17,1039.4
SAL-2025-02-01-CAS-005-PIT,2025-02-01,sale,CAS-005,Pittsburgh,15,1039.4
PUR-2025-02-01-CAS-005-PIT,2025-02-01,purchase,CAS-005,Pittsburgh,14,1039.4
SAL-2025-02-01-SIB-001-CHI,2025-02-01,sale,SIB-001,Chicago,84,7.47
PUR-2025-02-01-SIB-001-CHI,2025-02-01,purchase,SIB-001,Chicago,84,7.47
SAL-2025-02-01-SIB-001-HOU,2025-02-01,sale,SIB-001,Houston,64,7.47
PUR-2025-02-01-SIB-001-HOU,2025-02-01,purchase,SIB-001,Houston,76,7.47
SAL-2025-02-01-SIB-001-PIT,2025-02-01,sale,SIB-001,Pittsburgh,45,7.47
PUR-2025-02-01-SIB-001-PIT,2025-02-01,purchase,SIB-001,Pittsburgh,46,7.47
SAL-2025-02-01-SIB-002-CHI,2025-02-01,sale,SIB-002,Chicago,164,6.57
PUR-2025-02-01-SIB-002-CHI,2025-02-01,purchase,SIB-002,Chicago,144,6.57
SAL-2025-02-01-SIB-002-HOU,2025-02-01,sale,SIB-002,Houston,131,6.57
PUR-2025-02-01-SIB-002-HOU,2025-02-01,purchase,SIB-002,Houston,129,6.57
SAL-2025-02-01-SIB-002-PIT,2025-02-01,sale,SIB-002,Pittsburgh,83,6.57
PUR-2025-02-01-SIB-002-PIT,2025-02-01,purchase,SIB-002,Pittsburgh,100,6.57
SAL-2025-02-01-SIB-003-CHI,2025-02-01,sale,SIB-003,Chicago,90,8.35
PUR-2025-02-01-SIB-003-CHI,2025-02-01,purchase,SIB-003,Chicago,110,8.35
SAL-2025-02-01-SIB-003-HOU,2025-02-01,sale,SIB-003,Houston,72,8.35
PUR-2025-02-01-SIB-003-HOU,2025-02-01,purchase,SIB-003,Houston,61,8.35
SAL-2025-02-01-SIB-003-PIT,2025-02-01,sale,SIB-003,Pittsburgh,71,8.35
PUR-2025-02-01-SIB-003-PIT,2025-02-01,purchase,SIB-003,Pittsburgh,73,8.35
SAL-2025-02-01-SIB-004-CHI,2025-02-01,sale,SIB-004,Chicago,159,7.16
PUR-2025-02-01-SIB-004-CHI,2025-02-01,purchase,SIB-004,Chicago,153,7.16
SAL-2025-02-01-SIB-004-HOU,2025-02-01,sale,SIB-004,Houston,107,7.16
PUR-2025-02-01-SIB-004-HOU,2025-02-01,purchase,SIB-004,Houston,111,7.16
SAL-2025-02-01-SIB-004-PIT,2025-02-01,sale,SIB-004,Pittsburgh,85,7.16
PUR-2025-02-01-SIB-004-PIT,2025-02-01,purchase,SIB-004,Pittsburgh,73,7.16
SAL-2025-02-01-SIB-005-CHI,2025-02-01,sale,SIB-005,Chicago,140,5.98
PUR-2025-02-01-SIB-005-CHI,2025-02-01,purchase,SIB-005,Chicago,124,5.98
SAL-2025-02-01-SIB-005-HOU,2025-02-01,sale,SIB-005,Houston,86,5.98
PUR-2025-02-01-SIB-005-HOU,2025-02-01,purchase,SIB-005,Houston,80,5.98
SAL-2025-02-01-SIB-005-PIT,2025-02-01,sale,SIB-005,Pittsburgh,73,5.98
PUR-2025-02-01-SIB-005-PIT,2025-02-01,purchase,SIB-005,Pittsburgh,76,5.98
SAL-2025-02-01-MOR-001-CHI,2025-02-01,sale,MOR-001,Chicago,16,815.21
PUR-2025-02-01-MOR-001-CHI,2025-02-01,purchase,MOR-001,Chicago,13,815.21
SAL-2025-02-01-MOR-001-HOU,2025-02-01,sale,MOR-001,Houston,10,815.21
PUR-2025-02-01-MOR-001-HOU,2025-02-01,purchase,MOR-001,Houston,12,815.21
SAL-2025-02-01-MOR-001-PIT,2025-02-01,sale,MOR-001,Pittsburgh,8,815.21
PUR-2025-02-01-MOR-001-PIT,2025-02-01,purchase,MOR-001,Pittsburgh,7,815.21
SAL-2025-02-01-MOR-002-CHI,2025-02-01,sale,MOR-002,Chicago,28,836.57
PUR-2025-02-01-MOR-002-CHI,2025-02-01,purchase,MOR-002,Chicago,26,836.57
SAL-2025-02-01-MOR-002-HOU,2025-02-01,sale,MOR-002,Houston,22,836.57
PUR-2025-02-01-MOR-002-HOU,2025-02-01,purchase,MOR-002,Houston,21,836.57
SAL-2025-02-01-MOR-002-PIT,2025-02-01,sale,MOR-002,Pittsburgh,20,836.57
PUR-2025-02-01-MOR-002-PIT,2025-02-01,purchase,MOR-002,Pittsburgh,20,836.57
SAL-2025-02-01-MOR-003-CHI,2025-02-01,sale,MOR-003,Chicago,24,549.69
PUR-2025-02-01-MOR-003-CHI,2025-02-01,purchase,MOR-003,Chicago,23,549.69
SAL-2025-02-01-MOR-003-HOU,2025-02-01,sale,MOR-003,Houston,17,549.69
PUR-2025-02-01-MOR-003-HOU,2025-02-01,purchase,MOR-003,Houston,22,549.69
SAL-2025-02-01-MOR-003-PIT,2025-02-01,sale,MOR-003,Pittsburgh,15,549.69
PUR-2025-02-01-MOR-003-PIT,2025-02-01,purchase,MOR-003,Pittsburgh,13,549.69
SAL-2025-02-01-MOR-004-CHI,2025-02-01,sale,MOR-004,Chicago,18,611.7
PUR-2025-02-01-MOR-004-CHI,2025-02-01,purchase,MOR-004,Chicago,18,611.7
SAL-2025-02-01-MOR-004-HOU,2025-02-01,sale,MOR-004,Houston,13,611.7
PUR-2025-02-01-MOR-004-HOU,2025-02-01,purchase,MOR-004,Houston,14,611.7
SAL-2025-02-01-MOR-004-PIT,2025-02-01,sale,MOR-004,Pittsburgh,10,611.7
PUR-2025-02-01-MOR-004-PIT,2025-02-01,purchase,MOR-004,Pittsburgh,10,611.7
SAL-2025-02-01-MOR-005-CHI,2025-02-01,sale,MOR-005,Chicago,13,806.99
PUR-2025-02-01-MOR-005-CHI,2025-02-01,purchase,MOR-005,Chicago,13,806.99
SAL-2025-02-01-MOR-005-HOU,2025-02-01,sale,MOR-005,Houston,11,806.99
PUR-2025-02-01-MOR-005-HOU,2025-02-01,purchase,MOR-005,Houston,12,806.99
SAL-2025-02-01-MOR-005-PIT,2025-02-01,sale,MOR-005,Pittsburgh,7,806.99
PUR-2025-02-01-MOR-005-PIT,2025-02-01,purchase,MOR-005,Pittsburgh,7,806.99
SAL-2025-02-01-INS-001-CHI,2025-02-01,sale,INS-001,Chicago,112,8.01
PUR-2025-02-01-INS-001-CHI,2025-02-01,purchase,INS-001,Chicago,129,8.01
SAL-2025-02-01-INS-001-HOU,2025-02-01,sale,INS-001,Houston,94,8.01
PUR-2025-02-01-INS-001-HOU,2025-02-01,purchase,INS-001,Houston,88,8.01
SAL-2025-02-01-INS-001-PIT,2025-02-01,sale,INS-001,Pittsburgh,72,8.01
PUR-2025-02-01-INS-001-PIT,2025-02-01,purchase,INS-001,Pittsburgh,67,8.01
SAL-2025-02-01-INS-002-CHI,2025-02-01,sale,INS-002,Chicago,102,15.77
PUR-2025-02-01-INS-002-CHI,2025-02-01,purchase,INS-002,Chicago,124,15.77
SAL-2025-02-01-INS-002-HOU,2025-02-01,sale,INS-002,Houston,90,15.77
PUR-2025-02-01-INS-002-HOU,2025-02-01,purchase,INS-002,Houston,90,15.77
SAL-2025-02-01-INS-002-PIT,2025-02-01,sale,INS-002,Pittsburgh,61,15.77
PUR-2025-02-01-INS-002-PIT,2025-02-01,purchase,INS-002,Pittsburgh,63,15.77
SAL-2025-02-01-INS-003-CHI,2025-02-01,sale,INS-003,Chicago,93,7.69
PUR-2025-02-01-INS-003-CHI,2025-02-01,purchase,INS-003,Chicago,72,7.69
SAL-2025-02-01-INS-003-HOU,2025-02-01,sale,INS-003,Houston,58,7.69
PUR-2025-02-01-INS-003-HOU,2025-02-01,purchase,INS-003,Houston,77,7.69
SAL-2025-02-01-INS-003-PIT,2025-02-01,sale,INS-003,Pittsburgh,54,7.69
PUR-2025-02-01-INS-003-PIT,2025-02-01,purchase,INS-003,Pittsburgh,62,7.69
SAL-2025-02-01-INS-004-CHI,2025-02-01,sale,INS-004,Chicago,81,18.22
PUR-2025-02-01-INS-004-CHI,2025-02-01,purchase,INS-004,Chicago,93,18.22
SAL-2025-02-01-INS-004-HOU,2025-02-01,sale,INS-004,Houston,72,18.22
PUR-2025-02-01-INS-004-HOU,2025-02-01,purchase,INS-004,Houston,64,18.22
SAL-2025-02-01-INS-004-PIT,2025-02-01,sale,INS-004,Pittsburgh,46,18.22
PUR-2025-02-01-INS-004-PIT,2025-02-01,purchase,INS-004,Pittsburgh,44,18.22
SAL-2025-02-01-INS-005-CHI,2025-02-01,sale,INS-005,Chicago,63,14.17
PUR-2025-02-01-INS-005-CHI,2025-02-01,purchase,INS-005,Chicago,48,14.17
SAL-2025-02-01-INS-005-HOU,2025-02-01,sale,INS-005,Houston,37,14.17
PUR-2025-02-01-INS-005-HOU,2025-02-01,purchase,INS-005,Houston,43,14.17
SAL-2025-02-01-INS-005-PIT,2025-02-01,sale,INS-005,Pittsburgh,30,14.17
PUR-2025-02-01-INS-005-PIT,2025-02-01,purchase,INS-005,Pittsburgh,28,14.17
SAL-2025-03-01-MCB-001-CHI,2025-03-01,sale,MCB-001,Chicago,167,11.82
PUR-2025-03-01-MCB-001-CHI,2025-03-01,purchase,MCB-001,Chicago,192,11.82
SAL-2025-03-01-MCB-001-HOU,2025-03-01,sale,MCB-001,Houston,114,11.82
PUR-2025-03-01-MCB-001-HOU,2025-03-01,purchase,MCB-001,Houston,118,11.82
SAL-2025-03-01-MCB-001-PIT,2025-03-01,sale,MCB-001,Pittsburgh,103,11.82
PUR-2025-03-01-MCB-001-PIT,2025-03-01,purchase,MCB-001,Pittsburgh,81,11.82
SAL-2025-03-01-MCB-002-CHI,2025-03-01,sale,MCB-002,Chicago,273,10.69
PUR-2025-03-01-MCB-002-CHI,2025-03-01,purchase,MCB-002,Chicago,270,10.69
SAL-2025-03-01-MCB-002-HOU,2025-03-01,sale,MCB-002,Houston,173,10.69
PUR-2025-03-01-MCB-002-HOU,2025-03-01,purchase,MCB-002,Houston,170,10.69
SAL-2025-03-01-MCB-002-PIT,2025-03-01,sale,MCB-002,Pittsburgh,124,10.69
PUR-2025-03-01-MCB-002-PIT,2025-03-01,purchase,MCB-002,Pittsburgh,157,10.69
SAL-2025-03-01-MCB-003-CHI,2025-03-01,sale,MCB-003,Chicago,158,10.72
PUR-2025-03-01-MCB-003-CHI,2025-03-01,purchase,MCB-003,Chicago,124,10.72
SAL-2025-03-01-MCB-003-HOU,2025-03-01,sale,MCB-003,Houston,122,10.72
PUR-2025-03-01-MCB-003-HOU,2025-03-01,purchase,MCB-003,Houston,102,10.72
SAL-2025-03-01-MCB-003-PIT,2025-03-01,sale,MCB-003,Pittsburgh,79,10.72
PUR-2025-03-01-MCB-003-PIT,2025-03-01,purchase,MCB-003,Pittsburgh,109,10.72
SAL-2025-03-01-MCB-004-CHI,2025-03-01,sale,MCB-004,Chicago,179,12.11
PUR-2025-03-01-MCB-004-CHI,2025-03-01,purchase,MCB-004,Chicago,206,12.11
SAL-2025-03-01-MCB-004-HOU,2025-03-01,sale,MCB-004,Houston,125,12.11
PUR-2025-03-01-MCB-004-HOU,2025-03-01,purchase,MCB-004,Houston,137,12.11
SAL-2025-03-01-MCB-004-PIT,2025-03-01,sale,MCB-004,Pittsburgh,107,12.11
PUR-2025-03-01-MCB-004-PIT,2025-03-01,purchase,MCB-004,Pittsburgh,100,12.11
SAL-2025-03-01-MCB-005-CHI,2025-03-01,sale,MCB-005,Chicago,194,12.46
PUR-2025-03-01-MCB-005-CHI,2025-03-01,purchase,MCB-005,Chicago,197,12.46
SAL-2025-03-01-MCB-005-HOU,2025-03-01,sale,MCB-005,Houston,170,12.46
PUR-2025-03-01-MCB-005-HOU,2025-03-01,purchase,MCB-005,Houston,148,12.46
SAL-2025-03-01-MCB-005-PIT,2025-03-01,sale,MCB-005,Pittsburgh,91,12.46
PUR-2025-03-01-MCB-005-PIT,2025-03-01,purchase,MCB-005,Pittsburgh,130,12.46
SAL-2025-03-01-HAB-001-CHI,2025-03-01,sale,HAB-001,Chicago,162,9.1
PUR-2025-03-01-HAB-001-CHI,2025-03-01,purchase,HAB-001,Chicago,202,9.1
SAL-2025-03-01-HAB-001-HOU,2025-03-01,sale,HAB-001,Houston,172,9.1
PUR-2025-03-01-HAB-001-HOU,2025-03-01,purchase,HAB-001,Houston,116,9.1
SAL-2025-03-01-HAB-001-PIT,2025-03-01,sale,HAB-001,Pittsburgh,115,9.1
PUR-2025-03-01-HAB-001-PIT,2025-03-01,purchase,HAB-001,Pittsburgh,97,9.1
SAL-2025-03-01-HAB-002-CHI,2025-03-01,sale,HAB-002,Chicago,140,8.92
PUR-2025-03-01-HAB-002-CHI,2025-03-01,purchase,HAB-002,Chicago,93,8.92
SAL-2025-03-01-HAB-002-HOU,2025-03-01,sale,HAB-002,Houston,111,8.92
PUR-2025-03-01-HAB-002-HOU,2025-03-01,purchase,HAB-002,Houston,115,8.92
SAL-2025-03-01-HAB-002-PIT,2025-03-01,sale,HAB-002,Pittsburgh,82,8.92
PUR-2025-03-01-HAB-002-PIT,2025-03-01,purchase,HAB-002,Pittsburgh,68,8.92
SAL-2025-03-01-HAB-003-CHI,2025-03-01,sale,HAB-003,Chicago,156,6.1
PUR-2025-03-01-HAB-003-CHI,2025-03-01,purchase,HAB-003,Chicago,134,6.1
SAL-2025-03-01-HAB-003-HOU,2025-03-01,sale,HAB-003,Houston,108,6.1
PUR-2025-03-01-HAB-003-HOU,2025-03-01,purchase,HAB-003,Houston,109,6.1
SAL-2025-03-01-HAB-003-PIT,2025-03-01,sale,HAB-003,Pittsburgh,79,6.1
PUR-2025-03-01-HAB-003-PIT,2025-03-01,purchase,HAB-003,Pittsburgh,98,6.1
SAL-2025-03-01-HAB-004-CHI,2025-03-01,sale,HAB-004,Chicago,131,8.31
PUR-2025-03-01-HAB-004-CHI,2025-03-01,purchase,HAB-004,Chicago,154,8.31
SAL-2025-03-01-HAB-004-HOU,2025-03-01,sale,HAB-004,Houston,122,8.31
PUR-2025-03-01-HAB-004-HOU,2025-03-01,purchase,HAB-004,Houston,92,8.31
SAL-2025-03-01-HAB-004-PIT,2025-03-01,sale,HAB-004,Pittsburgh,98,8.31
PUR-2025-03-01-HAB-004-PIT,2025-03-01,purchase,HAB-004,Pittsburgh,64,8.31
SAL-2025-03-01-HAB-005-CHI,2025-03-01,sale,HAB-005,Chicago,104,7.4
PUR-2025-03-01-HAB-005-CHI,2025-03-01,purchase,HAB-005,Chicago,84,7.4
SAL-2025-03-01-HAB-005-HOU,2025-03-01,sale,HAB-005,Houston,77,7.4
PUR-2025-03-01-HAB-005-HOU,2025-03-01,purchase,HAB-005,Houston,77,7.4
SAL-2025-03-01-HAB-005-PIT,2025-03-01,sale,HAB-005,Pittsburgh,65,7.4
PUR-2025-03-01-HAB-005-PIT,2025-03-01,purchase,HAB-005,Pittsburgh,52,7.4
SAL-2025-03-01-CAS-001-CHI,2025-03-01,sale,CAS-001,Chicago,27,1238.72
PUR-2025-03-01-CAS-001-CHI,2025-03-01,purchase,CAS-001,Chicago,33,1238.72
SAL-2025-03-01-CAS-001-HOU,2025-03-01,sale,CAS-001,Houston,22,1238.72
PUR-2025-03-01-CAS-001-HOU,2025-03-01,purchase,CAS-001,Houston,21,1238.72
SAL-2025-03-01-CAS-001-PIT,2025-03-01,sale,CAS-001,Pittsburgh,21,1238.72
PUR-2025-03-01-CAS-001-PIT,2025-03-01,purchase,CAS-001,Pittsburgh,17,1238.72
SAL-2025-03-01-CAS-002-CHI,2025-03-01,sale,CAS-002,Chicago,23,1129.98
PUR-2025-03-01-CAS-002-CHI,2025-03-01,purchase,CAS-002,Chicago,32,1129.98
SAL-2025-03-01-CAS-002-HOU,2025-03-01,sale,CAS-002,Houston,20,1129.98
PUR-2025-03-01-CAS-002-HOU,2025-03-01,purchase,CAS-002,Houston,23,1129.98
SAL-2025-03-01-CAS-002-PIT,2025-03-01,sale,CAS-002,Pittsburgh,15,1129.98
PUR-2025-03-01-CAS-002-PIT,2025-03-01,purchase,CAS-002,Pittsburgh,17,1129.98
SAL-2025-03-01-CAS-003-CHI,2025-03-01,sale,CAS-003,Chicago,19,1201.89
PUR-2025-03-01-CAS-003-CHI,2025-03-01,purchase,CAS-003,Chicago,16,1201.89
SAL-2025-03-01-CAS-003-HOU,2025-03-01,sale,CAS-003,Houston,19,1201.89
PUR-2025-03-01-CAS-003-HOU,2025-03-01,purchase,CAS-003,Houston,18,1201.89
SAL-2025-03-01-CAS-003-PIT,2025-03-01,sale,CAS-003,Pittsburgh,13,1201.89
PUR-2025-03-01-CAS-003-PIT,2025-03-01,purchase,CAS-003,Pittsburgh,14,1201.89
SAL-2025-03-01-CAS-004-CHI,2025-03-01,sale,CAS-004,Chicago,41,820.97
PUR-2025-03-01-CAS-004-CHI,2025-03-01,purchase,CAS-004,Chicago,43,820.97
SAL-2025-03-01-CAS-004-HOU,2025-03-01,sale,CAS-004,Houston,36,820.97
PUR-2025-03-01-CAS-004-HOU,2025-03-01,purchase,CAS-004,Houston,31,820.97
SAL-2025-03-01-CAS-004-PIT,2025-03-01,sale,CAS-004,Pittsburgh,22,820.97
PUR-2025-03-01-CAS-004-PIT,2025-03-01,purchase,CAS-004,Pittsburgh,24,820.97
SAL-2025-03-01-CAS-005-CHI,2025-03-01,sale,CAS-005,Chicago,23,1039.4
PUR-2025-03-01-CAS-005-CHI,2025-03-01,purchase,CAS-005,Chicago,26,1039.4
SAL-2025-03-01-CAS-005-HOU,2025-03-01,sale,CAS-005,Houston,19,1039.4
PUR-2025-03-01-CAS-005-HOU,2025-03-01,purchase,CAS-005,Houston,16,1039.4
SAL-2025-03-01-CAS-005-PIT,2025-03-01,sale,CAS-005,Pittsburgh,11,1039.4
PUR-2025-03-01-CAS-005-PIT,2025-03-01,purchase,CAS-005,Pittsburgh,11,1039.4
SAL-2025-03-01-SIB-001-CHI,2025-03-01,sale,SIB-001,Chicago,86,7.47
PUR-2025-03-01-SIB-001-CHI,2025-03-01,purchase,SIB-001,Chicago,102,7.47
SAL-2025-03-01-SIB-001-HOU,2025-03-01,sale,SIB-001,Houston,61,7.47
PUR-2025-03-01-SIB-001-HOU,2025-03-01,purchase,SIB-001,Houston,65,7.47
SAL-2025-03-01-SIB-001-PIT,2025-03-01,sale,SIB-001,Pittsburgh,52,7.47
PUR-2025-03-01-SIB-001-PIT,2025-03-01,purchase,SIB-001,Pittsburgh,44,7.47
SAL-2025-03-01-SIB-002-CHI,2025-03-01,sale,SIB-002,Chicago,133,6.57
PUR-2025-03-01-SIB-002-CHI,2025-03-01,purchase,SIB-002,Chicago,158,6.57
SAL-2025-03-01-SIB-002-HOU,2025-03-01,sale,SIB-002,Houston,130,6.57
PUR-2025-03-01-SIB-002-HOU,2025-03-01,purchase,SIB-002,Houston,103,6.57
SAL-2025-03-01-SIB-002-PIT,2025-03-01,sale,SIB-002,Pittsburgh,87,6.57
PUR-2025-03-01-SIB-002-PIT,2025-03-01,purchase,SIB-002,Pittsburgh,101,6.57
SAL-2025-03-01-SIB-003-CHI,2025-03-01,sale,SIB-003,Chicago,108,8.35
PUR-2025-03-01-SIB-003-CHI,2025-03-01,purchase,SIB-003,Chicago,97,8.35
SAL-2025-03-01-SIB-003-HOU,2025-03-01,sale,SIB-003,Houston,78,8.35
PUR-2025-03-01-SIB-003-HOU,2025-03-01,purchase,SIB-003,Houston,102,8.35
SAL-2025-03-01-SIB-003-PIT,2025-03-01,sale,SIB-003,Pittsburgh,71,8.35
PUR-2025-03-01-SIB-003-PIT,2025-03-01,purchase,SIB-003,Pittsburgh,53,8.35
SAL-2025-03-01-SIB-004-CHI,2025-03-01,sale,SIB-004,Chicago,124,7.16
PUR-2025-03-01-SIB-004-CHI,2025-03-01,purchase,SIB-004,Chicago,131,7.16
SAL-2025-03-01-SIB-004-HOU,2025-03-01,sale,SIB-004,Houston,130,7.16
PUR-2025-03-01-SIB-004-HOU,2025-03-01,purchase,SIB-004,Houston,137,7.16
SAL-2025-03-01-SIB-004-PIT,2025-03-01,sale,SIB-004,Pittsburgh,95,7.16
PUR-2025-03-01-SIB-004-PIT,2025-03-01,purchase,SIB-004,Pittsburgh,75,7.16
SAL-2025-03-01-SIB-005-CHI,2025-03-01,sale,SIB-005,Chicago,128,5.98
PUR-2025-03-01-SIB-005-CHI,2025-03-01,purchase,SIB-005,Chicago,160,5.98
SAL-2025-03-01-SIB-005-HOU,2025-03-01,sale,SIB-005,Houston,96,5.98
PUR-2025-03-01-SIB-005-HOU,2025-03-01,purchase,SIB-005,Houston,101,5.98
SAL-2025-03-01-SIB-005-PIT,2025-03-01,sale,SIB-005,Pittsburgh,76,5.98
PUR-2025-03-01-SIB-005-PIT,2025-03-01,purchase,SIB-005,Pittsburgh,90,5.98
SAL-2025-03-01-MOR-001-CHI,2025-03-01,sale,MOR-001,Chicago,13,815.21
PUR-2025-03-01-MOR-001-CHI,2025-03-01,purchase,MOR-001,Chicago,18,815.21
SAL-2025-03-01-MOR-001-HOU,2025-03-01,sale,MOR-001,Houston,12,815.21
PUR-2025-03-01-MOR-001-HOU,2025-03-01,purchase,MOR-001,Houston,9,815.21
SAL-2025-03-01-MOR-001-PIT,2025-03-01,sale,MOR-001,Pittsburgh,8,815.21
PUR-2025-03-01-MOR-001-PIT,2025-03-01,purchase,MOR-001,Pittsburgh,7,815.21
SAL-2025-03-01-MOR-002-CHI,2025-03-01,sale,MOR-002,Chicago,31,836.57
PUR-2025-03-01-MOR-002-CHI,2025-03-01,purchase,MOR-002,Chicago,38,836.57
SAL-2025-03-01-MOR-002-HOU,2025-03-01,sale,MOR-002,Houston,26,836.57
PUR-2025-03-01-MOR-002-HOU,2025-03-01,purchase,MOR-002,Houston,26,836.57
SAL-2025-03-01-MOR-002-PIT,2025-03-01,sale,MOR-002,Pittsburgh,17,836.57
PUR-2025-03-01-MOR-002-PIT,2025-03-01,purchase,MOR-002,Pittsburgh,23,836.57
SAL-2025-03-01-MOR-003-CHI,2025-03-01,sale,MOR-003,Chicago,25,549.69
PUR-2025-03-01-MOR-003-CHI,2025-03-01,purchase,MOR-003,Chicago,25,549.69
SAL-2025-03-01-MOR-003-HOU,2025-03-01,sale,MOR-003,Houston,18,549.69
PUR-2025-03-01-MOR-003-HOU,2025-03-01,purchase,MOR-003,Houston,22,549.69
SAL-2025-03-01-MOR-003-PIT,2025-03-01,sale,MOR-003,Pittsburgh,17,549.69
PUR-2025-03-01-MOR-003-PIT,2025-03-01,purchase,MOR-003,Pittsburgh,15,549.69
SAL-2025-03-01-MOR-004-CHI,2025-03-01,sale,MOR-004,Chicago,21,611.7
PUR-2025-03-01-MOR-004-CHI,2025-03-01,purchase,MOR-004,Chicago,20,611.7
SAL-2025-03-01-MOR-004-HOU,2025-03-01,sale,MOR-004,Houston,14,611.7
PUR-2025-03-01-MOR-004-HOU,2025-03-01,purchase,MOR-004,Houston,12,611.7
SAL-2025-03-01-MOR-004-PIT,2025-03-01,sale,MOR-004,Pittsburgh,12,611.7
PUR-2025-03-01-MOR-004-PIT,2025-03-01,purchase,MOR-004,Pittsburgh,10,611.7
SAL-2025-03-01-MOR-005-CHI,2025-03-01,sale,MOR-005,Chicago,13,806.99
PUR-2025-03-01-MOR-005-CHI,2025-03-01,purchase,MOR-005,Chicago,12,806.99
SAL-2025-03-01-MOR-005-HOU,2025-03-01,sale,MOR-005,Houston,10,806.99
PUR-2025-03-01-MOR-005-HOU,2025-03-01,purchase,MOR-005,Houston,9,806.99
SAL-2025-03-01-MOR-005-PIT,2025-03-01,sale,MOR-005,Pittsburgh,8,806.99
PUR-2025-03-01-MOR-005-PIT,2025-03-01,purchase,MOR-005,Pittsburgh,10,806.99
SAL-2025-03-01-INS-001-CHI,2025-03-01,sale,INS-001,Chicago,112,8.01
PUR-2025-03-01-INS-001-CHI,2025-03-01,purchase,INS-001,Chicago,107,8.01
SAL-2025-03-01-INS-001-HOU,2025-03-01,sale,INS-001,Houston,74,8.01
PUR-2025-03-01-INS-001-HOU,2025-03-01,purchase,INS-001,Houston,68,8.01
SAL-2025-03-01-INS-001-PIT,2025-03-01,sale,INS-001,Pittsburgh,68,8.01
PUR-2025-03-01-INS-001-PIT,2025-03-01,purchase,INS-001,Pittsburgh,63,8.01
SAL-2025-03-01-INS-002-CHI,2025-03-01,sale,INS-002,Chicago,126,15.77
PUR-2025-03-01-INS-002-CHI,2025-03-01,purchase,INS-002,Chicago,122,15.77
SAL-2025-03-01-INS-002-HOU,2025-03-01,sale,INS-002,Houston,77,15.77
PUR-2025-03-01-INS-002-HOU,2025-03-01,purchase,INS-002,Houston,105,15.77
SAL-2025-03-01-INS-002-PIT,2025-03-01,sale,INS-002,Pittsburgh,68,15.77
PUR-2025-03-01-INS-002-PIT,2025-03-01,purchase,INS-002,Pittsburgh,75,15.77
SAL-2025-03-01-INS-003-CHI,2025-03-01,sale,INS-003,Chicago,89,7.69
PUR-2025-03-01-INS-003-CHI,2025-03-01,purchase,INS-003,Chicago,82,7.69
SAL-2025-03-01-INS-003-HOU,2025-03-01,sale,INS-003,Houston,82,7.69
PUR-2025-03-01-INS-003-HOU,2025-03-01,purchase,INS-003,Houston,59,7.69
SAL-2025-03-01-INS-003-PIT,2025-03-01,sale,INS-003,Pittsburgh,46,7.69
PUR-2025-03-01-INS-003-PIT,2025-03-01,purchase,INS-003,Pittsburgh,45,7.69
SAL-2025-03-01-INS-004-CHI,2025-03-01,sale,INS-004,Chicago,101,18.22
PUR-2025-03-01-INS-004-CHI,2025-03-01,purchase,INS-004,Chicago,98,18.22
SAL-2025-03-01-INS-004-HOU,2025-03-01,sale,INS-004,Houston,74,18.22
PUR-2025-03-01-INS-004-HOU,2025-03-01,purchase,INS-004,Houston,65,18.22
SAL-2025-03-01-INS-004-PIT,2025-03-01,sale,INS-004,Pittsburgh,57,18.22
PUR-2025-03-01-INS-004-PIT,2025-03-01,purchase,INS-004,Pittsburgh,53,18.22
SAL-2025-03-01-INS-005-CHI,2025-03-01,sale,INS-005,Chicago,55,14.17
PUR-2025-03-01-INS-005-CHI,2025-03-01,purchase,INS-005,Chicago,48,14.17
SAL-2025-03-01-INS-005-HOU,2025-03-01,sale,INS-005,Houston,44,14.17
PUR-2025-03-01-INS-005-HOU,2025-03-01,purchase,INS-005,Houston,41,14.17
SAL-2025-03-01-INS-005-PIT,2025-03-01,sale,INS-005,Pittsburgh,35,14.17
PUR-2025-03-01-INS-005-PIT,2025-03-01,purchase,INS-005,Pittsburgh,27,14.17
SAL-2025-04-01-MCB-001-CHI,2025-04-01,sale,MCB-001,Chicago,208,11.82
PUR-2025-04-01-MCB-001-CHI,2025-04-01,purchase,MCB-001,Chicago,140,11.82
SAL-2025-04-01-MCB-001-HOU,2025-04-01,sale,MCB-001,Houston,146,11.82
PUR-2025-04-01-MCB-001-HOU,2025-04-01,purchase,MCB-001,Houston,133,11.82
SAL-2025-04-01-MCB-001-PIT,2025-04-01,sale,MCB-001,Pittsburgh,119,11.82
PUR-2025-04-01-MCB-001-PIT,2025-04-01,purchase,MCB-001,Pittsburgh,128,11.82
SAL-2025-04-01-MCB-002-CHI,2025-04-01,sale,MCB-002,Chicago,241,10.69
PUR-2025-04-01-MCB-002-CHI,2025-04-01,purchase,MCB-002,Chicago,209,10.69
SAL-2025-04-01-MCB-002-HOU,2025-04-01,sale,MCB-002,Houston,206,10.69
PUR-2025-04-01-MCB-002-HOU,2025-04-01,purchase,MCB-002,Houston,153,10.69
SAL-2025-04-01-MCB-002-PIT,2025-04-01,sale,MCB-002,Pittsburgh,163,10.69
PUR-2025-04-01-MCB-002-PIT,2025-04-01,purchase,MCB-002,Pittsburgh,175,10.69
SAL-2025-04-01-MCB-003-CHI,2025-04-01,sale,MCB-003,Chicago,179,10.72
PUR-2025-04-01-MCB-003-CHI,2025-04-01,purchase,MCB-003,Chicago,166,10.72
SAL-2025-04-01-MCB-003-HOU,2025-04-01,sale,MCB-003,Houston,118,10.72
PUR-2025-04-01-MCB-003-HOU,2025-04-01,purchase,MCB-003,Houston,118,10.72
SAL-2025-04-01-MCB-003-PIT,2025-04-01,sale,MCB-003,Pittsburgh,107,10.72
PUR-2025-04-01-MCB-003-PIT,2025-04-01,purchase,MCB-003,Pittsburgh,95,10.72
SAL-2025-04-01-MCB-004-CHI,2025-04-01,sale,MCB-004,Chicago,181,12.11
PUR-2025-04-01-MCB-004-CHI,2025-04-01,purchase,MCB-004,Chicago,149,12.11
SAL-2025-04-01-MCB-004-HOU,2025-04-01,sale,MCB-004,Houston,168,12.11
PUR-2025-04-01-MCB-004-HOU,2025-04-01,purchase,MCB-004,Houston,143,12.11
SAL-2025-04-01-MCB-004-PIT,2025-04-01,sale,MCB-004,Pittsburgh,110,12.11
PUR-2025-04-01-MCB-004-PIT,2025-04-01,purchase,MCB-004,Pittsburgh,120,12.11
SAL-2025-04-01-MCB-005-CHI,2025-04-01,sale,MCB-005,Chicago,170,12.46
PUR-2025-04-01-MCB-005-CHI,2025-04-01,purchase,MCB-005,Chicago,174,12.46
SAL-2025-04-01-MCB-005-HOU,2025-04-01,sale,MCB-005,Houston,148,12.46
PUR-2025-04-01-MCB-005-HOU,2025-04-01,purchase,MCB-005,Houston,151,12.46
SAL-2025-04-01-MCB-005-PIT,2025-04-01,sale,MCB-005,Pittsburgh,92,12.46
PUR-2025-04-01-MCB-005-PIT,2025-04-01,purchase,MCB-005,Pittsburgh,95,12.46
SAL-2025-04-01-HAB-001-CHI,2025-04-01,sale,HAB-001,Chicago,164,9.1
PUR-2025-04-01-HAB-001-CHI,2025-04-01,purchase,HAB-001,Chicago,181,9.1
SAL-2025-04-01-HAB-001-HOU,2025-04-01,sale,HAB-001,Houston,147,9.1
PUR-2025-04-01-HAB-001-HOU,2025-04-01,purchase,HAB-001,Houston,120,9.1
SAL-2025-04-01-HAB-001-PIT,2025-04-01,sale,HAB-001,Pittsburgh,113,9.1
PUR-2025-04-01-HAB-001-PIT,2025-04-01,purchase,HAB-001,Pittsburgh,133,9.1
SAL-2025-04-01-HAB-002-CHI,2025-04-01,sale,HAB-002,Chicago,134,8.92
PUR-2025-04-01-HAB-002-CHI,2025-04-01,purchase,HAB-002,Chicago,125,8.92
SAL-2025-04-01-HAB-002-HOU,2025-04-01,sale,HAB-002,Houston,103,8.92
PUR-2025-04-01-HAB-002-HOU,2025-04-01,purchase,HAB-002,Houston,107,8.92
SAL-2025-04-01-HAB-002-PIT,2025-04-01,sale,HAB-002,Pittsburgh,74,8.92
PUR-2025-04-01-HAB-002-PIT,2025-04-01,purchase,HAB-002,Pittsburgh,91,8.92
SAL-2025-04-01-HAB-003-CHI,2025-04-01,sale,HAB-003,Chicago,133,6.1
PUR-2025-04-01-HAB-003-CHI,2025-04-01,purchase,HAB-003,Chicago,180,6.1
SAL-2025-04-01-HAB-003-HOU,2025-04-01,sale,HAB-003,Houston,118,6.1
PUR-2025-04-01-HAB-003-HOU,2025-04-01,purchase,HAB-003,Houston,150,6.1
SAL-2025-04-01-HAB-003-PIT,2025-04-01,sale,HAB-003,Pittsburgh,93,6.1
PUR-2025-04-01-HAB-003-PIT,2025-04-01,purchase,HAB-003,Pittsburgh,80,6.1
SAL-2025-04-01-HAB-004-CHI,2025-04-01,sale,HAB-004,Chicago,148,8.31
PUR-2025-04-01-HAB-004-CHI,2025-04-01,purchase,HAB-004,Chicago,166,8.31
SAL-2025-04-01-HAB-004-HOU,2025-04-01,sale,HAB-004,Houston,103,8.31
PUR-2025-04-01-HAB-004-HOU,2025-04-01,purchase,HAB-004,Houston,91,8.31
SAL-2025-04-01-HAB-004-PIT,2025-04-01,sale,HAB-004,Pittsburgh,73,8.31
PUR-2025-04-01-HAB-004-PIT,2025-04-01,purchase,HAB-004,Pittsburgh,83,8.31
SAL-2025-04-01-HAB-005-CHI,2025-04-01,sale,HAB-005,Chicago,111,7.4
PUR-2025-04-01-HAB-005-CHI,2025-04-01,purchase,HAB-005,Chicago,98,7.4
SAL-2025-04-01-HAB-005-HOU,2025-04-01,sale,HAB-005,Houston,76,7.4
PUR-2025-04-01-HAB-005-HOU,2025-04-01,purchase,HAB-005,Houston,97,7.4
SAL-2025-04-01-HAB-005-PIT,2025-04-01,sale,HAB-005,Pittsburgh,58,7.4
PUR-2025-04-01-HAB-005-PIT,2025-04-01,purchase,HAB-005,Pittsburgh,74,7.4
SAL-2025-04-01-CAS-001-CHI,2025-04-01,sale,CAS-001,Chicago,34,1238.72
PUR-2025-04-01-CAS-001-CHI,2025-04-01,purchase,CAS-001,Chicago,27,1238.72
SAL-2025-04-01-CAS-001-HOU,2025-04-01,sale,CAS-001,Houston,26,1238.72
PUR-2025-04-01-CAS-001-HOU,2025-04-01,purchase,CAS-001,Houston,29,1238.72
SAL-2025-04-01-CAS-001-PIT,2025-04-01,sale,CAS-001,Pittsburgh,19,1238.72
PUR-2025-04-01-CAS-001-PIT,2025-04-01,purchase,CAS-001,Pittsburgh,21,1238.72
SAL-2025-04-01-CAS-002-CHI,2025-04-01,sale,CAS-002,Chicago,29,1129.98
PUR-2025-04-01-CAS-002-CHI,2025-04-01,purchase,CAS-002,Chicago,22,1129.98
SAL-2025-04-01-CAS-002-HOU,2025-04-01,sale,CAS-002,Houston,18,1129.98
PUR-2025-04-01-CAS-002-HOU,2025-04-01,purchase,CAS-002,Houston,23,1129.98
SAL-2025-04-01-CAS-002-PIT,2025-04-01,sale,CAS-002,Pittsburgh,19,1129.98
PUR-2025-04-01-CAS-002-PIT,2025-04-01,purchase,CAS-002,Pittsburgh,20,1129.98
SAL-2025-04-01-CAS-003-CHI,2025-04-01,sale,CAS-003,Chicago,22,1201.89
PUR-2025-04-01-CAS-003-CHI,2025-04-01,purchase,CAS-003,Chicago,21,1201.89
SAL-2025-04-01-CAS-003-HOU,2025-04-01,sale,CAS-003,Houston,19,1201.89
PUR-2025-04-01-CAS-003-HOU,2025-04-01,purchase,CAS-003,Houston,14,1201.89
SAL-2025-04-01-CAS-003-PIT,2025-04-01,sale,CAS-003,Pittsburgh,11,1201.89
PUR-2025-04-01-CAS-003-PIT,2025-04-01,purchase,CAS-003,Pittsburgh,13,1201.89
SAL-2025-04-01-CAS-004-CHI,2025-04-01,sale,CAS-004,Chicago,40,820.97
PUR-2025-04-01-CAS-004-CHI,2025-04-01,purchase,CAS-004,Chicago,34,820.97
SAL-2025-04-01-CAS-004-HOU,2025-04-01,sale,CAS-004,Houston,28,820.97
PUR-2025-04-01-CAS-004-HOU,2025-04-01,purchase,CAS-004,Houston,34,820.97
SAL-2025-04-01-CAS-004-PIT,2025-04-01,sale,CAS-004,Pittsburgh,22,820.97
PUR-2025-04-01-CAS-004-PIT,2025-04-01,purchase,CAS-004,Pittsburgh,26,820.97
SAL-2025-04-01-CAS-005-CHI,2025-04-01,sale,CAS-005,Chicago,23,1039.4
PUR-2025-04-01-CAS-005-CHI,2025-04-01,purchase,CAS-005,Chicago,20,1039.4
SAL-2025-04-01-CAS-005-HOU,2025-04-01,sale,CAS-005,Houston,20,1039.4
PUR-2025-04-01-CAS-005-HOU,2025-04-01,purchase,CAS-005,Houston,15,1039.4
SAL-2025-04-01-CAS-005-PIT,2025-04-01,sale,CAS-005,Pittsburgh,15,1039.4
PUR-2025-04-01-CAS-005-PIT,2025-04-01,purchase,CAS-005,Pittsburgh,12,1039.4
SAL-2025-04-01-SIB-001-CHI,2025-04-01,sale,SIB-001,Chicago,84,7.47
PUR-2025-04-01-SIB-001-CHI,2025-04-01,purchase,SIB-001,Chicago,94,7.47
SAL-2025-04-01-SIB-001-HOU,2025-04-01,sale,SIB-001,Houston,81,7.47
PUR-2025-04-01-SIB-001-HOU,2025-04-01,purchase,SIB-001,Houston,75,7.47
SAL-2025-04-01-SIB-001-PIT,2025-04-01,sale,SIB-001,Pittsburgh,59,7.47
PUR-2025-04-01-SIB-001-PIT,2025-04-01,purchase,SIB-001,Pittsburgh,57,7.47
SAL-2025-04-01-SIB-002-CHI,2025-04-01,sale,SIB-002,Chicago,135,6.57
PUR-2025-04-01-SIB-002-CHI,2025-04-01,purchase,SIB-002,Chicago,122,6.57
SAL-2025-04-01-SIB-002-HOU,2025-04-01,sale,SIB-002,Houston,126,6.57
PUR-2025-04-01-SIB-002-HOU,2025-04-01,purchase,SIB-002,Houston,135,6.57
SAL-2025-04-01-SIB-002-PIT,2025-04-01,sale,SIB-002,Pittsburgh,106,6.57
PUR-2025-04-01-SIB-002-PIT,2025-04-01,purchase,SIB-002,Pittsburgh,110,6.57
SAL-2025-04-01-SIB-003-CHI,2025-04-01,sale,SIB-003,Chicago,127,8.35
PUR-2025-04-01-SIB-003-CHI,2025-04-01,purchase,SIB-003,Chicago,92,8.35
SAL-2025-04-01-SIB-003-HOU,2025-04-01,sale,SIB-003,Houston,86,8.35
PUR-2025-04-01-SIB-003-HOU,2025-04-01,purchase,SIB-003,Houston,83,8.35
SAL-2025-04-01-SIB-003-PIT,2025-04-01,sale,SIB-003,Pittsburgh,74,8.35
PUR-2025-04-01-SIB-003-PIT,2025-04-01,purchase,SIB-003,Pittsburgh,70,8.35
SAL-2025-04-01-SIB-004-CHI,2025-04-01,sale,SIB-004,Chicago,149,7.16
PUR-2025-04-01-SIB-004-CHI,2025-04-01,purchase,SIB-004,Chicago,130,7.16
SAL-2025-04-01-SIB-004-HOU,2025-04-01,sale,SIB-004,Houston,109,7.16
PUR-2025-04-01-SIB-004-HOU,2025-04-01,purchase,SIB-004,Houston,116,7.16
SAL-2025-04-01-SIB-004-PIT,2025-04-01,sale,SIB-004,Pittsburgh,89,7.16
PUR-2025-04-01-SIB-004-PIT,2025-04-01,purchase,SIB-004,Pittsburgh,91,7.16
SAL-2025-04-01-SIB-005-CHI,2025-04-01,sale,SIB-005,Chicago,160,5.98
PUR-2025-04-01-SIB-005-CHI,2025-04-01,purchase,SIB-005,Chicago,167,5.98
SAL-2025-04-01-SIB-005-HOU,2025-04-01,sale,SIB-005,Houston,125,5.98
PUR-2025-04-01-SIB-005-HOU,2025-04-01,purchase,SIB-005,Houston,133,5.98
SAL-2025-04-01-SIB-005-PIT,2025-04-01,sale,SIB-005,Pittsburgh,96,5.98
PUR-2025-04-01-SIB-005-PIT,2025-04-01,purchase,SIB-005,Pittsburgh,76,5.98
SAL-2025-04-01-MOR-001-CHI,2025-04-01,sale,MOR-001,Chicago,17,815.21
PUR-2025-04-01-MOR-001-CHI,2025-04-01,purchase,MOR-001,Chicago,17,815.21
SAL-2025-04-01-MOR-001-HOU,2025-04-01,sale,MOR-001,Houston,10,815.21
PUR-2025-04-01-MOR-001-HOU,2025-04-01,purchase,MOR-001,Houston,12,815.21
SAL-2025-04-01-MOR-001-PIT,2025-04-01,sale,MOR-001,Pittsburgh,11,815.21
PUR-2025-04-01-MOR-001-PIT,2025-04-01,purchase,MOR-001,Pittsburgh,8,815.21
SAL-2025-04-01-MOR-002-CHI,2025-04-01,sale,MOR-002,Chicago,29,836.57
PUR-2025-04-01-MOR-002-CHI,2025-04-01,purchase,MOR-002,Chicago,32,836.57
SAL-2025-04-01-MOR-002-HOU,2025-04-01,sale,MOR-002,Houston,23,836.57
PUR-2025-04-01-MOR-002-HOU,2025-04-01,purchase,MOR-002,Houston,20,836.57
SAL-2025-04-01-MOR-002-PIT,2025-04-01,sale,MOR-002,Pittsburgh,18,836.57
PUR-2025-04-01-MOR-002-PIT,2025-04-01,purchase,MOR-002,Pittsburgh,18,836.57
SAL-2025-04-01-MOR-003-CHI,2025-04-01,sale,MOR-003,Chicago,25,549.69
PUR-2025-04-01-MOR-003-CHI,2025-04-01,purchase,MOR-003,Chicago,28,549.69
SAL-2025-04-01-MOR-003-HOU,2025-04-01,sale,MOR-003,Houston,19,549.69
PUR-2025-04-01-MOR-003-HOU,2025-04-01,purchase,MOR-003,Houston,17,549.69
SAL-2025-04-01-MOR-003-PIT,2025-04-01,sale,MOR-003,Pittsburgh,15,549.69
PUR-2025-04-01-MOR-003-PIT,2025-04-01,purchase,MOR-003,Pittsburgh,19,549.69
SAL-2025-04-01-MOR-004-CHI,2025-04-01,sale,MOR-004,Chicago,17,611.7
PUR-2025-04-01-MOR-004-CHI,2025-04-01,purchase,MOR-004,Chicago,14,611.7
SAL-2025-04-01-MOR-004-HOU,2025-04-01,sale,MOR-004,Houston,15,611.7
PUR-2025-04-01-MOR-004-HOU,2025-04-01,purchase,MOR-004,Houston,11,611.7
SAL-2025-04-01-MOR-004-PIT,2025-04-01,sale,MOR-004,Pittsburgh,10,611.7
PUR-2025-04-01-MOR-004-PIT,2025-04-01,purchase,MOR-004,Pittsburgh,9,611.7
SAL-2025-04-01-MOR-005-CHI,2025-04-01,sale,MOR-005,Chicago,13,806.99
PUR-2025-04-01-MOR-005-CHI,2025-04-01,purchase,MOR-005,Chicago,17,806.99
SAL-2025-04-01-MOR-005-HOU,2025-04-01,sale,MOR-005,Houston,10,806.99
PUR-2025-04-01-MOR-005-HOU,2025-04-01,purchase,MOR-005,Houston,11,806.99
SAL-2025-04-01-MOR-005-PIT,2025-04-01,sale,MOR-005,Pittsburgh,10,806.99
PUR-2025-04-01-MOR-005-PIT,2025-04-01,purchase,MOR-005,Pittsburgh,9,806.99
SAL-2025-04-01-INS-001-CHI,2025-04-01,sale,INS-001,Chicago,130,8.01
PUR-2025-04-01-INS-001-CHI,2025-04-01,purchase,INS-001,Chicago,116,8.01
SAL-2025-04-01-INS-001-HOU,2025-04-01,sale,INS-001,Houston,93,8.01
PUR-2025-04-01-INS-001-HOU,2025-04-01,purchase,INS-001,Houston,88,8.01
SAL-2025-04-01-INS-001-PIT,2025-04-01,sale,INS-001,Pittsburgh,73,8.01
PUR-2025-04-01-INS-001-PIT,2025-04-01,purchase,INS-001,Pittsburgh,58,8.01
SAL-2025-04-01-INS-002-CHI,2025-04-01,sale,INS-002,Chicago,95,15.77
PUR-2025-04-01-INS-002-CHI,2025-04-01,purchase,INS-002,Chicago,94,15.77
SAL-2025-04-01-INS-002-HOU,2025-04-01,sale,INS-002,Houston,87,15.77
PUR-2025-04-01-INS-002-HOU,2025-04-01,purchase,INS-002,Houston,82,15.77
SAL-2025-04-01-INS-002-PIT,2025-04-01,sale,INS-002,Pittsburgh,74,15.77
PUR-2025-04-01-INS-002-PIT,2025-04-01,purchase,INS-002,Pittsburgh,78,15.77
SAL-2025-04-01-INS-003-CHI,2025-04-01,sale,INS-003,Chicago,82,7.69
PUR-2025-04-01-INS-003-CHI,2025-04-01,purchase,INS-003,Chicago,95,7.69
SAL-2025-04-01-INS-003-HOU,2025-04-01,sale,INS-003,Houston,84,7.69
PUR-2025-04-01-INS-003-HOU,2025-04-01,purchase,INS-003,Houston,82,7.69
SAL-2025-04-01-INS-003-PIT,2025-04-01,sale,INS-003,Pittsburgh,48,7.69
PUR-2025-04-01-INS-003-PIT,2025-04-01,purchase,INS-003,Pittsburgh,57,7.69
SAL-2025-04-01-INS-004-CHI,2025-04-01,sale,INS-004,Chicago,102,18.22
PUR-2025-04-01-INS-004-CHI,2025-04-01,purchase,INS-004,Chicago,100,18.22
SAL-2025-04-01-INS-004-HOU,2025-04-01,sale,INS-004,Houston,65,18.22
PUR-2025-04-01-INS-004-HOU,2025-04-01,purchase,INS-004,Houston,58,18.22
SAL-2025-04-01-INS-004-PIT,2025-04-01,sale,INS-004,Pittsburgh,58,18.22
PUR-2025-04-01-INS-004-PIT,2025-04-01,purchase,INS-004,Pittsburgh,56,18.22
SAL-2025-04-01-INS-005-CHI,2025-04-01,sale,INS-005,Chicago,52,14.17
PUR-2025-04-01-INS-005-CHI,2025-04-01,purchase,INS-005,Chicago,55,14.17
SAL-2025-04-01-INS-005-HOU,2025-04-01,sale,INS-005,Houston,39,14.17
PUR-2025-04-01-INS-005-HOU,2025-04-01,purchase,INS-005,Houston,43,14.17
SAL-2025-04-01-INS-005-PIT,2025-04-01,sale,INS-005,Pittsburgh,32,14.17
PUR-2025-04-01-INS-005-PIT,2025-04-01,purchase,INS-005,Pittsburgh,40,14.17
SAL-2025-05-01-MCB-001-CHI,2025-05-01,sale,MCB-001,Chicago,194,11.82
PUR-2025-05-01-MCB-001-CHI,2025-05-01,purchase,MCB-001,Chicago,204,11.82
SAL-2025-05-01-MCB-001-HOU,2025-05-01,sale,MCB-001,Houston,133,11.82
PUR-2025-05-01-MCB-001-HOU,2025-05-01,purchase,MCB-001,Houston,158,11.82
SAL-2025-05-01-MCB-001-PIT,2025-05-01,sale,MCB-001,Pittsburgh,99,11.82
PUR-2025-05-01-MCB-001-PIT,2025-05-01,purchase,MCB-001,Pittsburgh,110,11.82
SAL-2025-05-01-MCB-002-CHI,2025-05-01,sale,MCB-002,Chicago,204,10.69
PUR-2025-05-01-MCB-002-CHI,2025-05-01,purchase,MCB-002,Chicago,282,10.69
SAL-2025-05-01-MCB-002-HOU,2025-05-01,sale,MCB-002,Houston,162,10.69
PUR-2025-05-01-MCB-002-HOU,2025-05-01,purchase,MCB-002,Houston,185,10.69
SAL-2025-05-01-MCB-002-PIT,2025-05-01,sale,MCB-002,Pittsburgh,122,10.69
PUR-2025-05-01-MCB-002-PIT,2025-05-01,purchase,MCB-002,Pittsburgh,154,10.69
SAL-2025-05-01-MCB-003-CHI,2025-05-01,sale,MCB-003,Chicago,181,10.72
PUR-2025-05-01-MCB-003-CHI,2025-05-01,purchase,MCB-003,Chicago,145,10.72
SAL-2025-05-01-MCB-003-HOU,2025-05-01,sale,MCB-003,Houston,110,10.72
PUR-2025-05-01-MCB-003-HOU,2025-05-01,purchase,MCB-003,Houston,131,10.72
SAL-2025-05-01-MCB-003-PIT,2025-05-01,sale,MCB-003,Pittsburgh,100,10.72
PUR-2025-05-01-MCB-003-PIT,2025-05-01,purchase,MCB-003,Pittsburgh,93,10.72
SAL-2025-05-01-MCB-004-CHI,2025-05-01,sale,MCB-004,Chicago,183,12.11
PUR-2025-05-01-MCB-004-CHI,2025-05-01,purchase,MCB-004,Chicago,176,12.11
SAL-2025-05-01-MCB-004-HOU,2025-05-01,sale,MCB-004,Houston,124,12.11
PUR-2025-05-01-MCB-004-HOU,2025-05-01,purchase,MCB-004,Houston,165,12.11
SAL-2025-05-01-MCB-004-PIT,2025-05-01,sale,MCB-004,Pittsburgh,131,12.11
PUR-2025-05-01-MCB-004-PIT,2025-05-01,purchase,MCB-004,Pittsburgh,130,12.11
SAL-2025-05-01-MCB-005-CHI,2025-05-01,sale,MCB-005,Chicago,170,12.46
PUR-2025-05-01-MCB-005-CHI,2025-05-01,purchase,MCB-005,Chicago,227,12.46
SAL-2025-05-01-MCB-005-HOU,2025-05-01,sale,MCB-005,Houston,132,12.46
PUR-2025-05-01-MCB-005-HOU,2025-05-01,purchase,MCB-005,Houston,163,12.46
SAL-2025-05-01-MCB-005-PIT,2025-05-01,sale,MCB-005,Pittsburgh,105,12.46
PUR-2025-05-01-MCB-005-PIT,2025-05-01,purchase,MCB-005,Pittsburgh,98,12.46
SAL-2025-05-01-HAB-001-CHI,2025-05-01,sale,HAB-001,Chicago,158,9.1
PUR-2025-05-01-HAB-001-CHI,2025-05-01,purchase,HAB-001,Chicago,200,9.1
SAL-2025-05-01-HAB-001-HOU,2025-05-01,sale,HAB-001,Houston,123,9.1
PUR-2025-05-01-HAB-001-HOU,2025-05-01,purchase,HAB-001,Houston,130,9.1
SAL-2025-05-01-HAB-001-PIT,2025-05-01,sale,HAB-001,Pittsburgh,94,9.1
PUR-2025-05-01-HAB-001-PIT,2025-05-01,purchase,HAB-001,Pittsburgh,111,9.1
SAL-2025-05-01-HAB-002-CHI,2025-05-01,sale,HAB-002,Chicago,127,8.92
PUR-2025-05-01-HAB-002-CHI,2025-05-01,purchase,HAB-002,Chicago,134,8.92
SAL-2025-05-01-HAB-002-HOU,2025-05-01,sale,HAB-002,Houston,99,8.92
PUR-2025-05-01-HAB-002-HOU,2025-05-01,purchase,HAB-002,Houston,96,8.92
SAL-2025-05-01-HAB-002-PIT,2025-05-01,sale,HAB-002,Pittsburgh,85,8.92
PUR-2025-05-01-HAB-002-PIT,2025-05-01,purchase,HAB-002,Pittsburgh,77,8.92
SAL-2025-05-01-HAB-003-CHI,2025-05-01,sale,HAB-003,Chicago,169,6.1
PUR-2025-05-01-HAB-003-CHI,2025-05-01,purchase,HAB-003,Chicago,143,6.1
SAL-2025-05-01-HAB-003-HOU,2025-05-01,sale,HAB-003,Houston,134,6.1
PUR-2025-05-01-HAB-003-HOU,2025-05-01,purchase,HAB-003,Houston,134,6.1
SAL-2025-05-01-HAB-003-PIT,2025-05-01,sale,HAB-003,Pittsburgh,109,6.1
PUR-2025-05-01-HAB-003-PIT,2025-05-01,purchase,HAB-003,Pittsburgh,83,6.1
SAL-2025-05-01-HAB-004-CHI,2025-05-01,sale,HAB-004,Chicago,142,8.31
PUR-2025-05-01-HAB-004-CHI,2025-05-01,purchase,HAB-004,Chicago,114,8.31
SAL-2025-05-01-HAB-004-HOU,2025-05-01,sale,HAB-004,Houston,99,8.31
PUR-2025-05-01-HAB-004-HOU,2025-05-01,purchase,HAB-004,Houston,88,8.31
SAL-2025-05-01-HAB-004-PIT,2025-05-01,sale,HAB-004,Pittsburgh,69,8.31
PUR-2025-05-01-HAB-004-PIT,2025-05-01,purchase,HAB-004,Pittsburgh,71,8.31
SAL-2025-05-01-HAB-005-CHI,2025-05-01,sale,HAB-005,Chicago,90,7.4
PUR-2025-05-01-HAB-005-CHI,2025-05-01,purchase,HAB-005,Chicago,100,7.4
SAL-2025-05-01-HAB-005-HOU,2025-05-01,sale,HAB-005,Houston,79,7.4
PUR-2025-05-01-HAB-005-HOU,2025-05-01,purchase,HAB-005,Houston,86,7.4
SAL-2025-05-01-HAB-005-PIT,2025-05-01,sale,HAB-005,Pittsburgh,59,7.4
PUR-2025-05-01-HAB-005-PIT,2025-05-01,purchase,HAB-005,Pittsburgh,54,7.4
SAL-2025-05-01-CAS-001-CHI,2025-05-01,sale,CAS-001,Chicago,37,1238.72
PUR-2025-05-01-CAS-001-CHI,2025-05-01,purchase,CAS-001,Chicago,32,1238.72
SAL-2025-05-01-CAS-001-HOU,2025-05-01,sale,CAS-001,Houston,25,1238.72
PUR-2025-05-01-CAS-001-HOU,2025-05-01,purchase,CAS-001,Houston,30,1238.72
SAL-2025-05-01-CAS-001-PIT,2025-05-01,sale,CAS-001,Pittsburgh,20,1238.72
PUR-2025-05-01-CAS-001-PIT,2025-05-01,purchase,CAS-001,Pittsburgh,15,1238.72
SAL-2025-05-01-CAS-002-CHI,2025-05-01,sale,CAS-002,Chicago,27,1129.98
PUR-2025-05-01-CAS-002-CHI,2025-05-01,purchase,CAS-002,Chicago,24,1129.98
SAL-2025-05-01-CAS-002-HOU,2025-05-01,sale,CAS-002,Houston,20,1129.98
PUR-2025-05-01-CAS-002-HOU,2025-05-01,purchase,CAS-002,Houston,22,1129.98
SAL-2025-05-01-CAS-002-PIT,2025-05-01,sale,CAS-002,Pittsburgh,15,1129.98
PUR-2025-05-01-CAS-002-PIT,2025-05-01,purchase,CAS-002,Pittsburgh,14,1129.98
SAL-2025-05-01-CAS-003-CHI,2025-05-01,sale,CAS-003,Chicago,18,1201.89
PUR-2025-05-01-CAS-003-CHI,2025-05-01,purchase,CAS-003,Chicago,21,1201.89
SAL-2025-05-01-CAS-003-HOU,2025-05-01,sale,CAS-003,Houston,16,1201.89
PUR-2025-05-01-CAS-003-HOU,2025-05-01,purchase,CAS-003,Houston,15,1201.89
SAL-2025-05-01-CAS-003-PIT,2025-05-01,sale,CAS-003,Pittsburgh,12,1201.89
PUR-2025-05-01-CAS-003-PIT,2025-05-01,purchase,CAS-003,Pittsburgh,14,1201.89
SAL-2025-05-01-CAS-004-CHI,2025-05-01,sale,CAS-004,Chicago,41,820.97
PUR-2025-05-01-CAS-004-CHI,2025-05-01,purchase,CAS-004,Chicago,47,820.97
SAL-2025-05-01-CAS-004-HOU,2025-05-01,sale,CAS-004,Houston,27,820.97
PUR-2025-05-01-CAS-004-HOU,2025-05-01,purchase,CAS-004,Houston,27,820.97
SAL-2025-05-01-CAS-004-PIT,2025-05-01,sale,CAS-004,Pittsburgh,20,820.97
PUR-2025-05-01-CAS-004-PIT,2025-05-01,purchase,CAS-004,Pittsburgh,19,820.97
SAL-2025-05-01-CAS-005-CHI,2025-05-01,sale,CAS-005,Chicago,21,1039.4
PUR-2025-05-01-CAS-005-CHI,2025-05-01,purchase,CAS-005,Chicago,18,1039.4
SAL-2025-05-01-CAS-005-HOU,2025-05-01,sale,CAS-005,Houston,19,1039.4
PUR-2025-05-01-CAS-005-HOU,2025-05-01,purchase,CAS-005,Houston,15,1039.4
SAL-2025-05-01-CAS-005-PIT,2025-05-01,sale,CAS-005,Pittsburgh,13,1039.4
PUR-2025-05-01-CAS-005-PIT,2025-05-01,purchase,CAS-005,Pittsburgh,12,1039.4
SAL-2025-05-01-SIB-001-CHI,2025-05-01,sale,SIB-001,Chicago,86,7.47
PUR-2025-05-01-SIB-001-CHI,2025-05-01,purchase,SIB-001,Chicago,77,7.47
SAL-2025-05-01-SIB-001-HOU,2025-05-01,sale,SIB-001,Houston,72,7.47
PUR-2025-05-01-SIB-001-HOU,2025-05-01,purchase,SIB-001,Houston,65,7.47
SAL-2025-05-01-SIB-001-PIT,2025-05-01,sale,SIB-001,Pittsburgh,59,7.47
PUR-2025-05-01-SIB-001-PIT,2025-05-01,purchase,SIB-001,Pittsburgh,56,7.47
SAL-2025-05-01-SIB-002-CHI,2025-05-01,sale,SIB-002,Chicago,153,6.57
PUR-2025-05-01-SIB-002-CHI,2025-05-01,purchase,SIB-002,Chicago,133,6.57
SAL-2025-05-01-SIB-002-HOU,2025-05-01,sale,SIB-002,Houston,113,6.57
PUR-2025-05-01-SIB-002-HOU,2025-05-01,purchase,SIB-002,Houston,121,6.57
SAL-2025-05-01-SIB-002-PIT,2025-05-01,sale,SIB-002,Pittsburgh,94,6.57
PUR-2025-05-01-SIB-002-PIT,2025-05-01,purchase,SIB-002,Pittsburgh,107,6.57
SAL-2025-05-01-SIB-003-CHI,2025-05-01,sale,SIB-003,Chicago,111,8.35
PUR-2025-05-01-SIB-003-CHI,2025-05-01,purchase,SIB-003,Chicago,114,8.35
SAL-2025-05-01-SIB-003-HOU,2025-05-01,sale,SIB-003,Houston,78,8.35
PUR-2025-05-01-SIB-003-HOU,2025-05-01,purchase,SIB-003,Houston,70,8.35
SAL-2025-05-01-SIB-003-PIT,2025-05-01,sale,SIB-003,Pittsburgh,56,8.35
PUR-2025-05-01-SIB-003-PIT,2025-05-01,purchase,SIB-003,Pittsburgh,63,8.35
SAL-2025-05-01-SIB-004-CHI,2025-05-01,sale,SIB-004,Chicago,151,7.16
PUR-2025-05-01-SIB-004-CHI,2025-05-01,purchase,SIB-004,Chicago,183,7.16
SAL-2025-05-01-SIB-004-HOU,2025-05-01,sale,SIB-004,Houston,118,7.16
PUR-2025-05-01-SIB-004-HOU,2025-05-01,purchase,SIB-004,Houston,128,7.16
SAL-2025-05-01-SIB-004-PIT,2025-05-01,sale,SIB-004,Pittsburgh,84,7.16
PUR-2025-05-01-SIB-004-PIT,2025-05-01,purchase,SIB-004,Pittsburgh,107,7.16
SAL-2025-05-01-SIB-005-CHI,2025-05-01,sale,SIB-005,Chicago,118,5.98
PUR-2025-05-01-SIB-005-CHI,2025-05-01,purchase,SIB-005,Chicago,158,5.98
SAL-2025-05-01-SIB-005-HOU,2025-05-01,sale,SIB-005,Houston,119,5.98
PUR-2025-05-01-SIB-005-HOU,2025-05-01,purchase,SIB-005,Houston,95,5.98
SAL-2025-05-01-SIB-005-PIT,2025-05-01,sale,SIB-005,Pittsburgh,79,5.98
PUR-2025-05-01-SIB-005-PIT,2025-05-01,purchase,SIB-005,Pittsburgh,78,5.98
SAL-2025-05-01-MOR-001-CHI,2025-05-01,sale,MOR-001,Chicago,16,815.21
PUR-2025-05-01-MOR-001-CHI,2025-05-01,purchase,MOR-001,Chicago,16,815.21
SAL-2025-05-01-MOR-001-HOU,2025-05-01,sale,MOR-001,Houston,11,815.21
PUR-2025-05-01-MOR-001-HOU,2025-05-01,purchase,MOR-001,Houston,12,815.21
SAL-2025-05-01-MOR-001-PIT,2025-05-01,sale,MOR-001,Pittsburgh,8,815.21
PUR-2025-05-01-MOR-001-PIT,2025-05-01,purchase,MOR-001,Pittsburgh,10,815.21
SAL-2025-05-01-MOR-002-CHI,2025-05-01,sale,MOR-002,Chicago,30,836.57
PUR-2025-05-01-MOR-002-CHI,2025-05-01,purchase,MOR-002,Chicago,40,836.57
SAL-2025-05-01-MOR-002-HOU,2025-05-01,sale,MOR-002,Houston,26,836.57
PUR-2025-05-01-MOR-002-HOU,2025-05-01,purchase,MOR-002,Houston,28,836.57
SAL-2025-05-01-MOR-002-PIT,2025-05-01,sale,MOR-002,Pittsburgh,17,836.57
PUR-2025-05-01-MOR-002-PIT,2025-05-01,purchase,MOR-002,Pittsburgh,21,836.57
SAL-2025-05-01-MOR-003-CHI,2025-05-01,sale,MOR-003,Chicago,25,549.69
PUR-2025-05-01-MOR-003-CHI,2025-05-01,purchase,MOR-003,Chicago,27,549.69
SAL-2025-05-01-MOR-003-HOU,2025-05-01,sale,MOR-003,Houston,22,549.69
PUR-2025-05-01-MOR-003-HOU,2025-05-01,purchase,MOR-003,Houston,26,549.69
SAL-2025-05-01-MOR-003-PIT,2025-05-01,sale,MOR-003,Pittsburgh,16,549.69
PUR-2025-05-01-MOR-003-PIT,2025-05-01,purchase,MOR-003,Pittsburgh,18,549.69
SAL-2025-05-01-MOR-004-CHI,2025-05-01,sale,MOR-004,Chicago,20,611.7
PUR-2025-05-01-MOR-004-CHI,2025-05-01,purchase,MOR-004,Chicago,18,611.7
SAL-2025-05-01-MOR-004-HOU,2025-05-01,sale,MOR-004,Houston,13,611.7
PUR-2025-05-01-MOR-004-HOU,2025-05-01,purchase,MOR-004,Houston,12,611.7
SAL-2025-05-01-MOR-004-PIT,2025-05-01,sale,MOR-004,Pittsburgh,9,611.7
PUR-2025-05-01-MOR-004-PIT,2025-05-01,purchase,MOR-004,Pittsburgh,10,611.7
SAL-2025-05-01-MOR-005-CHI,2025-05-01,sale,MOR-005,Chicago,13,806.99
PUR-2025-05-01-MOR-005-CHI,2025-05-01,purchase,MOR-005,Chicago,12,806.99
SAL-2025-05-01-MOR-005-HOU,2025-05-01,sale,MOR-005,Houston,12,806.99
PUR-2025-05-01-MOR-005-HOU,2025-05-01,purchase,MOR-005,Houston,11,806.99
SAL-2025-05-01-MOR-005-PIT,2025-05-01,sale,MOR-005,Pittsburgh,8,806.99
PUR-2025-05-01-MOR-005-PIT,2025-05-01,purchase,MOR-005,Pittsburgh,10,806.99
SAL-2025-05-01-INS-001-CHI,2025-05-01,sale,INS-001,Chicago,128,8.01
PUR-2025-05-01-INS-001-CHI,2025-05-01,purchase,INS-001,Chicago,84,8.01
SAL-2025-05-01-INS-001-HOU,2025-05-01,sale,INS-001,Houston,89,8.01
PUR-2025-05-01-INS-001-HOU,2025-05-01,purchase,INS-001,Houston,72,8.01
SAL-2025-05-01-INS-001-PIT,2025-05-01,sale,INS-001,Pittsburgh,74,8.01
PUR-2025-05-01-INS-001-PIT,2025-05-01,purchase,INS-001,Pittsburgh,58,8.01
SAL-2025-05-01-INS-002-CHI,2025-05-01,sale,INS-002,Chicago,109,15.77
PUR-2025-05-01-INS-002-CHI,2025-05-01,purchase,INS-002,Chicago,121,15.77
SAL-2025-05-01-INS-002-HOU,2025-05-01,sale,INS-002,Houston,92,15.77
PUR-2025-05-01-INS-002-HOU,2025-05-01,purchase,INS-002,Houston,74,15.77
SAL-2025-05-01-INS-002-PIT,2025-05-01,sale,INS-002,Pittsburgh,56,15.77
PUR-2025-05-01-INS-002-PIT,2025-05-01,purchase,INS-002,Pittsburgh,79,15.77
SAL-2025-05-01-INS-003-CHI,2025-05-01,sale,INS-003,Chicago,87,7.69
PUR-2025-05-01-INS-003-CHI,2025-05-01,purchase,INS-003,Chicago,98,7.69
SAL-2025-05-01-INS-003-HOU,2025-05-01,sale,INS-003,Houston,78,7.69
PUR-2025-05-01-INS-003-HOU,2025-05-01,purchase,INS-003,Houston,60,7.69
SAL-2025-05-01-INS-003-PIT,2025-05-01,sale,INS-003,Pittsburgh,45,7.69
PUR-2025-05-01-INS-003-PIT,2025-05-01,purchase,INS-003,Pittsburgh,44,7.69
SAL-2025-05-01-INS-004-CHI,2025-05-01,sale,INS-004,Chicago,108,18.22
PUR-2025-05-01-INS-004-CHI,2025-05-01,purchase,INS-004,Chicago,74,18.22
SAL-2025-05-01-INS-004-HOU,2025-05-01,sale,INS-004,Houston,86,18.22
PUR-2025-05-01-INS-004-HOU,2025-05-01,purchase,INS-004,Houston,63,18.22
SAL-2025-05-01-INS-004-PIT,2025-05-01,sale,INS-004,Pittsburgh,50,18.22
PUR-2025-05-01-INS-004-PIT,2025-05-01,purchase,INS-004,Pittsburgh,59,18.22
SAL-2025-05-01-INS-005-CHI,2025-05-01,sale,INS-005,Chicago,50,14.17
PUR-2025-05-01-INS-005-CHI,2025-05-01,purchase,INS-005,Chicago,51,14.17
SAL-2025-05-01-INS-005-HOU,2025-05-01,sale,INS-005,Houston,47,14.17
PUR-2025-05-01-INS-005-HOU,2025-05-01,purchase,INS-005,Houston,51,14.17
SAL-2025-05-01-INS-005-PIT,2025-05-01,sale,INS-005,Pittsburgh,34,14.17
PUR-2025-05-01-INS-005-PIT,2025-05-01,purchase,INS-005,Pittsburgh,34,14.17
SAL-2025-06-01-MCB-001-CHI,2025-06-01,sale,MCB-001,Chicago,173,11.82
PUR-2025-06-01-MCB-001-CHI,2025-06-01,purchase,MCB-001,Chicago,133,11.82
SAL-2025-06-01-MCB-001-HOU,2025-06-01,sale,MCB-001,Houston,119,11.82
PUR-2025-06-01-MCB-001-HOU,2025-06-01,purchase,MCB-001,Houston,122,11.82
SAL-2025-06-01-MCB-001-PIT,2025-06-01,sale,MCB-001,Pittsburgh,114,11.82
PUR-2025-06-01-MCB-001-PIT,2025-06-01,purchase,MCB-001,Pittsburgh,122,11.82
SAL-2025-06-01-MCB-002-CHI,2025-06-01,sale,MCB-002,Chicago,259,10.69
PUR-2025-06-01-MCB-002-CHI,2025-06-01,purchase,MCB-002,Chicago,176,10.69
SAL-2025-06-01-MCB-002-HOU,2025-06-01,sale,MCB-002,Houston,189,10.69
PUR-2025-06-01-MCB-002-HOU,2025-06-01,purchase,MCB-002,Houston,178,10.69
SAL-2025-06-01-MCB-002-PIT,2025-06-01,sale,MCB-002,Pittsburgh,141,10.69
PUR-2025-06-01-MCB-002-PIT,2025-06-01,purchase,MCB-002,Pittsburgh,155,10.69
SAL-2025-06-01-MCB-003-CHI,2025-06-01,sale,MCB-003,Chicago,170,10.72
PUR-2025-06-01-MCB-003-CHI,2025-06-01,purchase,MCB-003,Chicago,136,10.72
SAL-2025-06-01-MCB-003-HOU,2025-06-01,sale,MCB-003,Houston,126,10.72
PUR-2025-06-01-MCB-003-HOU,2025-06-01,purchase,MCB-003,Houston,148,10.72
SAL-2025-06-01-MCB-003-PIT,2025-06-01,sale,MCB-003,Pittsburgh,80,10.72
PUR-2025-06-01-MCB-003-PIT,2025-06-01,purchase,MCB-003,Pittsburgh,105,10.72
SAL-2025-06-01-MCB-004-CHI,2025-06-01,sale,MCB-004,Chicago,186,12.11
PUR-2025-06-01-MCB-004-CHI,2025-06-01,purchase,MCB-004,Chicago,195,12.11
SAL-2025-06-01-MCB-004-HOU,2025-06-01,sale,MCB-004,Houston,138,12.11
PUR-2025-06-01-MCB-004-HOU,2025-06-01,purchase,MCB-004,Houston,157,12.11
SAL-2025-06-01-MCB-004-PIT,2025-06-01,sale,MCB-004,Pittsburgh,110,12.11
PUR-2025-06-01-MCB-004-PIT,2025-06-01,purchase,MCB-004,Pittsburgh,124,12.11
SAL-2025-06-01-MCB-005-CHI,2025-06-01,sale,MCB-005,Chicago,190,12.46
PUR-2025-06-01-MCB-005-CHI,2025-06-01,purchase,MCB-005,Chicago,153,12.46
SAL-2025-06-01-MCB-005-HOU,2025-06-01,sale,MCB-005,Houston,125,12.46
PUR-2025-06-01-MCB-005-HOU,2025-06-01,purchase,MCB-005,Houston,125,12.46
SAL-2025-06-01-MCB-005-PIT,2025-06-01,sale,MCB-005,Pittsburgh,115,12.46
PUR-2025-06-01-MCB-005-PIT,2025-06-01,purchase,MCB-005,Pittsburgh,125,12.46
SAL-2025-06-01-HAB-001-CHI,2025-06-01,sale,HAB-001,Chicago,207,9.1
PUR-2025-06-01-HAB-001-CHI,2025-06-01,purchase,HAB-001,Chicago,178,9.1
SAL-2025-06-01-HAB-001-HOU,2025-06-01,sale,HAB-001,Houston,160,9.1
PUR-2025-06-01-HAB-001-HOU,2025-06-01,purchase,HAB-001,Houston,162,9.1
SAL-2025-06-01-HAB-001-PIT,2025-06-01,sale,HAB-001,Pittsburgh,103,9.1
PUR-2025-06-01-HAB-001-PIT,2025-06-01,purchase,HAB-001,Pittsburgh,111,9.1
SAL-2025-06-01-HAB-002-CHI,2025-06-01,sale,HAB-002,Chicago,125,8.92
PUR-2025-06-01-HAB-002-CHI,2025-06-01,purchase,HAB-002,Chicago,102,8.92
SAL-2025-06-01-HAB-002-HOU,2025-06-01,sale,HAB-002,Houston,77,8.92
PUR-2025-06-01-HAB-002-HOU,2025-06-01,purchase,HAB-002,Houston,106,8.92
SAL-2025-06-01-HAB-002-PIT,2025-06-01,sale,HAB-002,Pittsburgh,77,8.92
PUR-2025-06-01-HAB-002-PIT,2025-06-01,purchase,HAB-002,Pittsburgh,61,8.92
SAL-2025-06-01-HAB-003-CHI,2025-06-01,sale,HAB-003,Chicago,132,6.1
PUR-2025-06-01-HAB-003-CHI,2025-06-01,purchase,HAB-003,Chicago,133,6.1
SAL-2025-06-01-HAB-003-HOU,2025-06-01,sale,HAB-003,Houston,130,6.1
PUR-2025-06-01-HAB-003-HOU,2025-06-01,purchase,HAB-003,Houston,136,6.1
SAL-2025-06-01-HAB-003-PIT,2025-06-01,sale,HAB-003,Pittsburgh,77,6.1
PUR-2025-06-01-HAB-003-PIT,2025-06-01,purchase,HAB-003,Pittsburgh,77,6.1
SAL-2025-06-01-HAB-004-CHI,2025-06-01,sale,HAB-004,Chicago,142,8.31
PUR-2025-06-01-HAB-004-CHI,2025-06-01,purchase,HAB-004,Chicago,108,8.31
SAL-2025-06-01-HAB-004-HOU,2025-06-01,sale,HAB-004,Houston,95,8.31
PUR-2025-06-01-HAB-004-HOU,2025-06-01,purchase,HAB-004,Houston,117,8.31
SAL-2025-06-01-HAB-004-PIT,2025-06-01,sale,HAB-004,Pittsburgh,93,8.31
PUR-2025-06-01-HAB-004-PIT,2025-06-01,purchase,HAB-004,Pittsburgh,95,8.31
SAL-2025-06-01-HAB-005-CHI,2025-06-01,sale,HAB-005,Chicago,90,7.4
PUR-2025-06-01-HAB-005-CHI,2025-06-01,purchase,HAB-005,Chicago,123,7.4
SAL-2025-06-01-HAB-005-HOU,2025-06-01,sale,HAB-005,Houston,88,7.4
PUR-2025-06-01-HAB-005-HOU,2025-06-01,purchase,HAB-005,Houston,79,7.4
SAL-2025-06-01-HAB-005-PIT,2025-06-01,sale,HAB-005,Pittsburgh,70,7.4
PUR-2025-06-01-HAB-005-PIT,2025-06-01,purchase,HAB-005,Pittsburgh,58,7.4
SAL-2025-06-01-CAS-001-CHI,2025-06-01,sale,CAS-001,Chicago,29,1238.72
PUR-2025-06-01-CAS-001-CHI,2025-06-01,purchase,CAS-001,Chicago,23,1238.72
SAL-2025-06-01-CAS-001-HOU,2025-06-01,sale,CAS-001,Houston,25,1238.72
PUR-2025-06-01-CAS-001-HOU,2025-06-01,purchase,CAS-001,Houston,27,1238.72
SAL-2025-06-01-CAS-001-PIT,2025-06-01,sale,CAS-001,Pittsburgh,16,1238.72
PUR-2025-06-01-CAS-001-PIT,2025-06-01,purchase,CAS-001,Pittsburgh,15,1238.72
SAL-2025-06-01-CAS-002-CHI,2025-06-01,sale,CAS-002,Chicago,28,1129.98
PUR-2025-06-01-CAS-002-CHI,2025-06-01,purchase,CAS-002,Chicago,25,1129.98
SAL-2025-06-01-CAS-002-HOU,2025-06-01,sale,CAS-002,Houston,20,1129.98
PUR-2025-06-01-CAS-002-HOU,2025-06-01,purchase,CAS-002,Houston,20,1129.98
SAL-2025-06-01-CAS-002-PIT,2025-06-01,sale,CAS-002,Pittsburgh,13,1129.98
PUR-2025-06-01-CAS-002-PIT,2025-06-01,purchase,CAS-002,Pittsburgh,18,1129.98
SAL-2025-06-01-CAS-003-CHI,2025-06-01,sale,CAS-003,Chicago,16,1201.89
PUR-2025-06-01-CAS-003-CHI,2025-06-01,purchase,CAS-003,Chicago,16,1201.89
SAL-2025-06-01-CAS-003-HOU,2025-06-01,sale,CAS-003,Houston,15,1201.89
PUR-2025-06-01-CAS-003-HOU,2025-06-01,purchase,CAS-003,Houston,15,1201.89
SAL-2025-06-01-CAS-003-PIT,2025-06-01,sale,CAS-003,Pittsburgh,10,1201.89
PUR-2025-06-01-CAS-003-PIT,2025-06-01,purchase,CAS-003,Pittsburgh,11,1201.89
SAL-2025-06-01-CAS-004-CHI,2025-06-01,sale,CAS-004,Chicago,36,820.97
PUR-2025-06-01-CAS-004-CHI,2025-06-01,purchase,CAS-004,Chicago,40,820.97
SAL-2025-06-01-CAS-004-HOU,2025-06-01,sale,CAS-004,Houston,33,820.97
PUR-2025-06-01-CAS-004-HOU,2025-06-01,purchase,CAS-004,Houston,23,820.97
SAL-2025-06-01-CAS-004-PIT,2025-06-01,sale,CAS-004,Pittsburgh,20,820.97
PUR-2025-06-01-CAS-004-PIT,2025-06-01,purchase,CAS-004,Pittsburgh,19,820.97
SAL-2025-06-01-CAS-005-CHI,2025-06-01,sale,CAS-005,Chicago,25,1039.4
PUR-2025-06-01-CAS-005-CHI,2025-06-01,purchase,CAS-005,Chicago,16,1039.4
SAL-2025-06-01-CAS-005-HOU,2025-06-01,sale,CAS-005,Houston,18,1039.4
PUR-2025-06-01-CAS-005-HOU,2025-06-01,purchase,CAS-005,Houston,18,1039.4
SAL-2025-06-01-CAS-005-PIT,2025-06-01,sale,CAS-005,Pittsburgh,13,1039.4
PUR-2025-06-01-CAS-005-PIT,2025-06-01,purchase,CAS-005,Pittsburgh,11,1039.4
SAL-2025-06-01-SIB-001-CHI,2025-06-01,sale,SIB-001,Chicago,71,7.47
PUR-2025-06-01-SIB-001-CHI,2025-06-01,purchase,SIB-001,Chicago,86,7.47
SAL-2025-06-01-SIB-001-HOU,2025-06-01,sale,SIB-001,Houston,69,7.47
PUR-2025-06-01-SIB-001-HOU,2025-06-01,purchase,SIB-001,Houston,52,7.47
SAL-2025-06-01-SIB-001-PIT,2025-06-01,sale,SIB-001,Pittsburgh,50,7.47
PUR-2025-06-01-SIB-001-PIT,2025-06-01,purchase,SIB-001,Pittsburgh,58,7.47
SAL-2025-06-01-SIB-002-CHI,2025-06-01,sale,SIB-002,Chicago,149,6.57
PUR-2025-06-01-SIB-002-CHI,2025-06-01,purchase,SIB-002,Chicago,130,6.57
SAL-2025-06-01-SIB-002-HOU,2025-06-01,sale,SIB-002,Houston,126,6.57
PUR-2025-06-01-SIB-002-HOU,2025-06-01,purchase,SIB-002,Houston,102,6.57
SAL-2025-06-01-SIB-002-PIT,2025-06-01,sale,SIB-002,Pittsburgh,99,6.57
PUR-2025-06-01-SIB-002-PIT,2025-06-01,purchase,SIB-002,Pittsburgh,79,6.57
SAL-2025-06-01-SIB-003-CHI,2025-06-01,sale,SIB-003,Chicago,109,8.35
PUR-2025-06-01-SIB-003-CHI,2025-06-01,purchase,SIB-003,Chicago,87,8.35
SAL-2025-06-01-SIB-003-HOU,2025-06-01,sale,SIB-003,Houston,87,8.35
PUR-2025-06-01-SIB-003-HOU,2025-06-01,purchase,SIB-003,Houston,70,8.35
SAL-2025-06-01-SIB-003-PIT,2025-06-01,sale,SIB-003,Pittsburgh,50,8.35
PUR-2025-06-01-SIB-003-PIT,2025-06-01,purchase,SIB-003,Pittsburgh,47,8.35
SAL-2025-06-01-SIB-004-CHI,2025-06-01,sale,SIB-004,Chicago,156,7.16
PUR-2025-06-01-SIB-004-CHI,2025-06-01,purchase,SIB-004,Chicago,158,7.16
SAL-2025-06-01-SIB-004-HOU,2025-06-01,sale,SIB-004,Houston,110,7.16
PUR-2025-06-01-SIB-004-HOU,2025-06-01,purchase,SIB-004,Houston,115,7.16
SAL-2025-06-01-SIB-004-PIT,2025-06-01,sale,SIB-004,Pittsburgh,98,7.16
PUR-2025-06-01-SIB-004-PIT,2025-06-01,purchase,SIB-004,Pittsburgh,77,7.16
SAL-2025-06-01-SIB-005-CHI,2025-06-01,sale,SIB-005,Chicago,147,5.98
PUR-2025-06-01-SIB-005-CHI,2025-06-01,purchase,SIB-005,Chicago,124,5.98
SAL-2025-06-01-SIB-005-HOU,2025-06-01,sale,SIB-005,Houston,118,5.98
PUR-2025-06-01-SIB-005-HOU,2025-06-01,purchase,SIB-005,Houston,107,5.98
SAL-2025-06-01-SIB-005-PIT,2025-06-01,sale,SIB-005,Pittsburgh,72,5.98
PUR-2025-06-01-SIB-005-PIT,2025-06-01,purchase,SIB-005,Pittsburgh,72,5.98
SAL-2025-06-01-MOR-001-CHI,2025-06-01,sale,MOR-001,Chicago,15,815.21
PUR-2025-06-01-MOR-001-CHI,2025-06-01,purchase,MOR-001,Chicago,16,815.21
SAL-2025-06-01-MOR-001-HOU,2025-06-01,sale,MOR-001,Houston,11,815.21
PUR-2025-06-01-MOR-001-HOU,2025-06-01,purchase,MOR-001,Houston,14,815.21
SAL-2025-06-01-MOR-001-PIT,2025-06-01,sale,MOR-001,Pittsburgh,9,815.21
PUR-2025-06-01-MOR-001-PIT,2025-06-01,purchase,MOR-001,Pittsburgh,10,815.21
SAL-2025-06-01-MOR-002-CHI,2025-06-01,sale,MOR-002,Chicago,33,836.57
PUR-2025-06-01-MOR-002-CHI,2025-06-01,purchase,MOR-002,Chicago,34,836.57
SAL-2025-06-01-MOR-002-HOU,2025-06-01,sale,MOR-002,Houston,24,836.57
PUR-2025-06-01-MOR-002-HOU,2025-06-01,purchase,MOR-002,Houston,22,836.57
SAL-2025-06-01-MOR-002-PIT,2025-06-01,sale,MOR-002,Pittsburgh,17,836.57
PUR-2025-06-01-MOR-002-PIT,2025-06-01,purchase,MOR-002,Pittsburgh,16,836.57
SAL-2025-06-01-MOR-003-CHI,2025-06-01,sale,MOR-003,Chicago,22,549.69
PUR-2025-06-01-MOR-003-CHI,2025-06-01,purchase,MOR-003,Chicago,30,549.69
SAL-2025-06-01-MOR-003-HOU,2025-06-01,sale,MOR-003,Houston,19,549.69
PUR-2025-06-01-MOR-003-HOU,2025-06-01,purchase,MOR-003,Houston,21,549.69
SAL-2025-06-01-MOR-003-PIT,2025-06-01,sale,MOR-003,Pittsburgh,13,549.69
PUR-2025-06-01-MOR-003-PIT,2025-06-01,purchase,MOR-003,Pittsburgh,17,549.69
SAL-2025-06-01-MOR-004-CHI,2025-06-01,sale,MOR-004,Chicago,16,611.7
PUR-2025-06-01-MOR-004-CHI,2025-06-01,purchase,MOR-004,Chicago,14,611.7
SAL-2025-06-01-MOR-004-HOU,2025-06-01,sale,MOR-004,Houston,13,611.7
PUR-2025-06-01-MOR-004-HOU,2025-06-01,purchase,MOR-004,Houston,11,611.7
SAL-2025-06-01-MOR-004-PIT,2025-06-01,sale,MOR-004,Pittsburgh,12,611.7
PUR-2025-06-01-MOR-004-PIT,2025-06-01,purchase,MOR-004,Pittsburgh,8,611.7
SAL-2025-06-01-MOR-005-CHI,2025-06-01,sale,MOR-005,Chicago,14,806.99
PUR-2025-06-01-MOR-005-CHI,2025-06-01,purchase,MOR-005,Chicago,16,806.99
SAL-2025-06-01-MOR-005-HOU,2025-06-01,sale,MOR-005,Houston,12,806.99
PUR-2025-06-01-MOR-005-HOU,2025-06-01,purchase,MOR-005,Houston,11,806.99
SAL-2025-06-01-MOR-005-PIT,2025-06-01,sale,MOR-005,Pittsburgh,6,806.99
PUR-2025-06-01-MOR-005-PIT,2025-06-01,purchase,MOR-005,Pittsburgh,8,806.99
SAL-2025-06-01-INS-001-CHI,2025-06-01,sale,INS-001,Chicago,89,8.01
PUR-2025-06-01-INS-001-CHI,2025-06-01,purchase,INS-001,Chicago,82,8.01
SAL-2025-06-01-INS-001-HOU,2025-06-01,sale,INS-001,Houston,95,8.01
PUR-2025-06-01-INS-001-HOU,2025-06-01,purchase,INS-001,Houston,72,8.01
SAL-2025-06-01-INS-001-PIT,2025-06-01,sale,INS-001,Pittsburgh,66,8.01
PUR-2025-06-01-INS-001-PIT,2025-06-01,purchase,INS-001,Pittsburgh,72,8.01
SAL-2025-06-01-INS-002-CHI,2025-06-01,sale,INS-002,Chicago,121,15.77
PUR-2025-06-01-INS-002-CHI,2025-06-01,purchase,INS-002,Chicago,111,15.77
SAL-2025-06-01-INS-002-HOU,2025-06-01,sale,INS-002,Houston,69,15.77
PUR-2025-06-01-INS-002-HOU,2025-06-01,purchase,INS-002,Houston,90,15.77
SAL-2025-06-01-INS-002-PIT,2025-06-01,sale,INS-002,Pittsburgh,52,15.77
PUR-2025-06-01-INS-002-PIT,2025-06-01,purchase,INS-002,Pittsburgh,55,15.77
SAL-2025-06-01-INS-003-CHI,2025-06-01,sale,INS-003,Chicago,77,7.69
PUR-2025-06-01-INS-003-CHI,2025-06-01,purchase,INS-003,Chicago,98,7.69
SAL-2025-06-01-INS-003-HOU,2025-06-01,sale,INS-003,Houston,66,7.69
PUR-2025-06-01-INS-003-HOU,2025-06-01,purchase,INS-003,Houston,63,7.69
SAL-2025-06-01-INS-003-PIT,2025-06-01,sale,INS-003,Pittsburgh,54,7.69
PUR-2025-06-01-INS-003-PIT,2025-06-01,purchase,INS-003,Pittsburgh,57,7.69
SAL-2025-06-01-INS-004-CHI,2025-06-01,sale,INS-004,Chicago,91,18.22
PUR-2025-06-01-INS-004-CHI,2025-06-01,purchase,INS-004,Chicago,70,18.22
SAL-2025-06-01-INS-004-HOU,2025-06-01,sale,INS-004,Houston,64,18.22
PUR-2025-06-01-INS-004-HOU,2025-06-01,purchase,INS-004,Houston,54,18.22
SAL-2025-06-01-INS-004-PIT,2025-06-01,sale,INS-004,Pittsburgh,57,18.22
PUR-2025-06-01-INS-004-PIT,2025-06-01,purchase,INS-004,Pittsburgh,62,18.22
SAL-2025-06-01-INS-005-CHI,2025-06-01,sale,INS-005,Chicago,63,14.17
PUR-2025-06-01-INS-005-CHI,2025-06-01,purchase,INS-005,Chicago,56,14.17
SAL-2025-06-01-INS-005-HOU,2025-06-01,sale,INS-005,Houston,45,14.17
PUR-2025-06-01-INS-005-HOU,2025-06-01,purchase,INS-005,Houston,50,14.17
SAL-2025-06-01-INS-005-PIT,2025-06-01,sale,INS-005,Pittsburgh,38,14.17
PUR-2025-06-01-INS-005-PIT,2025-06-01,purchase,INS-005,Pittsburgh,32,14.17
SAL-2025-07-01-MCB-001-CHI,2025-07-01,sale,MCB-001,Chicago,152,11.82
PUR-2025-07-01-MCB-001-CHI,2025-07-01,purchase,MCB-001,Chicago,135,11.82
SAL-2025-07-01-MCB-001-HOU,2025-07-01,sale,MCB-001,Houston,108,11.82
PUR-2025-07-01-MCB-001-HOU,2025-07-01,purchase,MCB-001,Houston,129,11.82
SAL-2025-07-01-MCB-001-PIT,2025-07-01,sale,MCB-001,Pittsburgh,81,11.82
PUR-2025-07-01-MCB-001-PIT,2025-07-01,purchase,MCB-001,Pittsburgh,71,11.82
SAL-2025-07-01-MCB-002-CHI,2025-07-01,sale,MCB-002,Chicago,233,10.69
PUR-2025-07-01-MCB-002-CHI,2025-07-01,purchase,MCB-002,Chicago,248,10.69
SAL-2025-07-01-MCB-002-HOU,2025-07-01,sale,MCB-002,Houston,177,10.69
PUR-2025-07-01-MCB-002-HOU,2025-07-01,purchase,MCB-002,Houston,208,10.69
SAL-2025-07-01-MCB-002-PIT,2025-07-01,sale,MCB-002,Pittsburgh,135,10.69
PUR-2025-07-01-MCB-002-PIT,2025-07-01,purchase,MCB-002,Pittsburgh,133,10.69
SAL-2025-07-01-MCB-003-CHI,2025-07-01,sale,MCB-003,Chicago,157,10.72
PUR-2025-07-01-MCB-003-CHI,2025-07-01,purchase,MCB-003,Chicago,137,10.72
SAL-2025-07-01-MCB-003-HOU,2025-07-01,sale,MCB-003,Houston,122,10.72
PUR-2025-07-01-MCB-003-HOU,2025-07-01,purchase,MCB-003,Houston,110,10.72
SAL-2025-07-01-MCB-003-PIT,2025-07-01,sale,MCB-003,Pittsburgh,92,10.72
PUR-2025-07-01-MCB-003-PIT,2025-07-01,purchase,MCB-003,Pittsburgh,80,10.72
SAL-2025-07-01-MCB-004-CHI,2025-07-01,sale,MCB-004,Chicago,139,12.11
PUR-2025-07-01-MCB-004-CHI,2025-07-01,purchase,MCB-004,Chicago,162,12.11
SAL-2025-07-01-MCB-004-HOU,2025-07-01,sale,MCB-004,Houston,132,12.11
PUR-2025-07-01-MCB-004-HOU,2025-07-01,purchase,MCB-004,Houston,105,12.11
SAL-2025-07-01-MCB-004-PIT,2025-07-01,sale,MCB-004,Pittsburgh,107,12.11
PUR-2025-07-01-MCB-004-PIT,2025-07-01,purchase,MCB-004,Pittsburgh,113,12.11
SAL-2025-07-01-MCB-005-CHI,2025-07-01,sale,MCB-005,Chicago,184,12.46
PUR-2025-07-01-MCB-005-CHI,2025-07-01,purchase,MCB-005,Chicago,174,12.46
SAL-2025-07-01-MCB-005-HOU,2025-07-01,sale,MCB-005,Houston,128,12.46
PUR-2025-07-01-MCB-005-HOU,2025-07-01,purchase,MCB-005,Houston,123,12.46
SAL-2025-07-01-MCB-005-PIT,2025-07-01,sale,MCB-005,Pittsburgh,93,12.46
PUR-2025-07-01-MCB-005-PIT,2025-07-01,purchase,MCB-005,Pittsburgh,110,12.46
SAL-2025-07-01-HAB-001-CHI,2025-07-01,sale,HAB-001,Chicago,137,9.1
PUR-2025-07-01-HAB-001-CHI,2025-07-01,purchase,HAB-001,Chicago,155,9.1
SAL-2025-07-01-HAB-001-HOU,2025-07-01,sale,HAB-001,Houston,151,9.1
PUR-2025-07-01-HAB-001-HOU,2025-07-01,purchase,HAB-001,Houston,152,9.1
SAL-2025-07-01-HAB-001-PIT,2025-07-01,sale,HAB-001,Pittsburgh,94,9.1
PUR-2025-07-01-HAB-001-PIT,2025-07-01,purchase,HAB-001,Pittsburgh,77,9.1
SAL-2025-07-01-HAB-002-CHI,2025-07-01,sale,HAB-002,Chicago,123,8.92
PUR-2025-07-01-HAB-002-CHI,2025-07-01,purchase,HAB-002,Chicago,88,8.92
SAL-2025-07-01-HAB-002-HOU,2025-07-01,sale,HAB-002,Houston,85,8.92
PUR-2025-07-01-HAB-002-HOU,2025-07-01,purchase,HAB-002,Houston,81,8.92
SAL-2025-07-01-HAB-002-PIT,2025-07-01,sale,HAB-002,Pittsburgh,56,8.92
PUR-2025-07-01-HAB-002-PIT,2025-07-01,purchase,HAB-002,Pittsburgh,76,8.92
SAL-2025-07-01-HAB-003-CHI,2025-07-01,sale,HAB-003,Chicago,133,6.1
PUR-2025-07-01-HAB-003-CHI,2025-07-01,purchase,HAB-003,Chicago,141,6.1
SAL-2025-07-01-HAB-003-HOU,2025-07-01,sale,HAB-003,Houston,95,6.1
PUR-2025-07-01-HAB-003-HOU,2025-07-01,purchase,HAB-003,Houston,130,6.1
SAL-2025-07-01-HAB-003-PIT,2025-07-01,sale,HAB-003,Pittsburgh,71,6.1
PUR-2025-07-01-HAB-003-PIT,2025-07-01,purchase,HAB-003,Pittsburgh,66,6.1
SAL-2025-07-01-HAB-004-CHI,2025-07-01,sale,HAB-004,Chicago,145,8.31
PUR-2025-07-01-HAB-004-CHI,2025-07-01,purchase,HAB-004,Chicago,135,8.31
SAL-2025-07-01-HAB-004-HOU,2025-07-01,sale,HAB-004,Houston,83,8.31
PUR-2025-07-01-HAB-004-HOU,2025-07-01,purchase,HAB-004,Houston,82,8.31
SAL-2025-07-01-HAB-004-PIT,2025-07-01,sale,HAB-004,Pittsburgh,80,8.31
PUR-2025-07-01-HAB-004-PIT,2025-07-01,purchase,HAB-004,Pittsburgh,68,8.31
SAL-2025-07-01-HAB-005-CHI,2025-07-01,sale,HAB-005,Chicago,82,7.4
PUR-2025-07-01-HAB-005-CHI,2025-07-01,purchase,HAB-005,Chicago,114,7.4
SAL-2025-07-01-HAB-005-HOU,2025-07-01,sale,HAB-005,Houston,67,7.4
PUR-2025-07-01-HAB-005-HOU,2025-07-01,purchase,HAB-005,Houston,69,7.4
SAL-2025-07-01-HAB-005-PIT,2025-07-01,sale,HAB-005,Pittsburgh,65,7.4
PUR-2025-07-01-HAB-005-PIT,2025-07-01,purchase,HAB-005,Pittsburgh,70,7.4
SAL-2025-07-01-CAS-001-CHI,2025-07-01,sale,CAS-001,Chicago,31,1238.72
PUR-2025-07-01-CAS-001-CHI,2025-07-01,purchase,CAS-001,Chicago,32,1238.72
SAL-2025-07-01-CAS-001-HOU,2025-07-01,sale,CAS-001,Houston,21,1238.72
PUR-2025-07-01-CAS-001-HOU,2025-07-01,purchase,CAS-001,Houston,20,1238.72
SAL-2025-07-01-CAS-001-PIT,2025-07-01,sale,CAS-001,Pittsburgh,16,1238.72
PUR-2025-07-01-CAS-001-PIT,2025-07-01,purchase,CAS-001,Pittsburgh,14,1238.72
SAL-2025-07-01-CAS-002-CHI,2025-07-01,sale,CAS-002,Chicago,26,1129.98
PUR-2025-07-01-CAS-002-CHI,2025-07-01,purchase,CAS-002,Chicago,29,1129.98
SAL-2025-07-01-CAS-002-HOU,2025-07-01,sale,CAS-002,Houston,19,1129.98
PUR-2025-07-01-CAS-002-HOU,2025-07-01,purchase,CAS-002,Houston,14,1129.98
SAL-2025-07-01-CAS-002-PIT,2025-07-01,sale,CAS-002,Pittsburgh,15,1129.98
PUR-2025-07-01-CAS-002-PIT,2025-07-01,purchase,CAS-002,Pittsburgh,14,1129.98
SAL-2025-07-01-CAS-003-CHI,2025-07-01,sale,CAS-003,Chicago,21,1201.89
PUR-2025-07-01-CAS-003-CHI,2025-07-01,purchase,CAS-003,Chicago,15,1201.89
SAL-2025-07-01-CAS-003-HOU,2025-07-01,sale,CAS-003,Houston,12,1201.89
PUR-2025-07-01-CAS-003-HOU,2025-07-01,purchase,CAS-003,Houston,11,1201.89
SAL-2025-07-01-CAS-003-PIT,2025-07-01,sale,CAS-003,Pittsburgh,11,1201.89
PUR-2025-07-01-CAS-003-PIT,2025-07-01,purchase,CAS-003,Pittsburgh,13,1201.89
SAL-2025-07-01-CAS-004-CHI,2025-07-01,sale,CAS-004,Chicago,41,820.97
PUR-2025-07-01-CAS-004-CHI,2025-07-01,purchase,CAS-004,Chicago,31,820.97
SAL-2025-07-01-CAS-004-HOU,2025-07-01,sale,CAS-004,Houston,29,820.97
PUR-2025-07-01-CAS-004-HOU,2025-07-01,purchase,CAS-004,Houston,27,820.97
SAL-2025-07-01-CAS-004-PIT,2025-07-01,sale,CAS-004,Pittsburgh,18,820.97
PUR-2025-07-01-CAS-004-PIT,2025-07-01,purchase,CAS-004,Pittsburgh,20,820.97
SAL-2025-07-01-CAS-005-CHI,2025-07-01,sale,CAS-005,Chicago,21,1039.4
PUR-2025-07-01-CAS-005-CHI,2025-07-01,purchase,CAS-005,Chicago,23,1039.4
SAL-2025-07-01-CAS-005-HOU,2025-07-01,sale,CAS-005,Houston,16,1039.4
PUR-2025-07-01-CAS-005-HOU,2025-07-01,purchase,CAS-005,Houston,19,1039.4
SAL-2025-07-01-CAS-005-PIT,2025-07-01,sale,CAS-005,Pittsburgh,13,1039.4
PUR-2025-07-01-CAS-005-PIT,2025-07-01,purchase,CAS-005,Pittsburgh,11,1039.4
SAL-2025-07-01-SIB-001-CHI,2025-07-01,sale,SIB-001,Chicago,68,7.47
PUR-2025-07-01-SIB-001-CHI,2025-07-01,purchase,SIB-001,Chicago,82,7.47
SAL-2025-07-01-SIB-001-HOU,2025-07-01,sale,SIB-001,Houston,66,7.47
PUR-2025-07-01-SIB-001-HOU,2025-07-01,purchase,SIB-001,Houston,69,7.47
SAL-2025-07-01-SIB-001-PIT,2025-07-01,sale,SIB-001,Pittsburgh,46,7.47
PUR-2025-07-01-SIB-001-PIT,2025-07-01,purchase,SIB-001,Pittsburgh,36,7.47
SAL-2025-07-01-SIB-002-CHI,2025-07-01,sale,SIB-002,Chicago,121,6.57
PUR-2025-07-01-SIB-002-CHI,2025-07-01,purchase,SIB-002,Chicago,106,6.57
SAL-2025-07-01-SIB-002-HOU,2025-07-01,sale,SIB-002,Houston,124,6.57
PUR-2025-07-01-SIB-002-HOU,2025-07-01,purchase,SIB-002,Houston,82,6.57
SAL-2025-07-01-SIB-002-PIT,2025-07-01,sale,SIB-002,Pittsburgh,66,6.57
PUR-2025-07-01-SIB-002-PIT,2025-07-01,purchase,SIB-002,Pittsburgh,88,6.57
SAL-2025-07-01-SIB-003-CHI,2025-07-01,sale,SIB-003,Chicago,89,8.35
PUR-2025-07-01-SIB-003-CHI,2025-07-01,purchase,SIB-003,Chicago,102,8.35
SAL-2025-07-01-SIB-003-HOU,2025-07-01,sale,SIB-003,Houston,61,8.35
PUR-2025-07-01-SIB-003-HOU,2025-07-01,purchase,SIB-003,Houston,69,8.35
SAL-2025-07-01-SIB-003-PIT,2025-07-01,sale,SIB-003,Pittsburgh,56,8.35
PUR-2025-07-01-SIB-003-PIT,2025-07-01,purchase,SIB-003,Pittsburgh,69,8.35
SAL-2025-07-01-SIB-004-CHI,2025-07-01,sale,SIB-004,Chicago,107,7.16
PUR-2025-07-01-SIB-004-CHI,2025-07-01,purchase,SIB-004,Chicago,133,7.16
SAL-2025-07-01-SIB-004-HOU,2025-07-01,sale,SIB-004,Houston,119,7.16
PUR-2025-07-01-SIB-004-HOU,2025-07-01,purchase,SIB-004,Houston,91,7.16
SAL-2025-07-01-SIB-004-PIT,2025-07-01,sale,SIB-004,Pittsburgh,73,7.16
PUR-2025-07-01-SIB-004-PIT,2025-07-01,purchase,SIB-004,Pittsburgh,90,7.16
SAL-2025-07-01-SIB-005-CHI,2025-07-01,sale,SIB-005,Chicago,118,5.98
PUR-2025-07-01-SIB-005-CHI,2025-07-01,purchase,SIB-005,Chicago,115,5.98
SAL-2025-07-01-SIB-005-HOU,2025-07-01,sale,SIB-005,Houston,81,5.98
PUR-2025-07-01-SIB-005-HOU,2025-07-01,purchase,SIB-005,Houston,73,5.98
SAL-2025-07-01-SIB-005-PIT,2025-07-01,sale,SIB-005,Pittsburgh,60,5.98
PUR-2025-07-01-SIB-005-PIT,2025-07-01,purchase,SIB-005,Pittsburgh,75,5.98
SAL-2025-07-01-MOR-001-CHI,2025-07-01,sale,MOR-001,Chicago,13,815.21
PUR-2025-07-01-MOR-001-CHI,2025-07-01,purchase,MOR-001,Chicago,15,815.21
SAL-2025-07-01-MOR-001-HOU,2025-07-01,sale,MOR-001,Houston,10,815.21
PUR-2025-07-01-MOR-001-HOU,2025-07-01,purchase,MOR-001,Houston,9,815.21
SAL-2025-07-01-MOR-001-PIT,2025-07-01,sale,MOR-001,Pittsburgh,7,815.21
PUR-2025-07-01-MOR-001-PIT,2025-07-01,purchase,MOR-001,Pittsburgh,9,815.21
SAL-2025-07-01-MOR-002-CHI,2025-07-01,sale,MOR-002,Chicago,32,836.57
PUR-2025-07-01-MOR-002-CHI,2025-07-01,purchase,MOR-002,Chicago,33,836.57
SAL-2025-07-01-MOR-002-HOU,2025-07-01,sale,MOR-002,Houston,27,836.57
PUR-2025-07-01-MOR-002-HOU,2025-07-01,purchase,MOR-002,Houston,27,836.57
SAL-2025-07-01-MOR-002-PIT,2025-07-01,sale,MOR-002,Pittsburgh,15,836.57
PUR-2025-07-01-MOR-002-PIT,2025-07-01,purchase,MOR-002,Pittsburgh,20,836.57
SAL-2025-07-01-MOR-003-CHI,2025-07-01,sale,MOR-003,Chicago,26,549.69
PUR-2025-07-01-MOR-003-CHI,2025-07-01,purchase,MOR-003,Chicago,26,549.69
SAL-2025-07-01-MOR-003-HOU,2025-07-01,sale,MOR-003,Houston,19,549.69
PUR-2025-07-01-MOR-003-HOU,2025-07-01,purchase,MOR-003,Houston,16,549.69
SAL-2025-07-01-MOR-003-PIT,2025-07-01,sale,MOR-003,Pittsburgh,15,549.69
PUR-2025-07-01-MOR-003-PIT,2025-07-01,purchase,MOR-003,Pittsburgh,17,549.69
SAL-2025-07-01-MOR-004-CHI,2025-07-01,sale,MOR-004,Chicago,15,611.7
PUR-2025-07-01-MOR-004-CHI,2025-07-01,purchase,MOR-004,Chicago,17,611.7
SAL-2025-07-01-MOR-004-HOU,2025-07-01,sale,MOR-004,Houston,14,611.7
PUR-2025-07-01-MOR-004-HOU,2025-07-01,purchase,MOR-004,Houston,10,611.7
SAL-2025-07-01-MOR-004-PIT,2025-07-01,sale,MOR-004,Pittsburgh,8,611.7
PUR-2025-07-01-MOR-004-PIT,2025-07-01,purchase,MOR-004,Pittsburgh,11,611.7
SAL-2025-07-01-MOR-005-CHI,2025-07-01,sale,MOR-005,Chicago,11,806.99
PUR-2025-07-01-MOR-005-CHI,2025-07-01,purchase,MOR-005,Chicago,13,806.99
SAL-2025-07-01-MOR-005-HOU,2025-07-01,sale,MOR-005,Houston,9,806.99
PUR-2025-07-01-MOR-005-HOU,2025-07-01,purchase,MOR-005,Houston,10,806.99
SAL-2025-07-01-MOR-005-PIT,2025-07-01,sale,MOR-005,Pittsburgh,8,806.99
PUR-2025-07-01-MOR-005-PIT,2025-07-01,purchase,MOR-005,Pittsburgh,6,806.99
SAL-2025-07-01-INS-001-CHI,2025-07-01,sale,INS-001,Chicago,82,8.01
PUR-2025-07-01-INS-001-CHI,2025-07-01,purchase,INS-001,Chicago,110,8.01
SAL-2025-07-01-INS-001-HOU,2025-07-01,sale,INS-001,Houston,81,8.01
PUR-2025-07-01-INS-001-HOU,2025-07-01,purchase,INS-001,Houston,87,8.01
SAL-2025-07-01-INS-001-PIT,2025-07-01,sale,INS-001,Pittsburgh,54,8.01
PUR-2025-07-01-INS-001-PIT,2025-07-01,purchase,INS-001,Pittsburgh,44,8.01
SAL-2025-07-01-INS-002-CHI,2025-07-01,sale,INS-002,Chicago,106,15.77
PUR-2025-07-01-INS-002-CHI,2025-07-01,purchase,INS-002,Chicago,97,15.77
SAL-2025-07-01-INS-002-HOU,2025-07-01,sale,INS-002,Houston,68,15.77
PUR-2025-07-01-INS-002-HOU,2025-07-01,purchase,INS-002,Houston,76,15.77
SAL-2025-07-01-INS-002-PIT,2025-07-01,sale,INS-002,Pittsburgh,61,15.77
PUR-2025-07-01-INS-002-PIT,2025-07-01,purchase,INS-002,Pittsburgh,45,15.77
SAL-2025-07-01-INS-003-CHI,2025-07-01,sale,INS-003,Chicago,89,7.69
PUR-2025-07-01-INS-003-CHI,2025-07-01,purchase,INS-003,Chicago,85,7.69
SAL-2025-07-01-INS-003-HOU,2025-07-01,sale,INS-003,Houston,51,7.69
PUR-2025-07-01-INS-003-HOU,2025-07-01,purchase,INS-003,Houston,48,7.69
SAL-2025-07-01-INS-003-PIT,2025-07-01,sale,INS-003,Pittsburgh,39,7.69
PUR-2025-07-01-INS-003-PIT,2025-07-01,purchase,INS-003,Pittsburgh,41,7.69
SAL-2025-07-01-INS-004-CHI,2025-07-01,sale,INS-004,Chicago,82,18.22
PUR-2025-07-01-INS-004-CHI,2025-07-01,purchase,INS-004,Chicago,95,18.22
SAL-2025-07-01-INS-004-HOU,2025-07-01,sale,INS-004,Houston,68,18.22
PUR-2025-07-01-INS-004-HOU,2025-07-01,purchase,INS-004,Houston,80,18.22
SAL-2025-07-01-INS-004-PIT,2025-07-01,sale,INS-004,Pittsburgh,42,18.22
PUR-2025-07-01-INS-004-PIT,2025-07-01,purchase,INS-004,Pittsburgh,58,18.22
SAL-2025-07-01-INS-005-CHI,2025-07-01,sale,INS-005,Chicago,54,14.17
PUR-2025-07-01-INS-005-CHI,2025-07-01,purchase,INS-005,Chicago,59,14.17
SAL-2025-07-01-INS-005-HOU,2025-07-01,sale,INS-005,Houston,42,14.17
PUR-2025-07-01-INS-005-HOU,2025-07-01,purchase,INS-005,Houston,42,14.17
SAL-2025-07-01-INS-005-PIT,2025-07-01,sale,INS-005,Pittsburgh,30,14.17
PUR-2025-07-01-INS-005-PIT,2025-07-01,purchase,INS-005,Pittsburgh,34,14.17
SAL-2025-08-01-MCB-001-CHI,2025-08-01,sale,MCB-001,Chicago,156,11.82
PUR-2025-08-01-MCB-001-CHI,2025-08-01,purchase,MCB-001,Chicago,130,11.82
SAL-2025-08-01-MCB-001-HOU,2025-08-01,sale,MCB-001,Houston,127,11.82
PUR-2025-08-01-MCB-001-HOU,2025-08-01,purchase,MCB-001,Houston,107,11.82
SAL-2025-08-01-MCB-001-PIT,2025-08-01,sale,MCB-001,Pittsburgh,79,11.82
PUR-2025-08-01-MCB-001-PIT,2025-08-01,purchase,MCB-001,Pittsburgh,67,11.82
SAL-2025-08-01-MCB-002-CHI,2025-08-01,sale,MCB-002,Chicago,175,10.69
PUR-2025-08-01-MCB-002-CHI,2025-08-01,purchase,MCB-002,Chicago,214,10.69
SAL-2025-08-01-MCB-002-HOU,2025-08-01,sale,MCB-002,Houston,181,10.69
PUR-2025-08-01-MCB-002-HOU,2025-08-01,purchase,MCB-002,Houston,132,10.69
SAL-2025-08-01-MCB-002-PIT,2025-08-01,sale,MCB-002,Pittsburgh,127,10.69
PUR-2025-08-01-MCB-002-PIT,2025-08-01,purchase,MCB-002,Pittsburgh,133,10.69
SAL-2025-08-01-MCB-003-CHI,2025-08-01,sale,MCB-003,Chicago,135,10.72
PUR-2025-08-01-MCB-003-CHI,2025-08-01,purchase,MCB-003,Chicago,120,10.72
SAL-2025-08-01-MCB-003-HOU,2025-08-01,sale,MCB-003,Houston,85,10.72
PUR-2025-08-01-MCB-003-HOU,2025-08-01,purchase,MCB-003,Houston,126,10.72
SAL-2025-08-01-MCB-003-PIT,2025-08-01,sale,MCB-003,Pittsburgh,72,10.72
PUR-2025-08-01-MCB-003-PIT,2025-08-01,purchase,MCB-003,Pittsburgh,70,10.72
SAL-2025-08-01-MCB-004-CHI,2025-08-01,sale,MCB-004,Chicago,129,12.11
PUR-2025-08-01-MCB-004-CHI,2025-08-01,purchase,MCB-004,Chicago,190,12.11
SAL-2025-08-01-MCB-004-HOU,2025-08-01,sale,MCB-004,Houston,113,12.11
PUR-2025-08-01-MCB-004-HOU,2025-08-01,purchase,MCB-004,Houston,93,12.11
SAL-2025-08-01-MCB-004-PIT,2025-08-01,sale,MCB-004,Pittsburgh,99,12.11
PUR-2025-08-01-MCB-004-PIT,2025-08-01,purchase,MCB-004,Pittsburgh,105,12.11
SAL-2025-08-01-MCB-005-CHI,2025-08-01,sale,MCB-005,Chicago,147,12.46
PUR-2025-08-01-MCB-005-CHI,2025-08-01,purchase,MCB-005,Chicago,114,12.46
SAL-2025-08-01-MCB-005-HOU,2025-08-01,sale,MCB-005,Houston,132,12.46
PUR-2025-08-01-MCB-005-HOU,2025-08-01,purchase,MCB-005,Houston,92,12.46
SAL-2025-08-01-MCB-005-PIT,2025-08-01,sale,MCB-005,Pittsburgh,82,12.46
PUR-2025-08-01-MCB-005-PIT,2025-08-01,purchase,MCB-005,Pittsburgh,106,12.46
SAL-2025-08-01-HAB-001-CHI,2025-08-01,sale,HAB-001,Chicago,148,9.1
PUR-2025-08-01-HAB-001-CHI,2025-08-01,purchase,HAB-001,Chicago,123,9.1
SAL-2025-08-01-HAB-001-HOU,2025-08-01,sale,HAB-001,Houston,131,9.1
PUR-2025-08-01-HAB-001-HOU,2025-08-01,purchase,HAB-001,Houston,92,9.1
SAL-2025-08-01-HAB-001-PIT,2025-08-01,sale,HAB-001,Pittsburgh,91,9.1
PUR-2025-08-01-HAB-001-PIT,2025-08-01,purchase,HAB-001,Pittsburgh,98,9.1
SAL-2025-08-01-HAB-002-CHI,2025-08-01,sale,HAB-002,Chicago,102,8.92
PUR-2025-08-01-HAB-002-CHI,2025-08-01,purchase,HAB-002,Chicago,81,8.92
SAL-2025-08-01-HAB-002-HOU,2025-08-01,sale,HAB-002,Houston,84,8.92
PUR-2025-08-01-HAB-002-HOU,2025-08-01,purchase,HAB-002,Houston,68,8.92
SAL-2025-08-01-HAB-002-PIT,2025-08-01,sale,HAB-002,Pittsburgh,66,8.92
PUR-2025-08-01-HAB-002-PIT,2025-08-01,purchase,HAB-002,Pittsburgh,66,8.92
SAL-2025-08-01-HAB-003-CHI,2025-08-01,sale,HAB-003,Chicago,131,6.1
PUR-2025-08-01-HAB-003-CHI,2025-08-01,purchase,HAB-003,Chicago,150,6.1
SAL-2025-08-01-HAB-003-HOU,2025-08-01,sale,HAB-003,Houston,94,6.1
PUR-2025-08-01-HAB-003-HOU,2025-08-01,purchase,HAB-003,Houston,112,6.1
SAL-2025-08-01-HAB-003-PIT,2025-08-01,sale,HAB-003,Pittsburgh,64,6.1
PUR-2025-08-01-HAB-003-PIT,2025-08-01,purchase,HAB-003,Pittsburgh,89,6.1
SAL-2025-08-01-HAB-004-CHI,2025-08-01,sale,HAB-004,Chicago,128,8.31
PUR-2025-08-01-HAB-004-CHI,2025-08-01,purchase,HAB-004,Chicago,113,8.31
SAL-2025-08-01-HAB-004-HOU,2025-08-01,sale,HAB-004,Houston,97,8.31
PUR-2025-08-01-HAB-004-HOU,2025-08-01,purchase,HAB-004,Houston,109,8.31
SAL-2025-08-01-HAB-004-PIT,2025-08-01,sale,HAB-004,Pittsburgh,71,8.31
PUR-2025-08-01-HAB-004-PIT,2025-08-01,purchase,HAB-004,Pittsburgh,57,8.31
SAL-2025-08-01-HAB-005-CHI,2025-08-01,sale,HAB-005,Chicago,83,7.4
PUR-2025-08-01-HAB-005-CHI,2025-08-01,purchase,HAB-005,Chicago,95,7.4
SAL-2025-08-01-HAB-005-HOU,2025-08-01,sale,HAB-005,Houston,81,7.4
PUR-2025-08-01-HAB-005-HOU,2025-08-01,purchase,HAB-005,Houston,79,7.4
SAL-2025-08-01-HAB-005-PIT,2025-08-01,sale,HAB-005,Pittsburgh,48,7.4
PUR-2025-08-01-HAB-005-PIT,2025-08-01,purchase,HAB-005,Pittsburgh,50,7.4
SAL-2025-08-01-CAS-001-CHI,2025-08-01,sale,CAS-001,Chicago,23,1238.72
PUR-2025-08-01-CAS-001-CHI,2025-08-01,purchase,CAS-001,Chicago,32,1238.72
SAL-2025-08-01-CAS-001-HOU,2025-08-01,sale,CAS-001,Houston,23,1238.72
PUR-2025-08-01-CAS-001-HOU,2025-08-01,purchase,CAS-001,Houston,20,1238.72
SAL-2025-08-01-CAS-001-PIT,2025-08-01,sale,CAS-001,Pittsburgh,18,1238.72
PUR-2025-08-01-CAS-001-PIT,2025-08-01,purchase,CAS-001,Pittsburgh,16,1238.72
SAL-2025-08-01-CAS-002-CHI,2025-08-01,sale,CAS-002,Chicago,22,1129.98
PUR-2025-08-01-CAS-002-CHI,2025-08-01,purchase,CAS-002,Chicago,24,1129.98
SAL-2025-08-01-CAS-002-HOU,2025-08-01,sale,CAS-002,Houston,18,1129.98
PUR-2025-08-01-CAS-002-HOU,2025-08-01,purchase,CAS-002,Houston,15,1129.98
SAL-2025-08-01-CAS-002-PIT,2025-08-01,sale,CAS-002,Pittsburgh,15,1129.98
PUR-2025-08-01-CAS-002-PIT,2025-08-01,purchase,CAS-002,Pittsburgh,11,1129.98
SAL-2025-08-01-CAS-003-CHI,2025-08-01,sale,CAS-003,Chicago,17,1201.89
PUR-2025-08-01-CAS-003-CHI,2025-08-01,purchase,CAS-003,Chicago,15,1201.89
SAL-2025-08-01-CAS-003-HOU,2025-08-01,sale,CAS-003,Houston,11,1201.89
PUR-2025-08-01-CAS-003-HOU,2025-08-01,purchase,CAS-003,Houston,14,1201.89
SAL-2025-08-01-CAS-003-PIT,2025-08-01,sale,CAS-003,Pittsburgh,11,1201.89
PUR-2025-08-01-CAS-003-PIT,2025-08-01,purchase,CAS-003,Pittsburgh,10,1201.89
SAL-2025-08-01-CAS-004-CHI,2025-08-01,sale,CAS-004,Chicago,38,820.97
PUR-2025-08-01-CAS-004-CHI,2025-08-01,purchase,CAS-004,Chicago,31,820.97
SAL-2025-08-01-CAS-004-HOU,2025-08-01,sale,CAS-004,Houston,26,820.97
PUR-2025-08-01-CAS-004-HOU,2025-08-01,purchase,CAS-004,Houston,23,820.97
SAL-2025-08-01-CAS-004-PIT,2025-08-01,sale,CAS-004,Pittsburgh,22,820.97
PUR-2025-08-01-CAS-004-PIT,2025-08-01,purchase,CAS-004,Pittsburgh,22,820.97
SAL-2025-08-01-CAS-005-CHI,2025-08-01,sale,CAS-005,Chicago,20,1039.4
PUR-2025-08-01-CAS-005-CHI,2025-08-01,purchase,CAS-005,Chicago,20,1039.4
SAL-2025-08-01-CAS-005-HOU,2025-08-01,sale,CAS-005,Houston,12,1039.4
PUR-2025-08-01-CAS-005-HOU,2025-08-01,purchase,CAS-005,Houston,14,1039.4
SAL-2025-08-01-CAS-005-PIT,2025-08-01,sale,CAS-005,Pittsburgh,11,1039.4
PUR-2025-08-01-CAS-005-PIT,2025-08-01,purchase,CAS-005,Pittsburgh,11,1039.4
SAL-2025-08-01-SIB-001-CHI,2025-08-01,sale,SIB-001,Chicago,78,7.47
PUR-2025-08-01-SIB-001-CHI,2025-08-01,purchase,SIB-001,Chicago,67,7.47
SAL-2025-08-01-SIB-001-HOU,2025-08-01,sale,SIB-001,Houston,62,7.47
PUR-2025-08-01-SIB-001-HOU,2025-08-01,purchase,SIB-001,Houston,54,7.47
SAL-2025-08-01-SIB-001-PIT,2025-08-01,sale,SIB-001,Pittsburgh,44,7.47
PUR-2025-08-01-SIB-001-PIT,2025-08-01,purchase,SIB-001,Pittsburgh,47,7.47
SAL-2025-08-01-SIB-002-CHI,2025-08-01,sale,SIB-002,Chicago,118,6.57
PUR-2025-08-01-SIB-002-CHI,2025-08-01,purchase,SIB-002,Chicago,112,6.57
SAL-2025-08-01-SIB-002-HOU,2025-08-01,sale,SIB-002,Houston,96,6.57
PUR-2025-08-01-SIB-002-HOU,2025-08-01,purchase,SIB-002,Houston,80,6.57
SAL-2025-08-01-SIB-002-PIT,2025-08-01,sale,SIB-002,Pittsburgh,76,6.57
PUR-2025-08-01-SIB-002-PIT,2025-08-01,purchase,SIB-002,Pittsburgh,71,6.57
SAL-2025-08-01-SIB-003-CHI,2025-08-01,sale,SIB-003,Chicago,82,8.35
PUR-2025-08-01-SIB-003-CHI,2025-08-01,purchase,SIB-003,Chicago,72,8.35
SAL-2025-08-01-SIB-003-HOU,2025-08-01,sale,SIB-003,Houston,69,8.35
PUR-2025-08-01-SIB-003-HOU,2025-08-01,purchase,SIB-003,Houston,75,8.35
SAL-2025-08-01-SIB-003-PIT,2025-08-01,sale,SIB-003,Pittsburgh,43,8.35
PUR-2025-08-01-SIB-003-PIT,2025-08-01,purchase,SIB-003,Pittsburgh,51,8.35
SAL-2025-08-01-SIB-004-CHI,2025-08-01,sale,SIB-004,Chicago,117,7.16
PUR-2025-08-01-SIB-004-CHI,2025-08-01,purchase,SIB-004,Chicago,111,7.16
SAL-2025-08-01-SIB-004-HOU,2025-08-01,sale,SIB-004,Houston,110,7.16
PUR-2025-08-01-SIB-004-HOU,2025-08-01,purchase,SIB-004,Houston,102,7.16
SAL-2025-08-01-SIB-004-PIT,2025-08-01,sale,SIB-004,Pittsburgh,79,7.16
PUR-2025-08-01-SIB-004-PIT,2025-08-01,purchase,SIB-004,Pittsburgh,78,7.16
SAL-2025-08-01-SIB-005-CHI,2025-08-01,sale,SIB-005,Chicago,127,5.98
PUR-2025-08-01-SIB-005-CHI,2025-08-01,purchase,SIB-005,Chicago,88,5.98
SAL-2025-08-01-SIB-005-HOU,2025-08-01,sale,SIB-005,Houston,72,5.98
PUR-2025-08-01-SIB-005-HOU,2025-08-01,purchase,SIB-005,Houston,96,5.98
SAL-2025-08-01-SIB-005-PIT,2025-08-01,sale,SIB-005,Pittsburgh,62,5.98
PUR-2025-08-01-SIB-005-PIT,2025-08-01,purchase,SIB-005,Pittsburgh,65,5.98
SAL-2025-08-01-MOR-001-CHI,2025-08-01,sale,MOR-001,Chicago,13,815.21
PUR-2025-08-01-MOR-001-CHI,2025-08-01,purchase,MOR-001,Chicago,12,815.21
SAL-2025-08-01-MOR-001-HOU,2025-08-01,sale,MOR-001,Houston,9,815.21
PUR-2025-08-01-MOR-001-HOU,2025-08-01,purchase,MOR-001,Houston,12,815.21
SAL-2025-08-01-MOR-001-PIT,2025-08-01,sale,MOR-001,Pittsburgh,8,815.21
PUR-2025-08-01-MOR-001-PIT,2025-08-01,purchase,MOR-001,Pittsburgh,6,815.21
SAL-2025-08-01-MOR-002-CHI,2025-08-01,sale,MOR-002,Chicago,31,836.57
PUR-2025-08-01-MOR-002-CHI,2025-08-01,purchase,MOR-002,Chicago,26,836.57
SAL-2025-08-01-MOR-002-HOU,2025-08-01,sale,MOR-002,Houston,20,836.57
PUR-2025-08-01-MOR-002-HOU,2025-08-01,purchase,MOR-002,Houston,22,836.57
SAL-2025-08-01-MOR-002-PIT,2025-08-01,sale,MOR-002,Pittsburgh,15,836.57
PUR-2025-08-01-MOR-002-PIT,2025-08-01,purchase,MOR-002,Pittsburgh,15,836.57
SAL-2025-08-01-MOR-003-CHI,2025-08-01,sale,MOR-003,Chicago,19,549.69
PUR-2025-08-01-MOR-003-CHI,2025-08-01,purchase,MOR-003,Chicago,22,549.69
SAL-2025-08-01-MOR-003-HOU,2025-08-01,sale,MOR-003,Houston,20,549.69
PUR-2025-08-01-MOR-003-HOU,2025-08-01,purchase,MOR-003,Houston,17,549.69
SAL-2025-08-01-MOR-003-PIT,2025-08-01,sale,MOR-003,Pittsburgh,11,549.69
PUR-2025-08-01-MOR-003-PIT,2025-08-01,purchase,MOR-003,Pittsburgh,11,549.69
SAL-2025-08-01-MOR-004-CHI,2025-08-01,sale,MOR-004,Chicago,13,611.7
PUR-2025-08-01-MOR-004-CHI,2025-08-01,purchase,MOR-004,Chicago,16,611.7
SAL-2025-08-01-MOR-004-HOU,2025-08-01,sale,MOR-004,Houston,12,611.7
PUR-2025-08-01-MOR-004-HOU,2025-08-01,purchase,MOR-004,Houston,14,611.7
SAL-2025-08-01-MOR-004-PIT,2025-08-01,sale,MOR-004,Pittsburgh,10,611.7
PUR-2025-08-01-MOR-004-PIT,2025-08-01,purchase,MOR-004,Pittsburgh,8,611.7
SAL-2025-08-01-MOR-005-CHI,2025-08-01,sale,MOR-005,Chicago,11,806.99
PUR-2025-08-01-MOR-005-CHI,2025-08-01,purchase,MOR-005,Chicago,11,806.99
SAL-2025-08-01-MOR-005-HOU,2025-08-01,sale,MOR-005,Houston,8,806.99
PUR-2025-08-01-MOR-005-HOU,2025-08-01,purchase,MOR-005,Houston,10,806.99
SAL-2025-08-01-MOR-005-PIT,2025-08-01,sale,MOR-005,Pittsburgh,6,806.99
PUR-2025-08-01-MOR-005-PIT,2025-08-01,purchase,MOR-005,Pittsburgh,6,806.99
SAL-2025-08-01-INS-001-CHI,2025-08-01,sale,INS-001,Chicago,97,8.01
PUR-2025-08-01-INS-001-CHI,2025-08-01,purchase,INS-001,Chicago,83,8.01
SAL-2025-08-01-INS-001-HOU,2025-08-01,sale,INS-001,Houston,81,8.01
PUR-2025-08-01-INS-001-HOU,2025-08-01,purchase,INS-001,Houston,81,8.01
SAL-2025-08-01-INS-001-PIT,2025-08-01,sale,INS-001,Pittsburgh,58,8.01
PUR-2025-08-01-INS-001-PIT,2025-08-01,purchase,INS-001,Pittsburgh,65,8.01
SAL-2025-08-01-INS-002-CHI,2025-08-01,sale,INS-002,Chicago,102,15.77
PUR-2025-08-01-INS-002-CHI,2025-08-01,purchase,INS-002,Chicago,92,15.77
SAL-2025-08-01-INS-002-HOU,2025-08-01,sale,INS-002,Houston,77,15.77
PUR-2025-08-01-INS-002-HOU,2025-08-01,purchase,INS-002,Houston,60,15.77
SAL-2025-08-01-INS-002-PIT,2025-08-01,sale,INS-002,Pittsburgh,60,15.77
PUR-2025-08-01-INS-002-PIT,2025-08-01,purchase,INS-002,Pittsburgh,58,15.77
SAL-2025-08-01-INS-003-CHI,2025-08-01,sale,INS-003,Chicago,83,7.69
PUR-2025-08-01-INS-003-CHI,2025-08-01,purchase,INS-003,Chicago,57,7.69
SAL-2025-08-01-INS-003-HOU,2025-08-01,sale,INS-003,Houston,49,7.69
PUR-2025-08-01-INS-003-HOU,2025-08-01,purchase,INS-003,Houston,48,7.69
SAL-2025-08-01-INS-003-PIT,2025-08-01,sale,INS-003,Pittsburgh,41,7.69
PUR-2025-08-01-INS-003-PIT,2025-08-01,purchase,INS-003,Pittsburgh,50,7.69
SAL-2025-08-01-INS-004-CHI,2025-08-01,sale,INS-004,Chicago,83,18.22
PUR-2025-08-01-INS-004-CHI,2025-08-01,purchase,INS-004,Chicago,81,18.22
SAL-2025-08-01-INS-004-HOU,2025-08-01,sale,INS-004,Houston,59,18.22
PUR-2025-08-01-INS-004-HOU,2025-08-01,purchase,INS-004,Houston,46,18.22
SAL-2025-08-01-INS-004-PIT,2025-08-01,sale,INS-004,Pittsburgh,47,18.22
PUR-2025-08-01-INS-004-PIT,2025-08-01,purchase,INS-004,Pittsburgh,43,18.22
SAL-2025-08-01-INS-005-CHI,2025-08-01,sale,INS-005,Chicago,42,14.17
PUR-2025-08-01-INS-005-CHI,2025-08-01,purchase,INS-005,Chicago,48,14.17
SAL-2025-08-01-INS-005-HOU,2025-08-01,sale,INS-005,Houston,35,14.17
PUR-2025-08-01-INS-005-HOU,2025-08-01,purchase,INS-005,Houston,37,14.17
SAL-2025-08-01-INS-005-PIT,2025-08-01,sale,INS-005,Pittsburgh,26,14.17
PUR-2025-08-01-INS-005-PIT,2025-08-01,purchase,INS-005,Pittsburgh,34,14.17
SAL-2025-09-01-MCB-001-CHI,2025-09-01,sale,MCB-001,Chicago,124,11.82
PUR-2025-09-01-MCB-001-CHI,2025-09-01,purchase,MCB-001,Chicago,103,11.82
SAL-2025-09-01-MCB-001-HOU,2025-09-01,sale,MCB-001,Houston,111,11.82
PUR-2025-09-01-MCB-001-HOU,2025-09-01,purchase,MCB-001,Houston,84,11.82
SAL-2025-09-01-MCB-001-PIT,2025-09-01,sale,MCB-001,Pittsburgh,66,11.82
PUR-2025-09-01-MCB-001-PIT,2025-09-01,purchase,MCB-001,Pittsburgh,64,11.82
SAL-2025-09-01-MCB-002-CHI,2025-09-01,sale,MCB-002,Chicago,214,10.69
PUR-2025-09-01-MCB-002-CHI,2025-09-01,purchase,MCB-002,Chicago,202,10.69
SAL-2025-09-01-MCB-002-HOU,2025-09-01,sale,MCB-002,Houston,162,10.69
PUR-2025-09-01-MCB-002-HOU,2025-09-01,purchase,MCB-002,Houston,175,10.69
SAL-2025-09-01-MCB-002-PIT,2025-09-01,sale,MCB-002,Pittsburgh,97,10.69
PUR-2025-09-01-MCB-002-PIT,2025-09-01,purchase,MCB-002,Pittsburgh,109,10.69
SAL-2025-09-01-MCB-003-CHI,2025-09-01,sale,MCB-003,Chicago,125,10.72
PUR-2025-09-01-MCB-003-CHI,2025-09-01,purchase,MCB-003,Chicago,106,10.72
SAL-2025-09-01-MCB-003-HOU,2025-09-01,sale,MCB-003,Houston,104,10.72
PUR-2025-09-01-MCB-003-HOU,2025-09-01,purchase,MCB-003,Houston,79,10.72
SAL-2025-09-01-MCB-003-PIT,2025-09-01,sale,MCB-003,Pittsburgh,82,10.72
PUR-2025-09-01-MCB-003-PIT,2025-09-01,purchase,MCB-003,Pittsburgh,77,10.72
SAL-2025-09-01-MCB-004-CHI,2025-09-01,sale,MCB-004,Chicago,133,12.11
PUR-2025-09-01-MCB-004-CHI,2025-09-01,purchase,MCB-004,Chicago,116,12.11
SAL-2025-09-01-MCB-004-HOU,2025-09-01,sale,MCB-004,Houston,132,12.11
PUR-2025-09-01-MCB-004-HOU,2025-09-01,purchase,MCB-004,Houston,101,12.11
SAL-2025-09-01-MCB-004-PIT,2025-09-01,sale,MCB-004,Pittsburgh,76,12.11
PUR-2025-09-01-MCB-004-PIT,2025-09-01,purchase,MCB-004,Pittsburgh,101,12.11
SAL-2025-09-01-MCB-005-CHI,2025-09-01,sale,MCB-005,Chicago,132,12.46
PUR-2025-09-01-MCB-005-CHI,2025-09-01,purchase,MCB-005,Chicago,110,12.46
SAL-2025-09-01-MCB-005-HOU,2025-09-01,sale,MCB-005,Houston,104,12.46
PUR-2025-09-01-MCB-005-HOU,2025-09-01,purchase,MCB-005,Houston,114,12.46
SAL-2025-09-01-MCB-005-PIT,2025-09-01,sale,MCB-005,Pittsburgh,79,12.46
PUR-2025-09-01-MCB-005-PIT,2025-09-01,purchase,MCB-005,Pittsburgh,90,12.46
SAL-2025-09-01-HAB-001-CHI,2025-09-01,sale,HAB-001,Chicago,123,9.1
PUR-2025-09-01-HAB-001-CHI,2025-09-01,purchase,HAB-001,Chicago,153,9.1
SAL-2025-09-01-HAB-001-HOU,2025-09-01,sale,HAB-001,Houston,129,9.1
PUR-2025-09-01-HAB-001-HOU,2025-09-01,purchase,HAB-001,Houston,110,9.1
SAL-2025-09-01-HAB-001-PIT,2025-09-01,sale,HAB-001,Pittsburgh,86,9.1
PUR-2025-09-01-HAB-001-PIT,2025-09-01,purchase,HAB-001,Pittsburgh,72,9.1
SAL-2025-09-01-HAB-002-CHI,2025-09-01,sale,HAB-002,Chicago,82,8.92
PUR-2025-09-01-HAB-002-CHI,2025-09-01,purchase,HAB-002,Chicago,96,8.92
SAL-2025-09-01-HAB-002-HOU,2025-09-01,sale,HAB-002,Houston,65,8.92
PUR-2025-09-01-HAB-002-HOU,2025-09-01,purchase,HAB-002,Houston,60,8.92
SAL-2025-09-01-HAB-002-PIT,2025-09-01,sale,HAB-002,Pittsburgh,47,8.92
PUR-2025-09-01-HAB-002-PIT,2025-09-01,purchase,HAB-002,Pittsburgh,42,8.92
SAL-2025-09-01-HAB-003-CHI,2025-09-01,sale,HAB-003,Chicago,138,6.1
PUR-2025-09-01-HAB-003-CHI,2025-09-01,purchase,HAB-003,Chicago,127,6.1
SAL-2025-09-01-HAB-003-HOU,2025-09-01,sale,HAB-003,Houston,97,6.1
PUR-2025-09-01-HAB-003-HOU,2025-09-01,purchase,HAB-003,Houston,84,6.1
SAL-2025-09-01-HAB-003-PIT,2025-09-01,sale,HAB-003,Pittsburgh,82,6.1
PUR-2025-09-01-HAB-003-PIT,2025-09-01,purchase,HAB-003,Pittsburgh,72,6.1
SAL-2025-09-01-HAB-004-CHI,2025-09-01,sale,HAB-004,Chicago,114,8.31
PUR-2025-09-01-HAB-004-CHI,2025-09-01,purchase,HAB-004,Chicago,81,8.31
SAL-2025-09-01-HAB-004-HOU,2025-09-01,sale,HAB-004,Houston,76,8.31
PUR-2025-09-01-HAB-004-HOU,2025-09-01,purchase,HAB-004,Houston,90,8.31
SAL-2025-09-01-HAB-004-PIT,2025-09-01,sale,HAB-004,Pittsburgh,62,8.31
PUR-2025-09-01-HAB-004-PIT,2025-09-01,purchase,HAB-004,Pittsburgh,52,8.31
SAL-2025-09-01-HAB-005-CHI,2025-09-01,sale,HAB-005,Chicago,91,7.4
PUR-2025-09-01-HAB-005-CHI,2025-09-01,purchase,HAB-005,Chicago,75,7.4
SAL-2025-09-01-HAB-005-HOU,2025-09-01,sale,HAB-005,Houston,66,7.4
PUR-2025-09-01-HAB-005-HOU,2025-09-01,purchase,HAB-005,Houston,66,7.4
SAL-2025-09-01-HAB-005-PIT,2025-09-01,sale,HAB-005,Pittsburgh,50,7.4
PUR-2025-09-01-HAB-005-PIT,2025-09-01,purchase,HAB-005,Pittsburgh,40,7.4
SAL-2025-09-01-CAS-001-CHI,2025-09-01,sale,CAS-001,Chicago,22,1238.72
PUR-2025-09-01-CAS-001-CHI,2025-09-01,purchase,CAS-001,Chicago,19,1238.72
SAL-2025-09-01-CAS-001-HOU,2025-09-01,sale,CAS-001,Houston,21,1238.72
PUR-2025-09-01-CAS-001-HOU,2025-09-01,purchase,CAS-001,Houston,16,1238.72
SAL-2025-09-01-CAS-001-PIT,2025-09-01,sale,CAS-001,Pittsburgh,14,1238.72
PUR-2025-09-01-CAS-001-PIT,2025-09-01,purchase,CAS-001,Pittsburgh,16,1238.72
SAL-2025-09-01-CAS-002-CHI,2025-09-01,sale,CAS-002,Chicago,21,1129.98
PUR-2025-09-01-CAS-002-CHI,2025-09-01,purchase,CAS-002,Chicago,19,1129.98
SAL-2025-09-01-CAS-002-HOU,2025-09-01,sale,CAS-002,Houston,18,1129.98
PUR-2025-09-01-CAS-002-HOU,2025-09-01,purchase,CAS-002,Houston,17,1129.98
SAL-2025-09-01-CAS-002-PIT,2025-09-01,sale,CAS-002,Pittsburgh,12,1129.98
PUR-2025-09-01-CAS-002-PIT,2025-09-01,purchase,CAS-002,Pittsburgh,15,1129.98
SAL-2025-09-01-CAS-003-CHI,2025-09-01,sale,CAS-003,Chicago,17,1201.89
PUR-2025-09-01-CAS-003-CHI,2025-09-01,purchase,CAS-003,Chicago,18,1201.89
SAL-2025-09-01-CAS-003-HOU,2025-09-01,sale,CAS-003,Houston,11,1201.89
PUR-2025-09-01-CAS-003-HOU,2025-09-01,purchase,CAS-003,Houston,14,1201.89
SAL-2025-09-01-CAS-003-PIT,2025-09-01,sale,CAS-003,Pittsburgh,10,1201.89
PUR-2025-09-01-CAS-003-PIT,2025-09-01,purchase,CAS-003,Pittsburgh,10,1201.89
SAL-2025-09-01-CAS-004-CHI,2025-09-01,sale,CAS-004,Chicago,30,820.97
PUR-2025-09-01-CAS-004-CHI,2025-09-01,purchase,CAS-004,Chicago,28,820.97
SAL-2025-09-01-CAS-004-HOU,2025-09-01,sale,CAS-004,Houston,27,820.97
PUR-2025-09-01-CAS-004-HOU,2025-09-01,purchase,CAS-004,Houston,21,820.97
SAL-2025-09-01-CAS-004-PIT,2025-09-01,sale,CAS-004,Pittsburgh,21,820.97
PUR-2025-09-01-CAS-004-PIT,2025-09-01,purchase,CAS-004,Pittsburgh,17,820.97
SAL-2025-09-01-CAS-005-CHI,2025-09-01,sale,CAS-005,Chicago,19,1039.4
PUR-2025-09-01-CAS-005-CHI,2025-09-01,purchase,CAS-005,Chicago,16,1039.4
SAL-2025-09-01-CAS-005-HOU,2025-09-01,sale,CAS-005,Houston,15,1039.4
PUR-2025-09-01-CAS-005-HOU,2025-09-01,purchase,CAS-005,Houston,11,1039.4
SAL-2025-09-01-CAS-005-PIT,2025-09-01,sale,CAS-005,Pittsburgh,9,1039.4
PUR-2025-09-01-CAS-005-PIT,2025-09-01,purchase,CAS-005,Pittsburgh,11,1039.4
SAL-2025-09-01-SIB-001-CHI,2025-09-01,sale,SIB-001,Chicago,68,7.47
PUR-2025-09-01-SIB-001-CHI,2025-09-01,purchase,SIB-001,Chicago,69,7.47
SAL-2025-09-01-SIB-001-HOU,2025-09-01,sale,SIB-001,Houston,49,7.47
PUR-2025-09-01-SIB-001-HOU,2025-09-01,purchase,SIB-001,Houston,47,7.47
SAL-2025-09-01-SIB-001-PIT,2025-09-01,sale,SIB-001,Pittsburgh,38,7.47
PUR-2025-09-01-SIB-001-PIT,2025-09-01,purchase,SIB-001,Pittsburgh,32,7.47
SAL-2025-09-01-SIB-002-CHI,2025-09-01,sale,SIB-002,Chicago,108,6.57
PUR-2025-09-01-SIB-002-CHI,2025-09-01,purchase,SIB-002,Chicago,89,6.57
SAL-2025-09-01-SIB-002-HOU,2025-09-01,sale,SIB-002,Houston,83,6.57
PUR-2025-09-01-SIB-002-HOU,2025-09-01,purchase,SIB-002,Houston,69,6.57
SAL-2025-09-01-SIB-002-PIT,2025-09-01,sale,SIB-002,Pittsburgh,66,6.57
PUR-2025-09-01-SIB-002-PIT,2025-09-01,purchase,SIB-002,Pittsburgh,68,6.57
SAL-2025-09-01-SIB-003-CHI,2025-09-01,sale,SIB-003,Chicago,80,8.35
PUR-2025-09-01-SIB-003-CHI,2025-09-01,purchase,SIB-003,Chicago,80,8.35
SAL-2025-09-01-SIB-003-HOU,2025-09-01,sale,SIB-003,Houston,57,8.35
PUR-2025-09-01-SIB-003-HOU,2025-09-01,purchase,SIB-003,Houston,69,8.35
SAL-2025-09-01-SIB-003-PIT,2025-09-01,sale,SIB-003,Pittsburgh,47,8.35
PUR-2025-09-01-SIB-003-PIT,2025-09-01,purchase,SIB-003,Pittsburgh,44,8.35
SAL-2025-09-01-SIB-004-CHI,2025-09-01,sale,SIB-004,Chicago,104,7.16
PUR-2025-09-01-SIB-004-CHI,2025-09-01,purchase,SIB-004,Chicago,101,7.16
SAL-2025-09-01-SIB-004-HOU,2025-09-01,sale,SIB-004,Houston,99,7.16
PUR-2025-09-01-SIB-004-HOU,2025-09-01,purchase,SIB-004,Houston,102,7.16
SAL-2025-09-01-SIB-004-PIT,2025-09-01,sale,SIB-004,Pittsburgh,61,7.16
PUR-2025-09-01-SIB-004-PIT,2025-09-01,purchase,SIB-004,Pittsburgh,80,7.16
SAL-2025-09-01-SIB-005-CHI,2025-09-01,sale,SIB-005,Chicago,109,5.98
PUR-2025-09-01-SIB-005-CHI,2025-09-01,purchase,SIB-005,Chicago,89,5.98
SAL-2025-09-01-SIB-005-HOU,2025-09-01,sale,SIB-005,Houston,68,5.98
PUR-2025-09-01-SIB-005-HOU,2025-09-01,purchase,SIB-005,Houston,100,5.98
SAL-2025-09-01-SIB-005-PIT,2025-09-01,sale,SIB-005,Pittsburgh,57,5.98
PUR-2025-09-01-SIB-005-PIT,2025-09-01,purchase,SIB-005,Pittsburgh,61,5.98
SAL-2025-09-01-MOR-001-CHI,2025-09-01,sale,MOR-001,Chicago,11,815.21
PUR-2025-09-01-MOR-001-CHI,2025-09-01,purchase,MOR-001,Chicago,13,815.21
SAL-2025-09-01-MOR-001-HOU,2025-09-01,sale,MOR-001,Houston,8,815.21
PUR-2025-09-01-MOR-001-HOU,2025-09-01,purchase,MOR-001,Houston,8,815.21
SAL-2025-09-01-MOR-001-PIT,2025-09-01,sale,MOR-001,Pittsburgh,7,815.21
PUR-2025-09-01-MOR-001-PIT,2025-09-01,purchase,MOR-001,Pittsburgh,7,815.21
SAL-2025-09-01-MOR-002-CHI,2025-09-01,sale,MOR-002,Chicago,26,836.57
PUR-2025-09-01-MOR-002-CHI,2025-09-01,purchase,MOR-002,Chicago,28,836.57
SAL-2025-09-01-MOR-002-HOU,2025-09-01,sale,MOR-002,Houston,20,836.57
PUR-2025-09-01-MOR-002-HOU,2025-09-01,purchase,MOR-002,Houston,24,836.57
SAL-2025-09-01-MOR-002-PIT,2025-09-01,sale,MOR-002,Pittsburgh,16,836.57
PUR-2025-09-01-MOR-002-PIT,2025-09-01,purchase,MOR-002,Pittsburgh,15,836.57
SAL-2025-09-01-MOR-003-CHI,2025-09-01,sale,MOR-003,Chicago,20,549.69
PUR-2025-09-01-MOR-003-CHI,2025-09-01,purchase,MOR-003,Chicago,22,549.69
SAL-2025-09-01-MOR-003-HOU,2025-09-01,sale,MOR-003,Houston,17,549.69
PUR-2025-09-01-MOR-003-HOU,2025-09-01,purchase,MOR-003,Houston,16,549.69
SAL-2025-09-01-MOR-003-PIT,2025-09-01,sale,MOR-003,Pittsburgh,14,549.69
PUR-2025-09-01-MOR-003-PIT,2025-09-01,purchase,MOR-003,Pittsburgh,9,549.69
SAL-2025-09-01-MOR-004-CHI,2025-09-01,sale,MOR-004,Chicago,15,611.7
PUR-2025-09-01-MOR-004-CHI,2025-09-01,purchase,MOR-004,Chicago,17,611.7
SAL-2025-09-01-MOR-004-HOU,2025-09-01,sale,MOR-004,Houston,9,611.7
PUR-2025-09-01-MOR-004-HOU,2025-09-01,purchase,MOR-004,Houston,9,611.7
SAL-2025-09-01-MOR-004-PIT,2025-09-01,sale,MOR-004,Pittsburgh,8,611.7
PUR-2025-09-01-MOR-004-PIT,2025-09-01,purchase,MOR-004,Pittsburgh,8,611.7
SAL-2025-09-01-MOR-005-CHI,2025-09-01,sale,MOR-005,Chicago,12,806.99
PUR-2025-09-01-MOR-005-CHI,2025-09-01,purchase,MOR-005,Chicago,10,806.99
SAL-2025-09-01-MOR-005-HOU,2025-09-01,sale,MOR-005,Houston,7,806.99
PUR-2025-09-01-MOR-005-HOU,2025-09-01,purchase,MOR-005,Houston,10,806.99
SAL-2025-09-01-MOR-005-PIT,2025-09-01,sale,MOR-005,Pittsburgh,7,806.99
PUR-2025-09-01-MOR-005-PIT,2025-09-01,purchase,MOR-005,Pittsburgh,6,806.99
SAL-2025-09-01-INS-001-CHI,2025-09-01,sale,INS-001,Chicago,73,8.01
PUR-2025-09-01-INS-001-CHI,2025-09-01,purchase,INS-001,Chicago,86,8.01
SAL-2025-09-01-INS-001-HOU,2025-09-01,sale,INS-001,Houston,71,8.01
PUR-2025-09-01-INS-001-HOU,2025-09-01,purchase,INS-001,Houston,54,8.01
SAL-2025-09-01-INS-001-PIT,2025-09-01,sale,INS-001,Pittsburgh,44,8.01
PUR-2025-09-01-INS-001-PIT,2025-09-01,purchase,INS-001,Pittsburgh,46,8.01
SAL-2025-09-01-INS-002-CHI,2025-09-01,sale,INS-002,Chicago,71,15.77
PUR-2025-09-01-INS-002-CHI,2025-09-01,purchase,INS-002,Chicago,93,15.77
SAL-2025-09-01-INS-002-HOU,2025-09-01,sale,INS-002,Houston,72,15.77
PUR-2025-09-01-INS-002-HOU,2025-09-01,purchase,INS-002,Houston,52,15.77
SAL-2025-09-01-INS-002-PIT,2025-09-01,sale,INS-002,Pittsburgh,46,15.77
PUR-2025-09-01-INS-002-PIT,2025-09-01,purchase,INS-002,Pittsburgh,41,15.77
SAL-2025-09-01-INS-003-CHI,2025-09-01,sale,INS-003,Chicago,57,7.69
PUR-2025-09-01-INS-003-CHI,2025-09-01,purchase,INS-003,Chicago,55,7.69
SAL-2025-09-01-INS-003-HOU,2025-09-01,sale,INS-003,Houston,58,7.69
PUR-2025-09-01-INS-003-HOU,2025-09-01,purchase,INS-003,Houston,55,7.69
SAL-2025-09-01-INS-003-PIT,2025-09-01,sale,INS-003,Pittsburgh,37,7.69
PUR-2025-09-01-INS-003-PIT,2025-09-01,purchase,INS-003,Pittsburgh,45,7.69
SAL-2025-09-01-INS-004-CHI,2025-09-01,sale,INS-004,Chicago,61,18.22
PUR-2025-09-01-INS-004-CHI,2025-09-01,purchase,INS-004,Chicago,79,18.22
SAL-2025-09-01-INS-004-HOU,2025-09-01,sale,INS-004,Houston,61,18.22
PUR-2025-09-01-INS-004-HOU,2025-09-01,purchase,INS-004,Houston,65,18.22
SAL-2025-09-01-INS-004-PIT,2025-09-01,sale,INS-004,Pittsburgh,49,18.22
PUR-2025-09-01-INS-004-PIT,2025-09-01,purchase,INS-004,Pittsburgh,39,18.22
SAL-2025-09-01-INS-005-CHI,2025-09-01,sale,INS-005,Chicago,42,14.17
PUR-2025-09-01-INS-005-CHI,2025-09-01,purchase,INS-005,Chicago,46,14.17
SAL-2025-09-01-INS-005-HOU,2025-09-01,sale,INS-005,Houston,41,14.17
PUR-2025-09-01-INS-005-HOU,2025-09-01,purchase,INS-005,Houston,28,14.17
SAL-2025-09-01-INS-005-PIT,2025-09-01,sale,INS-005,Pittsburgh,27,14.17
PUR-2025-09-01-INS-005-PIT,2025-09-01,purchase,INS-005,Pittsburgh,25,14.17
SAL-2025-10-01-MCB-001-CHI,2025-10-01,sale,MCB-001,Chicago,113,11.82
PUR-2025-10-01-MCB-001-CHI,2025-10-01,purchase,MCB-001,Chicago,119,11.82
SAL-2025-10-01-MCB-001-HOU,2025-10-01,sale,MCB-001,Houston,106,11.82
PUR-2025-10-01-MCB-001-HOU,2025-10-01,purchase,MCB-001,Houston,122,11.82
SAL-2025-10-01-MCB-001-PIT,2025-10-01,sale,MCB-001,Pittsburgh,71,11.82
PUR-2025-10-01-MCB-001-PIT,2025-10-01,purchase,MCB-001,Pittsburgh,73,11.82
SAL-2025-10-01-MCB-002-CHI,2025-10-01,sale,MCB-002,Chicago,179,10.69
PUR-2025-10-01-MCB-002-CHI,2025-10-01,purchase,MCB-002,Chicago,142,10.69
SAL-2025-10-01-MCB-002-HOU,2025-10-01,sale,MCB-002,Houston,127,10.69
PUR-2025-10-01-MCB-002-HOU,2025-10-01,purchase,MCB-002,Houston,168,10.69
SAL-2025-10-01-MCB-002-PIT,2025-10-01,sale,MCB-002,Pittsburgh,90,10.69
PUR-2025-10-01-MCB-002-PIT,2025-10-01,purchase,MCB-002,Pittsburgh,123,10.69
SAL-2025-10-01-MCB-003-CHI,2025-10-01,sale,MCB-003,Chicago,108,10.72
PUR-2025-10-01-MCB-003-CHI,2025-10-01,purchase,MCB-003,Chicago,141,10.72
SAL-2025-10-01-MCB-003-HOU,2025-10-01,sale,MCB-003,Houston,97,10.72
PUR-2025-10-01-MCB-003-HOU,2025-10-01,purchase,MCB-003,Houston,73,10.72
SAL-2025-10-01-MCB-003-PIT,2025-10-01,sale,MCB-003,Pittsburgh,82,10.72
PUR-2025-10-01-MCB-003-PIT,2025-10-01,purchase,MCB-003,Pittsburgh,73,10.72
SAL-2025-10-01-MCB-004-CHI,2025-10-01,sale,MCB-004,Chicago,115,12.11
PUR-2025-10-01-MCB-004-CHI,2025-10-01,purchase,MCB-004,Chicago,126,12.11
SAL-2025-10-01-MCB-004-HOU,2025-10-01,sale,MCB-004,Houston,126,12.11
PUR-2025-10-01-MCB-004-HOU,2025-10-01,purchase,MCB-004,Houston,124,12.11
SAL-2025-10-01-MCB-004-PIT,2025-10-01,sale,MCB-004,Pittsburgh,77,12.11
PUR-2025-10-01-MCB-004-PIT,2025-10-01,purchase,MCB-004,Pittsburgh,87,12.11
SAL-2025-10-01-MCB-005-CHI,2025-10-01,sale,MCB-005,Chicago,135,12.46
PUR-2025-10-01-MCB-005-CHI,2025-10-01,purchase,MCB-005,Chicago,142,12.46
SAL-2025-10-01-MCB-005-HOU,2025-10-01,sale,MCB-005,Houston,93,12.46
PUR-2025-10-01-MCB-005-HOU,2025-10-01,purchase,MCB-005,Houston,86,12.46
SAL-2025-10-01-MCB-005-PIT,2025-10-01,sale,MCB-005,Pittsburgh,77,12.46
PUR-2025-10-01-MCB-005-PIT,2025-10-01,purchase,MCB-005,Pittsburgh,87,12.46
SAL-2025-10-01-HAB-001-CHI,2025-10-01,sale,HAB-001,Chicago,139,9.1
PUR-2025-10-01-HAB-001-CHI,2025-10-01,purchase,HAB-001,Chicago,167,9.1
SAL-2025-10-01-HAB-001-HOU,2025-10-01,sale,HAB-001,Houston,90,9.1
PUR-2025-10-01-HAB-001-HOU,2025-10-01,purchase,HAB-001,Houston,101,9.1
SAL-2025-10-01-HAB-001-PIT,2025-10-01,sale,HAB-001,Pittsburgh,73,9.1
PUR-2025-10-01-HAB-001-PIT,2025-10-01,purchase,HAB-001,Pittsburgh,97,9.1
SAL-2025-10-01-HAB-002-CHI,2025-10-01,sale,HAB-002,Chicago,78,8.92
PUR-2025-10-01-HAB-002-CHI,2025-10-01,purchase,HAB-002,Chicago,91,8.92
SAL-2025-10-01-HAB-002-HOU,2025-10-01,sale,HAB-002,Houston,69,8.92
PUR-2025-10-01-HAB-002-HOU,2025-10-01,purchase,HAB-002,Houston,63,8.92
SAL-2025-10-01-HAB-002-PIT,2025-10-01,sale,HAB-002,Pittsburgh,53,8.92
PUR-2025-10-01-HAB-002-PIT,2025-10-01,purchase,HAB-002,Pittsburgh,61,8.92
SAL-2025-10-01-HAB-003-CHI,2025-10-01,sale,HAB-003,Chicago,107,6.1
PUR-2025-10-01-HAB-003-CHI,2025-10-01,purchase,HAB-003,Chicago,143,6.1
SAL-2025-10-01-HAB-003-HOU,2025-10-01,sale,HAB-003,Houston,107,6.1
PUR-2025-10-01-HAB-003-HOU,2025-10-01,purchase,HAB-003,Houston,78,6.1
SAL-2025-10-01-HAB-003-PIT,2025-10-01,sale,HAB-003,Pittsburgh,65,6.1
PUR-2025-10-01-HAB-003-PIT,2025-10-01,purchase,HAB-003,Pittsburgh,55,6.1
SAL-2025-10-01-HAB-004-CHI,2025-10-01,sale,HAB-004,Chicago,116,8.31
PUR-2025-10-01-HAB-004-CHI,2025-10-01,purchase,HAB-004,Chicago,82,8.31
SAL-2025-10-01-HAB-004-HOU,2025-10-01,sale,HAB-004,Houston,84,8.31
PUR-2025-10-01-HAB-004-HOU,2025-10-01,purchase,HAB-004,Houston,62,8.31
SAL-2025-10-01-HAB-004-PIT,2025-10-01,sale,HAB-004,Pittsburgh,51,8.31
PUR-2025-10-01-HAB-004-PIT,2025-10-01,purchase,HAB-004,Pittsburgh,62,8.31
SAL-2025-10-01-HAB-005-CHI,2025-10-01,sale,HAB-005,Chicago,87,7.4
PUR-2025-10-01-HAB-005-CHI,2025-10-01,purchase,HAB-005,Chicago,99,7.4
SAL-2025-10-01-HAB-005-HOU,2025-10-01,sale,HAB-005,Houston,64,7.4
PUR-2025-10-01-HAB-005-HOU,2025-10-01,purchase,HAB-005,Houston,53,7.4
SAL-2025-10-01-HAB-005-PIT,2025-10-01,sale,HAB-005,Pittsburgh,44,7.4
PUR-2025-10-01-HAB-005-PIT,2025-10-01,purchase,HAB-005,Pittsburgh,52,7.4
SAL-2025-10-01-CAS-001-CHI,2025-10-01,sale,CAS-001,Chicago,21,1238.72
PUR-2025-10-01-CAS-001-CHI,2025-10-01,purchase,CAS-001,Chicago,28,1238.72
SAL-2025-10-01-CAS-001-HOU,2025-10-01,sale,CAS-001,Houston,16,1238.72
PUR-2025-10-01-CAS-001-HOU,2025-10-01,purchase,CAS-001,Houston,16,1238.72
SAL-2025-10-01-CAS-001-PIT,2025-10-01,sale,CAS-001,Pittsburgh,14,1238.72
PUR-2025-10-01-CAS-001-PIT,2025-10-01,purchase,CAS-001,Pittsburgh,14,1238.72
SAL-2025-10-01-CAS-002-CHI,2025-10-01,sale,CAS-002,Chicago,19,1129.98
PUR-2025-10-01-CAS-002-CHI,2025-10-01,purchase,CAS-002,Chicago,17,1129.98
SAL-2025-10-01-CAS-002-HOU,2025-10-01,sale,CAS-002,Houston,18,1129.98
PUR-2025-10-01-CAS-002-HOU,2025-10-01,purchase,CAS-002,Houston,17,1129.98
SAL-2025-10-01-CAS-002-PIT,2025-10-01,sale,CAS-002,Pittsburgh,14,1129.98
PUR-2025-10-01-CAS-002-PIT,2025-10-01,purchase,CAS-002,Pittsburgh,14,1129.98
SAL-2025-10-01-CAS-003-CHI,2025-10-01,sale,CAS-003,Chicago,13,1201.89
PUR-2025-10-01-CAS-003-CHI,2025-10-01,purchase,CAS-003,Chicago,17,1201.89
SAL-2025-10-01-CAS-003-HOU,2025-10-01,sale,CAS-003,Houston,14,1201.89
PUR-2025-10-01-CAS-003-HOU,2025-10-01,purchase,CAS-003,Houston,13,1201.89
SAL-2025-10-01-CAS-003-PIT,2025-10-01,sale,CAS-003,Pittsburgh,7,1201.89
PUR-2025-10-01-CAS-003-PIT,2025-10-01,purchase,CAS-003,Pittsburgh,11,1201.89
SAL-2025-10-01-CAS-004-CHI,2025-10-01,sale,CAS-004,Chicago,28,820.97
PUR-2025-10-01-CAS-004-CHI,2025-10-01,purchase,CAS-004,Chicago,28,820.97
SAL-2025-10-01-CAS-004-HOU,2025-10-01,sale,CAS-004,Houston,22,820.97
PUR-2025-10-01-CAS-004-HOU,2025-10-01,purchase,CAS-004,Houston,24,820.97
SAL-2025-10-01-CAS-004-PIT,2025-10-01,sale,CAS-004,Pittsburgh,15,820.97
PUR-2025-10-01-CAS-004-PIT,2025-10-01,purchase,CAS-004,Pittsburgh,17,820.97
SAL-2025-10-01-CAS-005-CHI,2025-10-01,sale,CAS-005,Chicago,16,1039.4
PUR-2025-10-01-CAS-005-CHI,2025-10-01,purchase,CAS-005,Chicago,17,1039.4
SAL-2025-10-01-CAS-005-HOU,2025-10-01,sale,CAS-005,Houston,11,1039.4
PUR-2025-10-01-CAS-005-HOU,2025-10-01,purchase,CAS-005,Houston,14,1039.4
SAL-2025-10-01-CAS-005-PIT,2025-10-01,sale,CAS-005,Pittsburgh,9,1039.4
PUR-2025-10-01-CAS-005-PIT,2025-10-01,purchase,CAS-005,Pittsburgh,11,1039.4
SAL-2025-10-01-SIB-001-CHI,2025-10-01,sale,SIB-001,Chicago,75,7.47
PUR-2025-10-01-SIB-001-CHI,2025-10-01,purchase,SIB-001,Chicago,60,7.47
SAL-2025-10-01-SIB-001-HOU,2025-10-01,sale,SIB-001,Houston,53,7.47
PUR-2025-10-01-SIB-001-HOU,2025-10-01,purchase,SIB-001,Houston,47,7.47
SAL-2025-10-01-SIB-001-PIT,2025-10-01,sale,SIB-001,Pittsburgh,45,7.47
PUR-2025-10-01-SIB-001-PIT,2025-10-01,purchase,SIB-001,Pittsburgh,38,7.47
SAL-2025-10-01-SIB-002-CHI,2025-10-01,sale,SIB-002,Chicago,127,6.57
PUR-2025-10-01-SIB-002-CHI,2025-10-01,purchase,SIB-002,Chicago,137,6.57
SAL-2025-10-01-SIB-002-HOU,2025-10-01,sale,SIB-002,Houston,82,6.57
PUR-2025-10-01-SIB-002-HOU,2025-10-01,purchase,SIB-002,Houston,94,6.57
SAL-2025-10-01-SIB-002-PIT,2025-10-01,sale,SIB-002,Pittsburgh,64,6.57
PUR-2025-10-01-SIB-002-PIT,2025-10-01,purchase,SIB-002,Pittsburgh,68,6.57
SAL-2025-10-01-SIB-003-CHI,2025-10-01,sale,SIB-003,Chicago,77,8.35
PUR-2025-10-01-SIB-003-CHI,2025-10-01,purchase,SIB-003,Chicago,91,8.35
SAL-2025-10-01-SIB-003-HOU,2025-10-01,sale,SIB-003,Houston,65,8.35
PUR-2025-10-01-SIB-003-HOU,2025-10-01,purchase,SIB-003,Houston,59,8.35
SAL-2025-10-01-SIB-003-PIT,2025-10-01,sale,SIB-003,Pittsburgh,43,8.35
PUR-2025-10-01-SIB-003-PIT,2025-10-01,purchase,SIB-003,Pittsburgh,41,8.35
SAL-2025-10-01-SIB-004-CHI,2025-10-01,sale,SIB-004,Chicago,113,7.16
PUR-2025-10-01-SIB-004-CHI,2025-10-01,purchase,SIB-004,Chicago,124,7.16
SAL-2025-10-01-SIB-004-HOU,2025-10-01,sale,SIB-004,Houston,91,7.16
PUR-2025-10-01-SIB-004-HOU,2025-10-01,purchase,SIB-004,Houston,91,7.16
SAL-2025-10-01-SIB-004-PIT,2025-10-01,sale,SIB-004,Pittsburgh,63,7.16
PUR-2025-10-01-SIB-004-PIT,2025-10-01,purchase,SIB-004,Pittsburgh,67,7.16
SAL-2025-10-01-SIB-005-CHI,2025-10-01,sale,SIB-005,Chicago,106,5.98
PUR-2025-10-01-SIB-005-CHI,2025-10-01,purchase,SIB-005,Chicago,104,5.98
SAL-2025-10-01-SIB-005-HOU,2025-10-01,sale,SIB-005,Houston,78,5.98
PUR-2025-10-01-SIB-005-HOU,2025-10-01,purchase,SIB-005,Houston,87,5.98
SAL-2025-10-01-SIB-005-PIT,2025-10-01,sale,SIB-005,Pittsburgh,58,5.98
PUR-2025-10-01-SIB-005-PIT,2025-10-01,purchase,SIB-005,Pittsburgh,70,5.98
SAL-2025-10-01-MOR-001-CHI,2025-10-01,sale,MOR-001,Chicago,12,815.21
PUR-2025-10-01-MOR-001-CHI,2025-10-01,purchase,MOR-001,Chicago,13,815.21
SAL-2025-10-01-MOR-001-HOU,2025-10-01,sale,MOR-001,Houston,10,815.21
PUR-2025-10-01-MOR-001-HOU,2025-10-01,purchase,MOR-001,Houston,7,815.21
SAL-2025-10-01-MOR-001-PIT,2025-10-01,sale,MOR-001,Pittsburgh,7,815.21
PUR-2025-10-01-MOR-001-PIT,2025-10-01,purchase,MOR-001,Pittsburgh,5,815.21
SAL-2025-10-01-MOR-002-CHI,2025-10-01,sale,MOR-002,Chicago,28,836.57
PUR-2025-10-01-MOR-002-CHI,2025-10-01,purchase,MOR-002,Chicago,20,836.57
SAL-2025-10-01-MOR-002-HOU,2025-10-01,sale,MOR-002,Houston,18,836.57
PUR-2025-10-01-MOR-002-HOU,2025-10-01,purchase,MOR-002,Houston,24,836.57
SAL-2025-10-01-MOR-002-PIT,2025-10-01,sale,MOR-002,Pittsburgh,16,836.57
PUR-2025-10-01-MOR-002-PIT,2025-10-01,purchase,MOR-002,Pittsburgh,13,836.57
SAL-2025-10-01-MOR-003-CHI,2025-10-01,sale,MOR-003,Chicago,23,549.69
PUR-2025-10-01-MOR-003-CHI,2025-10-01,purchase,MOR-003,Chicago,21,549.69
SAL-2025-10-01-MOR-003-HOU,2025-10-01,sale,MOR-003,Houston,16,549.69
PUR-2025-10-01-MOR-003-HOU,2025-10-01,purchase,MOR-003,Houston,16,549.69
SAL-2025-10-01-MOR-003-PIT,2025-10-01,sale,MOR-003,Pittsburgh,12,549.69
PUR-2025-10-01-MOR-003-PIT,2025-10-01,purchase,MOR-003,Pittsburgh,10,549.69
SAL-2025-10-01-MOR-004-CHI,2025-10-01,sale,MOR-004,Chicago,12,611.7
PUR-2025-10-01-MOR-004-CHI,2025-10-01,purchase,MOR-004,Chicago,10,611.7
SAL-2025-10-01-MOR-004-HOU,2025-10-01,sale,MOR-004,Houston,12,611.7
PUR-2025-10-01-MOR-004-HOU,2025-10-01,purchase,MOR-004,Houston,8,611.7
SAL-2025-10-01-MOR-004-PIT,2025-10-01,sale,MOR-004,Pittsburgh,7,611.7
PUR-2025-10-01-MOR-004-PIT,2025-10-01,purchase,MOR-004,Pittsburgh,8,611.7
SAL-2025-10-01-MOR-005-CHI,2025-10-01,sale,MOR-005,Chicago,9,806.99
PUR-2025-10-01-MOR-005-CHI,2025-10-01,purchase,MOR-005,Chicago,10,806.99
SAL-2025-10-01-MOR-005-HOU,2025-10-01,sale,MOR-005,Houston,9,806.99
PUR-2025-10-01-MOR-005-HOU,2025-10-01,purchase,MOR-005,Houston,7,806.99
SAL-2025-10-01-MOR-005-PIT,2025-10-01,sale,MOR-005,Pittsburgh,7,806.99
PUR-2025-10-01-MOR-005-PIT,2025-10-01,purchase,MOR-005,Pittsburgh,5,806.99
SAL-2025-10-01-INS-001-CHI,2025-10-01,sale,INS-001,Chicago,87,8.01
PUR-2025-10-01-INS-001-CHI,2025-10-01,purchase,INS-001,Chicago,68,8.01
SAL-2025-10-01-INS-001-HOU,2025-10-01,sale,INS-001,Houston,74,8.01
PUR-2025-10-01-INS-001-HOU,2025-10-01,purchase,INS-001,Houston,49,8.01
SAL-2025-10-01-INS-001-PIT,2025-10-01,sale,INS-001,Pittsburgh,47,8.01
PUR-2025-10-01-INS-001-PIT,2025-10-01,purchase,INS-001,Pittsburgh,44,8.01
SAL-2025-10-01-INS-002-CHI,2025-10-01,sale,INS-002,Chicago,88,15.77
PUR-2025-10-01-INS-002-CHI,2025-10-01,purchase,INS-002,Chicago,73,15.77
SAL-2025-10-01-INS-002-HOU,2025-10-01,sale,INS-002,Houston,62,15.77
PUR-2025-10-01-INS-002-HOU,2025-10-01,purchase,INS-002,Houston,51,15.77
SAL-2025-10-01-INS-002-PIT,2025-10-01,sale,INS-002,Pittsburgh,42,15.77
PUR-2025-10-01-INS-002-PIT,2025-10-01,purchase,INS-002,Pittsburgh,56,15.77
SAL-2025-10-01-INS-003-CHI,2025-10-01,sale,INS-003,Chicago,59,7.69
PUR-2025-10-01-INS-003-CHI,2025-10-01,purchase,INS-003,Chicago,79,7.69
SAL-2025-10-01-INS-003-HOU,2025-10-01,sale,INS-003,Houston,61,7.69
PUR-2025-10-01-INS-003-HOU,2025-10-01,purchase,INS-003,Houston,40,7.69
SAL-2025-10-01-INS-003-PIT,2025-10-01,sale,INS-003,Pittsburgh,42,7.69
PUR-2025-10-01-INS-003-PIT,2025-10-01,purchase,INS-003,Pittsburgh,44,7.69
SAL-2025-10-01-INS-004-CHI,2025-10-01,sale,INS-004,Chicago,81,18.22
PUR-2025-10-01-INS-004-CHI,2025-10-01,purchase,INS-004,Chicago,80,18.22
SAL-2025-10-01-INS-004-HOU,2025-10-01,sale,INS-004,Houston,51,18.22
PUR-2025-10-01-INS-004-HOU,2025-10-01,purchase,INS-004,Houston,60,18.22
SAL-2025-10-01-INS-004-PIT,2025-10-01,sale,INS-004,Pittsburgh,46,18.22
PUR-2025-10-01-INS-004-PIT,2025-10-01,purchase,INS-004,Pittsburgh,47,18.22
SAL-2025-10-01-INS-005-CHI,2025-10-01,sale,INS-005,Chicago,36,14.17
PUR-2025-10-01-INS-005-CHI,2025-10-01,purchase,INS-005,Chicago,50,14.17
SAL-2025-10-01-INS-005-HOU,2025-10-01,sale,INS-005,Houston,34,14.17
PUR-2025-10-01-INS-005-HOU,2025-10-01,purchase,INS-005,Houston,38,14.17
SAL-2025-10-01-INS-005-PIT,2025-10-01,sale,INS-005,Pittsburgh,30,14.17
PUR-2025-10-01-INS-005-PIT,2025-10-01,purchase,INS-005,Pittsburgh,20,14.17
SAL-2025-11-01-MCB-001-CHI,2025-11-01,sale,MCB-001,Chicago,115,11.82
PUR-2025-11-01-MCB-001-CHI,2025-11-01,purchase,MCB-001,Chicago,119,11.82
SAL-2025-11-01-MCB-001-HOU,2025-11-01,sale,MCB-001,Houston,89,11.82
PUR-2025-11-01-MCB-001-HOU,2025-11-01,purchase,MCB-001,Houston,118,11.82
SAL-2025-11-01-MCB-001-PIT,2025-11-01,sale,MCB-001,Pittsburgh,65,11.82
PUR-2025-11-01-MCB-001-PIT,2025-11-01,purchase,MCB-001,Pittsburgh,86,11.82
SAL-2025-11-01-MCB-002-CHI,2025-11-01,sale,MCB-002,Chicago,163,10.69
PUR-2025-11-01-MCB-002-CHI,2025-11-01,purchase,MCB-002,Chicago,164,10.69
SAL-2025-11-01-MCB-002-HOU,2025-11-01,sale,MCB-002,Houston,163,10.69
PUR-2025-11-01-MCB-002-HOU,2025-11-01,purchase,MCB-002,Houston,154,10.69
SAL-2025-11-01-MCB-002-PIT,2025-11-01,sale,MCB-002,Pittsburgh,111,10.69
PUR-2025-11-01-MCB-002-PIT,2025-11-01,purchase,MCB-002,Pittsburgh,118,10.69
SAL-2025-11-01-MCB-003-CHI,2025-11-01,sale,MCB-003,Chicago,134,10.72
PUR-2025-11-01-MCB-003-CHI,2025-11-01,purchase,MCB-003,Chicago,135,10.72
SAL-2025-11-01-MCB-003-HOU,2025-11-01,sale,MCB-003,Houston,113,10.72
PUR-2025-11-01-MCB-003-HOU,2025-11-01,purchase,MCB-003,Houston,79,10.72
SAL-2025-11-01-MCB-003-PIT,2025-11-01,sale,MCB-003,Pittsburgh,71,10.72
PUR-2025-11-01-MCB-003-PIT,2025-11-01,purchase,MCB-003,Pittsburgh,90,10.72
SAL-2025-11-01-MCB-004-CHI,2025-11-01,sale,MCB-004,Chicago,137,12.11
PUR-2025-11-01-MCB-004-CHI,2025-11-01,purchase,MCB-004,Chicago,164,12.11
SAL-2025-11-01-MCB-004-HOU,2025-11-01,sale,MCB-004,Houston,94,12.11
PUR-2025-11-01-MCB-004-HOU,2025-11-01,purchase,MCB-004,Houston,121,12.11
SAL-2025-11-01-MCB-004-PIT,2025-11-01,sale,MCB-004,Pittsburgh,100,12.11
PUR-2025-11-01-MCB-004-PIT,2025-11-01,purchase,MCB-004,Pittsburgh,99,12.11
SAL-2025-11-01-MCB-005-CHI,2025-11-01,sale,MCB-005,Chicago,118,12.46
PUR-2025-11-01-MCB-005-CHI,2025-11-01,purchase,MCB-005,Chicago,109,12.46
SAL-2025-11-01-MCB-005-HOU,2025-11-01,sale,MCB-005,Houston,124,12.46
PUR-2025-11-01-MCB-005-HOU,2025-11-01,purchase,MCB-005,Houston,133,12.46
SAL-2025-11-01-MCB-005-PIT,2025-11-01,sale,MCB-005,Pittsburgh,93,12.46
PUR-2025-11-01-MCB-005-PIT,2025-11-01,purchase,MCB-005,Pittsburgh,103,12.46
SAL-2025-11-01-HAB-001-CHI,2025-11-01,sale,HAB-001,Chicago,121,9.1
PUR-2025-11-01-HAB-001-CHI,2025-11-01,purchase,HAB-001,Chicago,159,9.1
SAL-2025-11-01-HAB-001-HOU,2025-11-01,sale,HAB-001,Houston,94,9.1
PUR-2025-11-01-HAB-001-HOU,2025-11-01,purchase,HAB-001,Houston,123,9.1
SAL-2025-11-01-HAB-001-PIT,2025-11-01,sale,HAB-001,Pittsburgh,78,9.1
PUR-2025-11-01-HAB-001-PIT,2025-11-01,purchase,HAB-001,Pittsburgh,98,9.1
SAL-2025-11-01-HAB-002-CHI,2025-11-01,sale,HAB-002,Chicago,91,8.92
PUR-2025-11-01-HAB-002-CHI,2025-11-01,purchase,HAB-002,Chicago,98,8.92
SAL-2025-11-01-HAB-002-HOU,2025-11-01,sale,HAB-002,Houston,82,8.92
PUR-2025-11-01-HAB-002-HOU,2025-11-01,purchase,HAB-002,Houston,73,8.92
SAL-2025-11-01-HAB-002-PIT,2025-11-01,sale,HAB-002,Pittsburgh,51,8.92
PUR-2025-11-01-HAB-002-PIT,2025-11-01,purchase,HAB-002,Pittsburgh,58,8.92
SAL-2025-11-01-HAB-003-CHI,2025-11-01,sale,HAB-003,Chicago,113,6.1
PUR-2025-11-01-HAB-003-CHI,2025-11-01,purchase,HAB-003,Chicago,119,6.1
SAL-2025-11-01-HAB-003-HOU,2025-11-01,sale,HAB-003,Houston,101,6.1
PUR-2025-11-01-HAB-003-HOU,2025-11-01,purchase,HAB-003,Houston,112,6.1
SAL-2025-11-01-HAB-003-PIT,2025-11-01,sale,HAB-003,Pittsburgh,78,6.1
PUR-2025-11-01-HAB-003-PIT,2025-11-01,purchase,HAB-003,Pittsburgh,88,6.1
SAL-2025-11-01-HAB-004-CHI,2025-11-01,sale,HAB-004,Chicago,106,8.31
PUR-2025-11-01-HAB-004-CHI,2025-11-01,purchase,HAB-004,Chicago,82,8.31
SAL-2025-11-01-HAB-004-HOU,2025-11-01,sale,HAB-004,Houston,94,8.31
PUR-2025-11-01-HAB-004-HOU,2025-11-01,purchase,HAB-004,Houston,65,8.31
SAL-2025-11-01-HAB-004-PIT,2025-11-01,sale,HAB-004,Pittsburgh,74,8.31
PUR-2025-11-01-HAB-004-PIT,2025-11-01,purchase,HAB-004,Pittsburgh,64,8.31
SAL-2025-11-01-HAB-005-CHI,2025-11-01,sale,HAB-005,Chicago,73,7.4
PUR-2025-11-01-HAB-005-CHI,2025-11-01,purchase,HAB-005,Chicago,76,7.4
SAL-2025-11-01-HAB-005-HOU,2025-11-01,sale,HAB-005,Houston,61,7.4
PUR-2025-11-01-HAB-005-HOU,2025-11-01,purchase,HAB-005,Houston,61,7.4
SAL-2025-11-01-HAB-005-PIT,2025-11-01,sale,HAB-005,Pittsburgh,50,7.4
PUR-2025-11-01-HAB-005-PIT,2025-11-01,purchase,HAB-005,Pittsburgh,38,7.4
SAL-2025-11-01-CAS-001-CHI,2025-11-01,sale,CAS-001,Chicago,23,1238.72
PUR-2025-11-01-CAS-001-CHI,2025-11-01,purchase,CAS-001,Chicago,26,1238.72
SAL-2025-11-01-CAS-001-HOU,2025-11-01,sale,CAS-001,Houston,17,1238.72
PUR-2025-11-01-CAS-001-HOU,2025-11-01,purchase,CAS-001,Houston,16,1238.72
SAL-2025-11-01-CAS-001-PIT,2025-11-01,sale,CAS-001,Pittsburgh,12,1238.72
PUR-2025-11-01-CAS-001-PIT,2025-11-01,purchase,CAS-001,Pittsburgh,13,1238.72
SAL-2025-11-01-CAS-002-CHI,2025-11-01,sale,CAS-002,Chicago,19,1129.98
PUR-2025-11-01-CAS-002-CHI,2025-11-01,purchase,CAS-002,Chicago,19,1129.98
SAL-2025-11-01-CAS-002-HOU,2025-11-01,sale,CAS-002,Houston,16,1129.98
PUR-2025-11-01-CAS-002-HOU,2025-11-01,purchase,CAS-002,Houston,14,1129.98
SAL-2025-11-01-CAS-002-PIT,2025-11-01,sale,CAS-002,Pittsburgh,10,1129.98
PUR-2025-11-01-CAS-002-PIT,2025-11-01,purchase,CAS-002,Pittsburgh,13,1129.98
SAL-2025-11-01-CAS-003-CHI,2025-11-01,sale,CAS-003,Chicago,15,1201.89
PUR-2025-11-01-CAS-003-CHI,2025-11-01,purchase,CAS-003,Chicago,17,1201.89
SAL-2025-11-01-CAS-003-HOU,2025-11-01,sale,CAS-003,Houston,14,1201.89
PUR-2025-11-01-CAS-003-HOU,2025-11-01,purchase,CAS-003,Houston,13,1201.89
SAL-2025-11-01-CAS-003-PIT,2025-11-01,sale,CAS-003,Pittsburgh,9,1201.89
PUR-2025-11-01-CAS-003-PIT,2025-11-01,purchase,CAS-003,Pittsburgh,10,1201.89
SAL-2025-11-01-CAS-004-CHI,2025-11-01,sale,CAS-004,Chicago,30,820.97
PUR-2025-11-01-CAS-004-CHI,2025-11-01,purchase,CAS-004,Chicago,26,820.97
SAL-2025-11-01-CAS-004-HOU,2025-11-01,sale,CAS-004,Houston,26,820.97
PUR-2025-11-01-CAS-004-HOU,2025-11-01,purchase,CAS-004,Houston,18,820.97
SAL-2025-11-01-CAS-004-PIT,2025-11-01,sale,CAS-004,Pittsburgh,19,820.97
PUR-2025-11-01-CAS-004-PIT,2025-11-01,purchase,CAS-004,Pittsburgh,20,820.97
SAL-2025-11-01-CAS-005-CHI,2025-11-01,sale,CAS-005,Chicago,17,1039.4
PUR-2025-11-01-CAS-005-CHI,2025-11-01,purchase,CAS-005,Chicago,19,1039.4
SAL-2025-11-01-CAS-005-HOU,2025-11-01,sale,CAS-005,Houston,14,1039.4
PUR-2025-11-01-CAS-005-HOU,2025-11-01,purchase,CAS-005,Houston,11,1039.4
SAL-2025-11-01-CAS-005-PIT,2025-11-01,sale,CAS-005,Pittsburgh,8,1039.4
PUR-2025-11-01-CAS-005-PIT,2025-11-01,purchase,CAS-005,Pittsburgh,9,1039.4
SAL-2025-11-01-SIB-001-CHI,2025-11-01,sale,SIB-001,Chicago,76,7.47
PUR-2025-11-01-SIB-001-CHI,2025-11-01,purchase,SIB-001,Chicago,72,7.47
SAL-2025-11-01-SIB-001-HOU,2025-11-01,sale,SIB-001,Houston,52,7.47
PUR-2025-11-01-SIB-001-HOU,2025-11-01,purchase,SIB-001,Houston,50,7.47
SAL-2025-11-01-SIB-001-PIT,2025-11-01,sale,SIB-001,Pittsburgh,38,7.47
PUR-2025-11-01-SIB-001-PIT,2025-11-01,purchase,SIB-001,Pittsburgh,41,7.47
SAL-2025-11-01-SIB-002-CHI,2025-11-01,sale,SIB-002,Chicago,96,6.57
PUR-2025-11-01-SIB-002-CHI,2025-11-01,purchase,SIB-002,Chicago,109,6.57
SAL-2025-11-01-SIB-002-HOU,2025-11-01,sale,SIB-002,Houston,101,6.57
PUR-2025-11-01-SIB-002-HOU,2025-11-01,purchase,SIB-002,Houston,78,6.57
SAL-2025-11-01-SIB-002-PIT,2025-11-01,sale,SIB-002,Pittsburgh,70,6.57
PUR-2025-11-01-SIB-002-PIT,2025-11-01,purchase,SIB-002,Pittsburgh,62,6.57
SAL-2025-11-01-SIB-003-CHI,2025-11-01,sale,SIB-003,Chicago,76,8.35
PUR-2025-11-01-SIB-003-CHI,2025-11-01,purchase,SIB-003,Chicago,88,8.35
SAL-2025-11-01-SIB-003-HOU,2025-11-01,sale,SIB-003,Houston,53,8.35
PUR-2025-11-01-SIB-003-HOU,2025-11-01,purchase,SIB-003,Houston,69,8.35
SAL-2025-11-01-SIB-003-PIT,2025-11-01,sale,SIB-003,Pittsburgh,44,8.35
PUR-2025-11-01-SIB-003-PIT,2025-11-01,purchase,SIB-003,Pittsburgh,52,8.35
SAL-2025-11-01-SIB-004-CHI,2025-11-01,sale,SIB-004,Chicago,125,7.16
PUR-2025-11-01-SIB-004-CHI,2025-11-01,purchase,SIB-004,Chicago,106,7.16
SAL-2025-11-01-SIB-004-HOU,2025-11-01,sale,SIB-004,Houston,79,7.16
PUR-2025-11-01-SIB-004-HOU,2025-11-01,purchase,SIB-004,Houston,79,7.16
SAL-2025-11-01-SIB-004-PIT,2025-11-01,sale,SIB-004,Pittsburgh,77,7.16
PUR-2025-11-01-SIB-004-PIT,2025-11-01,purchase,SIB-004,Pittsburgh,81,7.16
SAL-2025-11-01-SIB-005-CHI,2025-11-01,sale,SIB-005,Chicago,120,5.98
PUR-2025-11-01-SIB-005-CHI,2025-11-01,purchase,SIB-005,Chicago,127,5.98
SAL-2025-11-01-SIB-005-HOU,2025-11-01,sale,SIB-005,Houston,84,5.98
PUR-2025-11-01-SIB-005-HOU,2025-11-01,purchase,SIB-005,Houston,70,5.98
SAL-2025-11-01-SIB-005-PIT,2025-11-01,sale,SIB-005,Pittsburgh,71,5.98
PUR-2025-11-01-SIB-005-PIT,2025-11-01,purchase,SIB-005,Pittsburgh,59,5.98
SAL-2025-11-01-MOR-001-CHI,2025-11-01,sale,MOR-001,Chicago,11,815.21
PUR-2025-11-01-MOR-001-CHI,2025-11-01,purchase,MOR-001,Chicago,14,815.21
SAL-2025-11-01-MOR-001-HOU,2025-11-01,sale,MOR-001,Houston,9,815.21
PUR-2025-11-01-MOR-001-HOU,2025-11-01,purchase,MOR-001,Houston,10,815.21
SAL-2025-11-01-MOR-001-PIT,2025-11-01,sale,MOR-001,Pittsburgh,7,815.21
PUR-2025-11-01-MOR-001-PIT,2025-11-01,purchase,MOR-001,Pittsburgh,7,815.21
SAL-2025-11-01-MOR-002-CHI,2025-11-01,sale,MOR-002,Chicago,22,836.57
PUR-2025-11-01-MOR-002-CHI,2025-11-01,purchase,MOR-002,Chicago,31,836.57
SAL-2025-11-01-MOR-002-HOU,2025-11-01,sale,MOR-002,Houston,19,836.57
PUR-2025-11-01-MOR-002-HOU,2025-11-01,purchase,MOR-002,Houston,18,836.57
SAL-2025-11-01-MOR-002-PIT,2025-11-01,sale,MOR-002,Pittsburgh,17,836.57
PUR-2025-11-01-MOR-002-PIT,2025-11-01,purchase,MOR-002,Pittsburgh,13,836.57
SAL-2025-11-01-MOR-003-CHI,2025-11-01,sale,MOR-003,Chicago,17,549.69
PUR-2025-11-01-MOR-003-CHI,2025-11-01,purchase,MOR-003,Chicago,18,549.69
SAL-2025-11-01-MOR-003-HOU,2025-11-01,sale,MOR-003,Houston,16,549.69
PUR-2025-11-01-MOR-003-HOU,2025-11-01,purchase,MOR-003,Houston,15,549.69
SAL-2025-11-01-MOR-003-PIT,2025-11-01,sale,MOR-003,Pittsburgh,11,549.69
PUR-2025-11-01-MOR-003-PIT,2025-11-01,purchase,MOR-003,Pittsburgh,13,549.69
SAL-2025-11-01-MOR-004-CHI,2025-11-01,sale,MOR-004,Chicago,13,611.7
PUR-2025-11-01-MOR-004-CHI,2025-11-01,purchase,MOR-004,Chicago,12,611.7
SAL-2025-11-01-MOR-004-HOU,2025-11-01,sale,MOR-004,Houston,10,611.7
PUR-2025-11-01-MOR-004-HOU,2025-11-01,purchase,MOR-004,Houston,10,611.7
SAL-2025-11-01-MOR-004-PIT,2025-11-01,sale,MOR-004,Pittsburgh,7,611.7
PUR-2025-11-01-MOR-004-PIT,2025-11-01,purchase,MOR-004,Pittsburgh,7,611.7
SAL-2025-11-01-MOR-005-CHI,2025-11-01,sale,MOR-005,Chicago,10,806.99
PUR-2025-11-01-MOR-005-CHI,2025-11-01,purchase,MOR-005,Chicago,9,806.99
SAL-2025-11-01-MOR-005-HOU,2025-11-01,sale,MOR-005,Houston,7,806.99
PUR-2025-11-01-MOR-005-HOU,2025-11-01,purchase,MOR-005,Houston,9,806.99
SAL-2025-11-01-MOR-005-PIT,2025-11-01,sale,MOR-005,Pittsburgh,6,806.99
PUR-2025-11-01-MOR-005-PIT,2025-11-01,purchase,MOR-005,Pittsburgh,6,806.99
SAL-2025-11-01-INS-001-CHI,2025-11-01,sale,INS-001,Chicago,70,8.01
PUR-2025-11-01-INS-001-CHI,2025-11-01,purchase,INS-001,Chicago,81,8.01
SAL-2025-11-01-INS-001-HOU,2025-11-01,sale,INS-001,Houston,62,8.01
PUR-2025-11-01-INS-001-HOU,2025-11-01,purchase,INS-001,Houston,56,8.01
SAL-2025-11-01-INS-001-PIT,2025-11-01,sale,INS-001,Pittsburgh,45,8.01
PUR-2025-11-01-INS-001-PIT,2025-11-01,purchase,INS-001,Pittsburgh,48,8.01
SAL-2025-11-01-INS-002-CHI,2025-11-01,sale,INS-002,Chicago,73,15.77
PUR-2025-11-01-INS-002-CHI,2025-11-01,purchase,INS-002,Chicago,64,15.77
SAL-2025-11-01-INS-002-HOU,2025-11-01,sale,INS-002,Houston,60,15.77
PUR-2025-11-01-INS-002-HOU,2025-11-01,purchase,INS-002,Houston,81,15.77
SAL-2025-11-01-INS-002-PIT,2025-11-01,sale,INS-002,Pittsburgh,51,15.77
PUR-2025-11-01-INS-002-PIT,2025-11-01,purchase,INS-002,Pittsburgh,56,15.77
SAL-2025-11-01-INS-003-CHI,2025-11-01,sale,INS-003,Chicago,76,7.69
PUR-2025-11-01-INS-003-CHI,2025-11-01,purchase,INS-003,Chicago,61,7.69
SAL-2025-11-01-INS-003-HOU,2025-11-01,sale,INS-003,Houston,62,7.69
PUR-2025-11-01-INS-003-HOU,2025-11-01,purchase,INS-003,Houston,65,7.69
SAL-2025-11-01-INS-003-PIT,2025-11-01,sale,INS-003,Pittsburgh,39,7.69
PUR-2025-11-01-INS-003-PIT,2025-11-01,purchase,INS-003,Pittsburgh,45,7.69
SAL-2025-11-01-INS-004-CHI,2025-11-01,sale,INS-004,Chicago,82,18.22
PUR-2025-11-01-INS-004-CHI,2025-11-01,purchase,INS-004,Chicago,87,18.22
SAL-2025-11-01-INS-004-HOU,2025-11-01,sale,INS-004,Houston,66,18.22
PUR-2025-11-01-INS-004-HOU,2025-11-01,purchase,INS-004,Houston,66,18.22
SAL-2025-11-01-INS-004-PIT,2025-11-01,sale,INS-004,Pittsburgh,50,18.22
PUR-2025-11-01-INS-004-PIT,2025-11-01,purchase,INS-004,Pittsburgh,48,18.22
SAL-2025-11-01-INS-005-CHI,2025-11-01,sale,INS-005,Chicago,50,14.17
PUR-2025-11-01-INS-005-CHI,2025-11-01,purchase,INS-005,Chicago,46,14.17
SAL-2025-11-01-INS-005-HOU,2025-11-01,sale,INS-005,Houston,34,14.17
PUR-2025-11-01-INS-005-HOU,2025-11-01,purchase,INS-005,Houston,33,14.17
SAL-2025-11-01-INS-005-PIT,2025-11-01,sale,INS-005,Pittsburgh,24,14.17
PUR-2025-11-01-INS-005-PIT,2025-11-01,purchase,INS-005,Pittsburgh,21,14.17
SAL-2025-12-01-MCB-001-CHI,2025-12-01,sale,MCB-001,Chicago,166,11.82
PUR-2025-12-01-MCB-001-CHI,2025-12-01,purchase,MCB-001,Chicago,173,11.82
SAL-2025-12-01-MCB-001-HOU,2025-12-01,sale,MCB-001,Houston,127,11.82
PUR-2025-12-01-MCB-001-HOU,2025-12-01,purchase,MCB-001,Houston,114,11.82
SAL-2025-12-01-MCB-001-PIT,2025-12-01,sale,MCB-001,Pittsburgh,70,11.82
PUR-2025-12-01-MCB-001-PIT,2025-12-01,purchase,MCB-001,Pittsburgh,102,11.82
SAL-2025-12-01-MCB-002-CHI,2025-12-01,sale,MCB-002,Chicago,212,10.69
PUR-2025-12-01-MCB-002-CHI,2025-12-01,purchase,MCB-002,Chicago,210,10.69
SAL-2025-12-01-MCB-002-HOU,2025-12-01,sale,MCB-002,Houston,172,10.69
PUR-2025-12-01-MCB-002-HOU,2025-12-01,purchase,MCB-002,Houston,125,10.69
SAL-2025-12-01-MCB-002-PIT,2025-12-01,sale,MCB-002,Pittsburgh,112,10.69
PUR-2025-12-01-MCB-002-PIT,2025-12-01,purchase,MCB-002,Pittsburgh,136,10.69
SAL-2025-12-01-MCB-003-CHI,2025-12-01,sale,MCB-003,Chicago,134,10.72
PUR-2025-12-01-MCB-003-CHI,2025-12-01,purchase,MCB-003,Chicago,151,10.72
SAL-2025-12-01-MCB-003-HOU,2025-12-01,sale,MCB-003,Houston,112,10.72
PUR-2025-12-01-MCB-003-HOU,2025-12-01,purchase,MCB-003,Houston,117,10.72
SAL-2025-12-01-MCB-003-PIT,2025-12-01,sale,MCB-003,Pittsburgh,78,10.72
PUR-2025-12-01-MCB-003-PIT,2025-12-01,purchase,MCB-003,Pittsburgh,90,10.72
SAL-2025-12-01-MCB-004-CHI,2025-12-01,sale,MCB-004,Chicago,150,12.11
PUR-2025-12-01-MCB-004-CHI,2025-12-01,purchase,MCB-004,Chicago,128,12.11
SAL-2025-12-01-MCB-004-HOU,2025-12-01,sale,MCB-004,Houston,119,12.11
PUR-2025-12-01-MCB-004-HOU,2025-12-01,purchase,MCB-004,Houston,101,12.11
SAL-2025-12-01-MCB-004-PIT,2025-12-01,sale,MCB-004,Pittsburgh,80,12.11
PUR-2025-12-01-MCB-004-PIT,2025-12-01,purchase,MCB-004,Pittsburgh,109,12.11
SAL-2025-12-01-MCB-005-CHI,2025-12-01,sale,MCB-005,Chicago,149,12.46
PUR-2025-12-01-MCB-005-CHI,2025-12-01,purchase,MCB-005,Chicago,122,12.46
SAL-2025-12-01-MCB-005-HOU,2025-12-01,sale,MCB-005,Houston,96,12.46
PUR-2025-12-01-MCB-005-HOU,2025-12-01,purchase,MCB-005,Houston,135,12.46
SAL-2025-12-01-MCB-005-PIT,2025-12-01,sale,MCB-005,Pittsburgh,74,12.46
PUR-2025-12-01-MCB-005-PIT,2025-12-01,purchase,MCB-005,Pittsburgh,80,12.46
SAL-2025-12-01-HAB-001-CHI,2025-12-01,sale,HAB-001,Chicago,163,9.1
PUR-2025-12-01-HAB-001-CHI,2025-12-01,purchase,HAB-001,Chicago,162,9.1
SAL-2025-12-01-HAB-001-HOU,2025-12-01,sale,HAB-001,Houston,121,9.1
PUR-2025-12-01-HAB-001-HOU,2025-12-01,purchase,HAB-001,Houston,122,9.1
SAL-2025-12-01-HAB-001-PIT,2025-12-01,sale,HAB-001,Pittsburgh,75,9.1
PUR-2025-12-01-HAB-001-PIT,2025-12-01,purchase,HAB-001,Pittsburgh,83,9.1
SAL-2025-12-01-HAB-002-CHI,2025-12-01,sale,HAB-002,Chicago,84,8.92
PUR-2025-12-01-HAB-002-CHI,2025-12-01,purchase,HAB-002,Chicago,103,8.92
SAL-2025-12-01-HAB-002-HOU,2025-12-01,sale,HAB-002,Houston,74,8.92
PUR-2025-12-01-HAB-002-HOU,2025-12-01,purchase,HAB-002,Houston,70,8.92
SAL-2025-12-01-HAB-002-PIT,2025-12-01,sale,HAB-002,Pittsburgh,53,8.92
PUR-2025-12-01-HAB-002-PIT,2025-12-01,purchase,HAB-002,Pittsburgh,59,8.92
SAL-2025-12-01-HAB-003-CHI,2025-12-01,sale,HAB-003,Chicago,132,6.1
PUR-2025-12-01-HAB-003-CHI,2025-12-01,purchase,HAB-003,Chicago,123,6.1
SAL-2025-12-01-HAB-003-HOU,2025-12-01,sale,HAB-003,Houston,106,6.1
PUR-2025-12-01-HAB-003-HOU,2025-12-01,purchase,HAB-003,Houston,107,6.1
SAL-2025-12-01-HAB-003-PIT,2025-12-01,sale,HAB-003,Pittsburgh,88,6.1
PUR-2025-12-01-HAB-003-PIT,2025-12-01,purchase,HAB-003,Pittsburgh,67,6.1
SAL-2025-12-01-HAB-004-CHI,2025-12-01,sale,HAB-004,Chicago,122,8.31
PUR-2025-12-01-HAB-004-CHI,2025-12-01,purchase,HAB-004,Chicago,128,8.31
SAL-2025-12-01-HAB-004-HOU,2025-12-01,sale,HAB-004,Houston,98,8.31
PUR-2025-12-01-HAB-004-HOU,2025-12-01,purchase,HAB-004,Houston,107,8.31
SAL-2025-12-01-HAB-004-PIT,2025-12-01,sale,HAB-004,Pittsburgh,62,8.31
PUR-2025-12-01-HAB-004-PIT,2025-12-01,purchase,HAB-004,Pittsburgh,61,8.31
SAL-2025-12-01-HAB-005-CHI,2025-12-01,sale,HAB-005,Chicago,91,7.4
PUR-2025-12-01-HAB-005-CHI,2025-12-01,purchase,HAB-005,Chicago,88,7.4
SAL-2025-12-01-HAB-005-HOU,2025-12-01,sale,HAB-005,Houston,78,7.4
PUR-2025-12-01-HAB-005-HOU,2025-12-01,purchase,HAB-005,Houston,76,7.4
SAL-2025-12-01-HAB-005-PIT,2025-12-01,sale,HAB-005,Pittsburgh,51,7.4
PUR-2025-12-01-HAB-005-PIT,2025-12-01,purchase,HAB-005,Pittsburgh,61,7.4
SAL-2025-12-01-CAS-001-CHI,2025-12-01,sale,CAS-001,Chicago,25,1238.72
PUR-2025-12-01-CAS-001-CHI,2025-12-01,purchase,CAS-001,Chicago,21,1238.72
SAL-2025-12-01-CAS-001-HOU,2025-12-01,sale,CAS-001,Houston,19,1238.72
PUR-2025-12-01-CAS-001-HOU,2025-12-01,purchase,CAS-001,Houston,16,1238.72
SAL-2025-12-01-CAS-001-PIT,2025-12-01,sale,CAS-001,Pittsburgh,15,1238.72
PUR-2025-12-01-CAS-001-PIT,2025-12-01,purchase,CAS-001,Pittsburgh,19,1238.72
SAL-2025-12-01-CAS-002-CHI,2025-12-01,sale,CAS-002,Chicago,23,1129.98
PUR-2025-12-01-CAS-002-CHI,2025-12-01,purchase,CAS-002,Chicago,21,1129.98
SAL-2025-12-01-CAS-002-HOU,2025-12-01,sale,CAS-002,Houston,14,1129.98
PUR-2025-12-01-CAS-002-HOU,2025-12-01,purchase,CAS-002,Houston,16,1129.98
SAL-2025-12-01-CAS-002-PIT,2025-12-01,sale,CAS-002,Pittsburgh,15,1129.98
PUR-2025-12-01-CAS-002-PIT,2025-12-01,purchase,CAS-002,Pittsburgh,15,1129.98
SAL-2025-12-01-CAS-003-CHI,2025-12-01,sale,CAS-003,Chicago,15,1201.89
PUR-2025-12-01-CAS-003-CHI,2025-12-01,purchase,CAS-003,Chicago,20,1201.89
SAL-2025-12-01-CAS-003-HOU,2025-12-01,sale,CAS-003,Houston,11,1201.89
PUR-2025-12-01-CAS-003-HOU,2025-12-01,purchase,CAS-003,Houston,12,1201.89
SAL-2025-12-01-CAS-003-PIT,2025-12-01,sale,CAS-003,Pittsburgh,10,1201.89
PUR-2025-12-01-CAS-003-PIT,2025-12-01,purchase,CAS-003,Pittsburgh,11,1201.89
SAL-2025-12-01-CAS-004-CHI,2025-12-01,sale,CAS-004,Chicago,30,820.97
PUR-2025-12-01-CAS-004-CHI,2025-12-01,purchase,CAS-004,Chicago,26,820.97
SAL-2025-12-01-CAS-004-HOU,2025-12-01,sale,CAS-004,Houston,23,820.97
PUR-2025-12-01-CAS-004-HOU,2025-12-01,purchase,CAS-004,Houston,22,820.97
SAL-2025-12-01-CAS-004-PIT,2025-12-01,sale,CAS-004,Pittsburgh,18,820.97
PUR-2025-12-01-CAS-004-PIT,2025-12-01,purchase,CAS-004,Pittsburgh,20,820.97
SAL-2025-12-01-CAS-005-CHI,2025-12-01,sale,CAS-005,Chicago,19,1039.4
PUR-2025-12-01-CAS-005-CHI,2025-12-01,purchase,CAS-005,Chicago,16,1039.4
SAL-2025-12-01-CAS-005-HOU,2025-12-01,sale,CAS-005,Houston,12,1039.4
PUR-2025-12-01-CAS-005-HOU,2025-12-01,purchase,CAS-005,Houston,11,1039.4
SAL-2025-12-01-CAS-005-PIT,2025-12-01,sale,CAS-005,Pittsburgh,9,1039.4
PUR-2025-12-01-CAS-005-PIT,2025-12-01,purchase,CAS-005,Pittsburgh,13,1039.4
SAL-2025-12-01-SIB-001-CHI,2025-12-01,sale,SIB-001,Chicago,66,7.47
PUR-2025-12-01-SIB-001-CHI,2025-12-01,purchase,SIB-001,Chicago,65,7.47
SAL-2025-12-01-SIB-001-HOU,2025-12-01,sale,SIB-001,Houston,64,7.47
PUR-2025-12-01-SIB-001-HOU,2025-12-01,purchase,SIB-001,Houston,50,7.47
SAL-2025-12-01-SIB-001-PIT,2025-12-01,sale,SIB-001,Pittsburgh,40,7.47
PUR-2025-12-01-SIB-001-PIT,2025-12-01,purchase,SIB-001,Pittsburgh,34,7.47
SAL-2025-12-01-SIB-002-CHI,2025-12-01,sale,SIB-002,Chicago,142,6.57
PUR-2025-12-01-SIB-002-CHI,2025-12-01,purchase,SIB-002,Chicago,133,6.57
SAL-2025-12-01-SIB-002-HOU,2025-12-01,sale,SIB-002,Houston,106,6.57
PUR-2025-12-01-SIB-002-HOU,2025-12-01,purchase,SIB-002,Houston,106,6.57
SAL-2025-12-01-SIB-002-PIT,2025-12-01,sale,SIB-002,Pittsburgh,70,6.57
PUR-2025-12-01-SIB-002-PIT,2025-12-01,purchase,SIB-002,Pittsburgh,72,6.57
SAL-2025-12-01-SIB-003-CHI,2025-12-01,sale,SIB-003,Chicago,93,8.35
PUR-2025-12-01-SIB-003-CHI,2025-12-01,purchase,SIB-003,Chicago,79,8.35
SAL-2025-12-01-SIB-003-HOU,2025-12-01,sale,SIB-003,Houston,66,8.35
PUR-2025-12-01-SIB-003-HOU,2025-12-01,purchase,SIB-003,Houston,77,8.35
SAL-2025-12-01-SIB-003-PIT,2025-12-01,sale,SIB-003,Pittsburgh,50,8.35
PUR-2025-12-01-SIB-003-PIT,2025-12-01,purchase,SIB-003,Pittsburgh,53,8.35
SAL-2025-12-01-SIB-004-CHI,2025-12-01,sale,SIB-004,Chicago,130,7.16
PUR-2025-12-01-SIB-004-CHI,2025-12-01,purchase,SIB-004,Chicago,91,7.16
SAL-2025-12-01-SIB-004-HOU,2025-12-01,sale,SIB-004,Houston,80,7.16
PUR-2025-12-01-SIB-004-HOU,2025-12-01,purchase,SIB-004,Houston,96,7.16
SAL-2025-12-01-SIB-004-PIT,2025-12-01,sale,SIB-004,Pittsburgh,62,7.16
PUR-2025-12-01-SIB-004-PIT,2025-12-01,purchase,SIB-004,Pittsburgh,60,7.16
SAL-2025-12-01-SIB-005-CHI,2025-12-01,sale,SIB-005,Chicago,109,5.98
PUR-2025-12-01-SIB-005-CHI,2025-12-01,purchase,SIB-005,Chicago,118,5.98
SAL-2025-12-01-SIB-005-HOU,2025-12-01,sale,SIB-005,Houston,87,5.98
PUR-2025-12-01-SIB-005-HOU,2025-12-01,purchase,SIB-005,Houston,98,5.98
SAL-2025-12-01-SIB-005-PIT,2025-12-01,sale,SIB-005,Pittsburgh,64,5.98
PUR-2025-12-01-SIB-005-PIT,2025-12-01,purchase,SIB-005,Pittsburgh,61,5.98
SAL-2025-12-01-MOR-001-CHI,2025-12-01,sale,MOR-001,Chicago,12,815.21
PUR-2025-12-01-MOR-001-CHI,2025-12-01,purchase,MOR-001,Chicago,11,815.21
SAL-2025-12-01-MOR-001-HOU,2025-12-01,sale,MOR-001,Houston,11,815.21
PUR-2025-12-01-MOR-001-HOU,2025-12-01,purchase,MOR-001,Houston,9,815.21
SAL-2025-12-01-MOR-001-PIT,2025-12-01,sale,MOR-001,Pittsburgh,7,815.21
PUR-2025-12-01-MOR-001-PIT,2025-12-01,purchase,MOR-001,Pittsburgh,7,815.21
SAL-2025-12-01-MOR-002-CHI,2025-12-01,sale,MOR-002,Chicago,28,836.57
PUR-2025-12-01-MOR-002-CHI,2025-12-01,purchase,MOR-002,Chicago,21,836.57
SAL-2025-12-01-MOR-002-HOU,2025-12-01,sale,MOR-002,Houston,22,836.57
PUR-2025-12-01-MOR-002-HOU,2025-12-01,purchase,MOR-002,Houston,23,836.57
SAL-2025-12-01-MOR-002-PIT,2025-12-01,sale,MOR-002,Pittsburgh,19,836.57
PUR-2025-12-01-MOR-002-PIT,2025-12-01,purchase,MOR-002,Pittsburgh,13,836.57
SAL-2025-12-01-MOR-003-CHI,2025-12-01,sale,MOR-003,Chicago,20,549.69
PUR-2025-12-01-MOR-003-CHI,2025-12-01,purchase,MOR-003,Chicago,21,549.69
SAL-2025-12-01-MOR-003-HOU,2025-12-01,sale,MOR-003,Houston,16,549.69
PUR-2025-12-01-MOR-003-HOU,2025-12-01,purchase,MOR-003,Houston,19,549.69
SAL-2025-12-01-MOR-003-PIT,2025-12-01,sale,MOR-003,Pittsburgh,15,549.69
PUR-2025-12-01-MOR-003-PIT,2025-12-01,purchase,MOR-003,Pittsburgh,16,549.69
SAL-2025-12-01-MOR-004-CHI,2025-12-01,sale,MOR-004,Chicago,12,611.7
PUR-2025-12-01-MOR-004-CHI,2025-12-01,purchase,MOR-004,Chicago,12,611.7
SAL-2025-12-01-MOR-004-HOU,2025-12-01,sale,MOR-004,Houston,13,611.7
PUR-2025-12-01-MOR-004-HOU,2025-12-01,purchase,MOR-004,Houston,11,611.7
SAL-2025-12-01-MOR-004-PIT,2025-12-01,sale,MOR-004,Pittsburgh,7,611.7
PUR-2025-12-01-MOR-004-PIT,2025-12-01,purchase,MOR-004,Pittsburgh,10,611.7
SAL-2025-12-01-MOR-005-CHI,2025-12-01,sale,MOR-005,Chicago,10,806.99
PUR-2025-12-01-MOR-005-CHI,2025-12-01,purchase,MOR-005,Chicago,9,806.99
SAL-2025-12-01-MOR-005-HOU,2025-12-01,sale,MOR-005,Houston,9,806.99
PUR-2025-12-01-MOR-005-HOU,2025-12-01,purchase,MOR-005,Houston,7,806.99
SAL-2025-12-01-MOR-005-PIT,2025-12-01,sale,MOR-005,Pittsburgh,8,806.99
PUR-2025-12-01-MOR-005-PIT,2025-12-01,purchase,MOR-005,Pittsburgh,6,806.99
SAL-2025-12-01-INS-001-CHI,2025-12-01,sale,INS-001,Chicago,80,8.01
PUR-2025-12-01-INS-001-CHI,2025-12-01,purchase,INS-001,Chicago,93,8.01
SAL-2025-12-01-INS-001-HOU,2025-12-01,sale,INS-001,Houston,80,8.01
PUR-2025-12-01-INS-001-HOU,2025-12-01,purchase,INS-001,Houston,82,8.01
SAL-2025-12-01-INS-001-PIT,2025-12-01,sale,INS-001,Pittsburgh,53,8.01
PUR-2025-12-01-INS-001-PIT,2025-12-01,purchase,INS-001,Pittsburgh,64,8.01
SAL-2025-12-01-INS-002-CHI,2025-12-01,sale,INS-002,Chicago,77,15.77
PUR-2025-12-01-INS-002-CHI,2025-12-01,purchase,INS-002,Chicago,79,15.77
SAL-2025-12-01-INS-002-HOU,2025-12-01,sale,INS-002,Houston,68,15.77
PUR-2025-12-01-INS-002-HOU,2025-12-01,purchase,INS-002,Houston,63,15.77
SAL-2025-12-01-INS-002-PIT,2025-12-01,sale,INS-002,Pittsburgh,59,15.77
PUR-2025-12-01-INS-002-PIT,2025-12-01,purchase,INS-002,Pittsburgh,50,15.77
SAL-2025-12-01-INS-003-CHI,2025-12-01,sale,INS-003,Chicago,77,7.69
PUR-2025-12-01-INS-003-CHI,2025-12-01,purchase,INS-003,Chicago,80,7.69
SAL-2025-12-01-INS-003-HOU,2025-12-01,sale,INS-003,Houston,61,7.69
PUR-2025-12-01-INS-003-HOU,2025-12-01,purchase,INS-003,Houston,44,7.69
SAL-2025-12-01-INS-003-PIT,2025-12-01,sale,INS-003,Pittsburgh,36,7.69
PUR-2025-12-01-INS-003-PIT,2025-12-01,purchase,INS-003,Pittsburgh,52,7.69
SAL-2025-12-01-INS-004-CHI,2025-12-01,sale,INS-004,Chicago,78,18.22
PUR-2025-12-01-INS-004-CHI,2025-12-01,purchase,INS-004,Chicago,93,18.22
SAL-2025-12-01-INS-004-HOU,2025-12-01,sale,INS-004,Houston,52,18.22
PUR-2025-12-01-INS-004-HOU,2025-12-01,purchase,INS-004,Houston,56,18.22
SAL-2025-12-01-INS-004-PIT,2025-12-01,sale,INS-004,Pittsburgh,43,18.22
PUR-2025-12-01-INS-004-PIT,2025-12-01,purchase,INS-004,Pittsburgh,38,18.22
SAL-2025-12-01-INS-005-CHI,2025-12-01,sale,INS-005,Chicago,46,14.17
PUR-2025-12-01-INS-005-CHI,2025-12-01,purchase,INS-005,Chicago,55,14.17
SAL-2025-12-01-INS-005-HOU,2025-12-01,sale,INS-005,Houston,42,14.17
PUR-2025-12-01-INS-005-HOU,2025-12-01,purchase,INS-005,Houston,43,14.17
SAL-2025-12-01-INS-005-PIT,2025-12-01,sale,INS-005,Pittsburgh,31,14.17
PUR-2025-12-01-INS-005-PIT,2025-12-01,purchase,INS-005,Pittsburgh,31,14.17
SAL-2026-01-01-MCB-001-CHI,2026-01-01,sale,MCB-001,Chicago,154,11.82
PUR-2026-01-01-MCB-001-CHI,2026-01-01,purchase,MCB-001,Chicago,168,11.82
SAL-2026-01-01-MCB-001-HOU,2026-01-01,sale,MCB-001,Houston,102,11.82
PUR-2026-01-01-MCB-001-HOU,2026-01-01,purchase,MCB-001,Houston,115,11.82
SAL-2026-01-01-MCB-001-PIT,2026-01-01,sale,MCB-001,Pittsburgh,104,11.82
PUR-2026-01-01-MCB-001-PIT,2026-01-01,purchase,MCB-001,Pittsburgh,87,11.82
SAL-2026-01-01-MCB-002-CHI,2026-01-01,sale,MCB-002,Chicago,184,10.69
PUR-2026-01-01-MCB-002-CHI,2026-01-01,purchase,MCB-002,Chicago,225,10.69
SAL-2026-01-01-MCB-002-HOU,2026-01-01,sale,MCB-002,Houston,167,10.69
PUR-2026-01-01-MCB-002-HOU,2026-01-01,purchase,MCB-002,Houston,151,10.69
SAL-2026-01-01-MCB-002-PIT,2026-01-01,sale,MCB-002,Pittsburgh,121,10.69
PUR-2026-01-01-MCB-002-PIT,2026-01-01,purchase,MCB-002,Pittsburgh,105,10.69
SAL-2026-01-01-MCB-003-CHI,2026-01-01,sale,MCB-003,Chicago,134,10.72
PUR-2026-01-01-MCB-003-CHI,2026-01-01,purchase,MCB-003,Chicago,165,10.72
SAL-2026-01-01-MCB-003-HOU,2026-01-01,sale,MCB-003,Houston,129,10.72
PUR-2026-01-01-MCB-003-HOU,2026-01-01,purchase,MCB-003,Houston,130,10.72
SAL-2026-01-01-MCB-003-PIT,2026-01-01,sale,MCB-003,Pittsburgh,88,10.72
PUR-2026-01-01-MCB-003-PIT,2026-01-01,purchase,MCB-003,Pittsburgh,84,10.72
SAL-2026-01-01-MCB-004-CHI,2026-01-01,sale,MCB-004,Chicago,152,12.11
PUR-2026-01-01-MCB-004-CHI,2026-01-01,purchase,MCB-004,Chicago,191,12.11
SAL-2026-01-01-MCB-004-HOU,2026-01-01,sale,MCB-004,Houston,130,12.11
PUR-2026-01-01-MCB-004-HOU,2026-01-01,purchase,MCB-004,Houston,136,12.11
SAL-2026-01-01-MCB-004-PIT,2026-01-01,sale,MCB-004,Pittsburgh,96,12.11
PUR-2026-01-01-MCB-004-PIT,2026-01-01,purchase,MCB-004,Pittsburgh,94,12.11
SAL-2026-01-01-MCB-005-CHI,2026-01-01,sale,MCB-005,Chicago,142,12.46
PUR-2026-01-01-MCB-005-CHI,2026-01-01,purchase,MCB-005,Chicago,200,12.46
SAL-2026-01-01-MCB-005-HOU,2026-01-01,sale,MCB-005,Houston,143,12.46
PUR-2026-01-01-MCB-005-HOU,2026-01-01,purchase,MCB-005,Houston,140,12.46
SAL-2026-01-01-MCB-005-PIT,2026-01-01,sale,MCB-005,Pittsburgh,106,12.46
PUR-2026-01-01-MCB-005-PIT,2026-01-01,purchase,MCB-005,Pittsburgh,75,12.46
SAL-2026-01-01-HAB-001-CHI,2026-01-01,sale,HAB-001,Chicago,162,9.1
PUR-2026-01-01-HAB-001-CHI,2026-01-01,purchase,HAB-001,Chicago,174,9.1
SAL-2026-01-01-HAB-001-HOU,2026-01-01,sale,HAB-001,Houston,144,9.1
PUR-2026-01-01-HAB-001-HOU,2026-01-01,purchase,HAB-001,Houston,116,9.1
SAL-2026-01-01-HAB-001-PIT,2026-01-01,sale,HAB-001,Pittsburgh,103,9.1
PUR-2026-01-01-HAB-001-PIT,2026-01-01,purchase,HAB-001,Pittsburgh,108,9.1
SAL-2026-01-01-HAB-002-CHI,2026-01-01,sale,HAB-002,Chicago,113,8.92
PUR-2026-01-01-HAB-002-CHI,2026-01-01,purchase,HAB-002,Chicago,93,8.92
SAL-2026-01-01-HAB-002-HOU,2026-01-01,sale,HAB-002,Houston,84,8.92
PUR-2026-01-01-HAB-002-HOU,2026-01-01,purchase,HAB-002,Houston,82,8.92
SAL-2026-01-01-HAB-002-PIT,2026-01-01,sale,HAB-002,Pittsburgh,59,8.92
PUR-2026-01-01-HAB-002-PIT,2026-01-01,purchase,HAB-002,Pittsburgh,74,8.92
SAL-2026-01-01-HAB-003-CHI,2026-01-01,sale,HAB-003,Chicago,144,6.1
PUR-2026-01-01-HAB-003-CHI,2026-01-01,purchase,HAB-003,Chicago,150,6.1
SAL-2026-01-01-HAB-003-HOU,2026-01-01,sale,HAB-003,Houston,115,6.1
PUR-2026-01-01-HAB-003-HOU,2026-01-01,purchase,HAB-003,Houston,110,6.1
SAL-2026-01-01-HAB-003-PIT,2026-01-01,sale,HAB-003,Pittsburgh,82,6.1
PUR-2026-01-01-HAB-003-PIT,2026-01-01,purchase,HAB-003,Pittsburgh,94,6.1
SAL-2026-01-01-HAB-004-CHI,2026-01-01,sale,HAB-004,Chicago,132,8.31
PUR-2026-01-01-HAB-004-CHI,2026-01-01,purchase,HAB-004,Chicago,143,8.31
SAL-2026-01-01-HAB-004-HOU,2026-01-01,sale,HAB-004,Houston,90,8.31
PUR-2026-01-01-HAB-004-HOU,2026-01-01,purchase,HAB-004,Houston,111,8.31
SAL-2026-01-01-HAB-004-PIT,2026-01-01,sale,HAB-004,Pittsburgh,81,8.31
PUR-2026-01-01-HAB-004-PIT,2026-01-01,purchase,HAB-004,Pittsburgh,72,8.31
SAL-2026-01-01-HAB-005-CHI,2026-01-01,sale,HAB-005,Chicago,87,7.4
PUR-2026-01-01-HAB-005-CHI,2026-01-01,purchase,HAB-005,Chicago,117,7.4
SAL-2026-01-01-HAB-005-HOU,2026-01-01,sale,HAB-005,Houston,73,7.4
PUR-2026-01-01-HAB-005-HOU,2026-01-01,purchase,HAB-005,Houston,81,7.4
SAL-2026-01-01-HAB-005-PIT,2026-01-01,sale,HAB-005,Pittsburgh,54,7.4
PUR-2026-01-01-HAB-005-PIT,2026-01-01,purchase,HAB-005,Pittsburgh,47,7.4
SAL-2026-01-01-CAS-001-CHI,2026-01-01,sale,CAS-001,Chicago,29,1238.72
PUR-2026-01-01-CAS-001-CHI,2026-01-01,purchase,CAS-001,Chicago,30,1238.72
SAL-2026-01-01-CAS-001-HOU,2026-01-01,sale,CAS-001,Houston,19,1238.72
PUR-2026-01-01-CAS-001-HOU,2026-01-01,purchase,CAS-001,Houston,27,1238.72
SAL-2026-01-01-CAS-001-PIT,2026-01-01,sale,CAS-001,Pittsburgh,15,1238.72
PUR-2026-01-01-CAS-001-PIT,2026-01-01,purchase,CAS-001,Pittsburgh,18,1238.72
SAL-2026-01-01-CAS-002-CHI,2026-01-01,sale,CAS-002,Chicago,22,1129.98
PUR-2026-01-01-CAS-002-CHI,2026-01-01,purchase,CAS-002,Chicago,27,1129.98
SAL-2026-01-01-CAS-002-HOU,2026-01-01,sale,CAS-002,Houston,20,1129.98
PUR-2026-01-01-CAS-002-HOU,2026-01-01,purchase,CAS-002,Houston,21,1129.98
SAL-2026-01-01-CAS-002-PIT,2026-01-01,sale,CAS-002,Pittsburgh,15,1129.98
PUR-2026-01-01-CAS-002-PIT,2026-01-01,purchase,CAS-002,Pittsburgh,13,1129.98
SAL-2026-01-01-CAS-003-CHI,2026-01-01,sale,CAS-003,Chicago,20,1201.89
PUR-2026-01-01-CAS-003-CHI,2026-01-01,purchase,CAS-003,Chicago,19,1201.89
SAL-2026-01-01-CAS-003-HOU,2026-01-01,sale,CAS-003,Houston,15,1201.89
PUR-2026-01-01-CAS-003-HOU,2026-01-01,purchase,CAS-003,Houston,17,1201.89
SAL-2026-01-01-CAS-003-PIT,2026-01-01,sale,CAS-003,Pittsburgh,12,1201.89
PUR-2026-01-01-CAS-003-PIT,2026-01-01,purchase,CAS-003,Pittsburgh,10,1201.89
SAL-2026-01-01-CAS-004-CHI,2026-01-01,sale,CAS-004,Chicago,39,820.97
PUR-2026-01-01-CAS-004-CHI,2026-01-01,purchase,CAS-004,Chicago,29,820.97
SAL-2026-01-01-CAS-004-HOU,2026-01-01,sale,CAS-004,Houston,28,820.97
PUR-2026-01-01-CAS-004-HOU,2026-01-01,purchase,CAS-004,Houston,21,820.97
SAL-2026-01-01-CAS-004-PIT,2026-01-01,sale,CAS-004,Pittsburgh,20,820.97
PUR-2026-01-01-CAS-004-PIT,2026-01-01,purchase,CAS-004,Pittsburgh,24,820.97
SAL-2026-01-01-CAS-005-CHI,2026-01-01,sale,CAS-005,Chicago,21,1039.4
PUR-2026-01-01-CAS-005-CHI,2026-01-01,purchase,CAS-005,Chicago,18,1039.4
SAL-2026-01-01-CAS-005-HOU,2026-01-01,sale,CAS-005,Houston,13,1039.4
PUR-2026-01-01-CAS-005-HOU,2026-01-01,purchase,CAS-005,Houston,15,1039.4
SAL-2026-01-01-CAS-005-PIT,2026-01-01,sale,CAS-005,Pittsburgh,13,1039.4
PUR-2026-01-01-CAS-005-PIT,2026-01-01,purchase,CAS-005,Pittsburgh,11,1039.4
SAL-2026-01-01-SIB-001-CHI,2026-01-01,sale,SIB-001,Chicago,82,7.47
PUR-2026-01-01-SIB-001-CHI,2026-01-01,purchase,SIB-001,Chicago,94,7.47
SAL-2026-01-01-SIB-001-HOU,2026-01-01,sale,SIB-001,Houston,55,7.47
PUR-2026-01-01-SIB-001-HOU,2026-01-01,purchase,SIB-001,Houston,55,7.47
SAL-2026-01-01-SIB-001-PIT,2026-01-01,sale,SIB-001,Pittsburgh,51,7.47
PUR-2026-01-01-SIB-001-PIT,2026-01-01,purchase,SIB-001,Pittsburgh,40,7.47
SAL-2026-01-01-SIB-002-CHI,2026-01-01,sale,SIB-002,Chicago,149,6.57
PUR-2026-01-01-SIB-002-CHI,2026-01-01,purchase,SIB-002,Chicago,117,6.57
SAL-2026-01-01-SIB-002-HOU,2026-01-01,sale,SIB-002,Houston,114,6.57
PUR-2026-01-01-SIB-002-HOU,2026-01-01,purchase,SIB-002,Houston,111,6.57
SAL-2026-01-01-SIB-002-PIT,2026-01-01,sale,SIB-002,Pittsburgh,78,6.57
PUR-2026-01-01-SIB-002-PIT,2026-01-01,purchase,SIB-002,Pittsburgh,83,6.57
SAL-2026-01-01-SIB-003-CHI,2026-01-01,sale,SIB-003,Chicago,85,8.35
PUR-2026-01-01-SIB-003-CHI,2026-01-01,purchase,SIB-003,Chicago,98,8.35
SAL-2026-01-01-SIB-003-HOU,2026-01-01,sale,SIB-003,Houston,67,8.35
PUR-2026-01-01-SIB-003-HOU,2026-01-01,purchase,SIB-003,Houston,79,8.35
SAL-2026-01-01-SIB-003-PIT,2026-01-01,sale,SIB-003,Pittsburgh,60,8.35
PUR-2026-01-01-SIB-003-PIT,2026-01-01,purchase,SIB-003,Pittsburgh,65,8.35
SAL-2026-01-01-SIB-004-CHI,2026-01-01,sale,SIB-004,Chicago,115,7.16
PUR-2026-01-01-SIB-004-CHI,2026-01-01,purchase,SIB-004,Chicago,110,7.16
SAL-2026-01-01-SIB-004-HOU,2026-01-01,sale,SIB-004,Houston,88,7.16
PUR-2026-01-01-SIB-004-HOU,2026-01-01,purchase,SIB-004,Houston,105,7.16
SAL-2026-01-01-SIB-004-PIT,2026-01-01,sale,SIB-004,Pittsburgh,73,7.16
PUR-2026-01-01-SIB-004-PIT,2026-01-01,purchase,SIB-004,Pittsburgh,81,7.16
SAL-2026-01-01-SIB-005-CHI,2026-01-01,sale,SIB-005,Chicago,132,5.98
PUR-2026-01-01-SIB-005-CHI,2026-01-01,purchase,SIB-005,Chicago,141,5.98
SAL-2026-01-01-SIB-005-HOU,2026-01-01,sale,SIB-005,Houston,96,5.98
PUR-2026-01-01-SIB-005-HOU,2026-01-01,purchase,SIB-005,Houston,110,5.98
SAL-2026-01-01-SIB-005-PIT,2026-01-01,sale,SIB-005,Pittsburgh,76,5.98
PUR-2026-01-01-SIB-005-PIT,2026-01-01,purchase,SIB-005,Pittsburgh,82,5.98
SAL-2026-01-01-MOR-001-CHI,2026-01-01,sale,MOR-001,Chicago,16,815.21
PUR-2026-01-01-MOR-001-CHI,2026-01-01,purchase,MOR-001,Chicago,12,815.21
SAL-2026-01-01-MOR-001-HOU,2026-01-01,sale,MOR-001,Houston,11,815.21
PUR-2026-01-01-MOR-001-HOU,2026-01-01,purchase,MOR-001,Houston,11,815.21
SAL-2026-01-01-MOR-001-PIT,2026-01-01,sale,MOR-001,Pittsburgh,8,815.21
PUR-2026-01-01-MOR-001-PIT,2026-01-01,purchase,MOR-001,Pittsburgh,9,815.21
SAL-2026-01-01-MOR-002-CHI,2026-01-01,sale,MOR-002,Chicago,26,836.57
PUR-2026-01-01-MOR-002-CHI,2026-01-01,purchase,MOR-002,Chicago,32,836.57
SAL-2026-01-01-MOR-002-HOU,2026-01-01,sale,MOR-002,Houston,25,836.57
PUR-2026-01-01-MOR-002-HOU,2026-01-01,purchase,MOR-002,Houston,21,836.57
SAL-2026-01-01-MOR-002-PIT,2026-01-01,sale,MOR-002,Pittsburgh,16,836.57
PUR-2026-01-01-MOR-002-PIT,2026-01-01,purchase,MOR-002,Pittsburgh,14,836.57
SAL-2026-01-01-MOR-003-CHI,2026-01-01,sale,MOR-003,Chicago,24,549.69
PUR-2026-01-01-MOR-003-CHI,2026-01-01,purchase,MOR-003,Chicago,19,549.69
SAL-2026-01-01-MOR-003-HOU,2026-01-01,sale,MOR-003,Houston,18,549.69
PUR-2026-01-01-MOR-003-HOU,2026-01-01,purchase,MOR-003,Houston,18,549.69
SAL-2026-01-01-MOR-003-PIT,2026-01-01,sale,MOR-003,Pittsburgh,15,549.69
PUR-2026-01-01-MOR-003-PIT,2026-01-01,purchase,MOR-003,Pittsburgh,12,549.69
SAL-2026-01-01-MOR-004-CHI,2026-01-01,sale,MOR-004,Chicago,14,611.7
PUR-2026-01-01-MOR-004-CHI,2026-01-01,purchase,MOR-004,Chicago,13,611.7
SAL-2026-01-01-MOR-004-HOU,2026-01-01,sale,MOR-004,Houston,11,611.7
PUR-2026-01-01-MOR-004-HOU,2026-01-01,purchase,MOR-004,Houston,14,611.7
SAL-2026-01-01-MOR-004-PIT,2026-01-01,sale,MOR-004,Pittsburgh,8,611.7
PUR-2026-01-01-MOR-004-PIT,2026-01-01,purchase,MOR-004,Pittsburgh,11,611.7
SAL-2026-01-01-MOR-005-CHI,2026-01-01,sale,MOR-005,Chicago,12,806.99
PUR-2026-01-01-MOR-005-CHI,2026-01-01,purchase,MOR-005,Chicago,15,806.99
SAL-2026-01-01-MOR-005-HOU,2026-01-01,sale,MOR-005,Houston,10,806.99
PUR-2026-01-01-MOR-005-HOU,2026-01-01,purchase,MOR-005,Houston,11,806.99
SAL-2026-01-01-MOR-005-PIT,2026-01-01,sale,MOR-005,Pittsburgh,8,806.99
PUR-2026-01-01-MOR-005-PIT,2026-01-01,purchase,MOR-005,Pittsburgh,9,806.99
SAL-2026-01-01-INS-001-CHI,2026-01-01,sale,INS-001,Chicago,106,8.01
PUR-2026-01-01-INS-001-CHI,2026-01-01,purchase,INS-001,Chicago,109,8.01
SAL-2026-01-01-INS-001-HOU,2026-01-01,sale,INS-001,Houston,71,8.01
PUR-2026-01-01-INS-001-HOU,2026-01-01,purchase,INS-001,Houston,65,8.01
SAL-2026-01-01-INS-001-PIT,2026-01-01,sale,INS-001,Pittsburgh,64,8.01
PUR-2026-01-01-INS-001-PIT,2026-01-01,purchase,INS-001,Pittsburgh,64,8.01
SAL-2026-01-01-INS-002-CHI,2026-01-01,sale,INS-002,Chicago,87,15.77
PUR-2026-01-01-INS-002-CHI,2026-01-01,purchase,INS-002,Chicago,75,15.77
SAL-2026-01-01-INS-002-HOU,2026-01-01,sale,INS-002,Houston,89,15.77
PUR-2026-01-01-INS-002-HOU,2026-01-01,purchase,INS-002,Houston,65,15.77
SAL-2026-01-01-INS-002-PIT,2026-01-01,sale,INS-002,Pittsburgh,66,15.77
PUR-2026-01-01-INS-002-PIT,2026-01-01,purchase,INS-002,Pittsburgh,44,15.77
SAL-2026-01-01-INS-003-CHI,2026-01-01,sale,INS-003,Chicago,73,7.69
PUR-2026-01-01-INS-003-CHI,2026-01-01,purchase,INS-003,Chicago,60,7.69
SAL-2026-01-01-INS-003-HOU,2026-01-01,sale,INS-003,Houston,64,7.69
PUR-2026-01-01-INS-003-HOU,2026-01-01,purchase,INS-003,Houston,70,7.69
SAL-2026-01-01-INS-003-PIT,2026-01-01,sale,INS-003,Pittsburgh,40,7.69
PUR-2026-01-01-INS-003-PIT,2026-01-01,purchase,INS-003,Pittsburgh,48,7.69
SAL-2026-01-01-INS-004-CHI,2026-01-01,sale,INS-004,Chicago,97,18.22
PUR-2026-01-01-INS-004-CHI,2026-01-01,purchase,INS-004,Chicago,92,18.22
SAL-2026-01-01-INS-004-HOU,2026-01-01,sale,INS-004,Houston,74,18.22
PUR-2026-01-01-INS-004-HOU,2026-01-01,purchase,INS-004,Houston,70,18.22
SAL-2026-01-01-INS-004-PIT,2026-01-01,sale,INS-004,Pittsburgh,48,18.22
PUR-2026-01-01-INS-004-PIT,2026-01-01,purchase,INS-004,Pittsburgh,55,18.22
SAL-2026-01-01-INS-005-CHI,2026-01-01,sale,INS-005,Chicago,56,14.17
PUR-2026-01-01-INS-005-CHI,2026-01-01,purchase,INS-005,Chicago,62,14.17
SAL-2026-01-01-INS-005-HOU,2026-01-01,sale,INS-005,Houston,45,14.17
PUR-2026-01-01-INS-005-HOU,2026-01-01,purchase,INS-005,Houston,37,14.17
SAL-2026-01-01-INS-005-PIT,2026-01-01,sale,INS-005,Pittsburgh,26,14.17
PUR-2026-01-01-INS-005-PIT,2026-01-01,purchase,INS-005,Pittsburgh,27,14.17
SAL-2026-02-01-MCB-001-CHI,2026-02-01,sale,MCB-001,Chicago,165,11.82
PUR-2026-02-01-MCB-001-CHI,2026-02-01,purchase,MCB-001,Chicago,137,11.82
SAL-2026-02-01-MCB-001-HOU,2026-02-01,sale,MCB-001,Houston,130,11.82
PUR-2026-02-01-MCB-001-HOU,2026-02-01,purchase,MCB-001,Houston,137,11.82
SAL-2026-02-01-MCB-001-PIT,2026-02-01,sale,MCB-001,Pittsburgh,94,11.82
PUR-2026-02-01-MCB-001-PIT,2026-02-01,purchase,MCB-001,Pittsburgh,75,11.82
SAL-2026-02-01-MCB-002-CHI,2026-02-01,sale,MCB-002,Chicago,197,10.69
PUR-2026-02-01-MCB-002-CHI,2026-02-01,purchase,MCB-002,Chicago,255,10.69
SAL-2026-02-01-MCB-002-HOU,2026-02-01,sale,MCB-002,Houston,184,10.69
PUR-2026-02-01-MCB-002-HOU,2026-02-01,purchase,MCB-002,Houston,211,10.69
SAL-2026-02-01-MCB-002-PIT,2026-02-01,sale,MCB-002,Pittsburgh,121,10.69
PUR-2026-02-01-MCB-002-PIT,2026-02-01,purchase,MCB-002,Pittsburgh,131,10.69
SAL-2026-02-01-MCB-003-CHI,2026-02-01,sale,MCB-003,Chicago,173,10.72
PUR-2026-02-01-MCB-003-CHI,2026-02-01,purchase,MCB-003,Chicago,190,10.72
SAL-2026-02-01-MCB-003-HOU,2026-02-01,sale,MCB-003,Houston,109,10.72
PUR-2026-02-01-MCB-003-HOU,2026-02-01,purchase,MCB-003,Houston,98,10.72
SAL-2026-02-01-MCB-003-PIT,2026-02-01,sale,MCB-003,Pittsburgh,88,10.72
PUR-2026-02-01-MCB-003-PIT,2026-02-01,purchase,MCB-003,Pittsburgh,80,10.72
SAL-2026-02-01-MCB-004-CHI,2026-02-01,sale,MCB-004,Chicago,150,12.11
PUR-2026-02-01-MCB-004-CHI,2026-02-01,purchase,MCB-004,Chicago,163,12.11
SAL-2026-02-01-MCB-004-HOU,2026-02-01,sale,MCB-004,Houston,155,12.11
PUR-2026-02-01-MCB-004-HOU,2026-02-01,purchase,MCB-004,Houston,112,12.11
SAL-2026-02-01-MCB-004-PIT,2026-02-01,sale,MCB-004,Pittsburgh,103,12.11
PUR-2026-02-01-MCB-004-PIT,2026-02-01,purchase,MCB-004,Pittsburgh,126,12.11
SAL-2026-02-01-MCB-005-CHI,2026-02-01,sale,MCB-005,Chicago,161,12.46
PUR-2026-02-01-MCB-005-CHI,2026-02-01,purchase,MCB-005,Chicago,152,12.46
SAL-2026-02-01-MCB-005-HOU,2026-02-01,sale,MCB-005,Houston,160,12.46
PUR-2026-02-01-MCB-005-HOU,2026-02-01,purchase,MCB-005,Houston,165,12.46
SAL-2026-02-01-MCB-005-PIT,2026-02-01,sale,MCB-005,Pittsburgh,98,12.46
PUR-2026-02-01-MCB-005-PIT,2026-02-01,purchase,MCB-005,Pittsburgh,105,12.46
SAL-2026-02-01-HAB-001-CHI,2026-02-01,sale,HAB-001,Chicago,157,9.1
PUR-2026-02-01-HAB-001-CHI,2026-02-01,purchase,HAB-001,Chicago,217,9.1
SAL-2026-02-01-HAB-001-HOU,2026-02-01,sale,HAB-001,Houston,143,9.1
PUR-2026-02-01-HAB-001-HOU,2026-02-01,purchase,HAB-001,Houston,131,9.1
SAL-2026-02-01-HAB-001-PIT,2026-02-01,sale,HAB-001,Pittsburgh,91,9.1
PUR-2026-02-01-HAB-001-PIT,2026-02-01,purchase,HAB-001,Pittsburgh,93,9.1
SAL-2026-02-01-HAB-002-CHI,2026-02-01,sale,HAB-002,Chicago,134,8.92
PUR-2026-02-01-HAB-002-CHI,2026-02-01,purchase,HAB-002,Chicago,134,8.92
SAL-2026-02-01-HAB-002-HOU,2026-02-01,sale,HAB-002,Houston,102,8.92
PUR-2026-02-01-HAB-002-HOU,2026-02-01,purchase,HAB-002,Houston,102,8.92
SAL-2026-02-01-HAB-002-PIT,2026-02-01,sale,HAB-002,Pittsburgh,74,8.92
PUR-2026-02-01-HAB-002-PIT,2026-02-01,purchase,HAB-002,Pittsburgh,81,8.92
SAL-2026-02-01-HAB-003-CHI,2026-02-01,sale,HAB-003,Chicago,161,6.1
PUR-2026-02-01-HAB-003-CHI,2026-02-01,purchase,HAB-003,Chicago,129,6.1
SAL-2026-02-01-HAB-003-HOU,2026-02-01,sale,HAB-003,Houston,102,6.1
PUR-2026-02-01-HAB-003-HOU,2026-02-01,purchase,HAB-003,Houston,135,6.1
SAL-2026-02-01-HAB-003-PIT,2026-02-01,sale,HAB-003,Pittsburgh,83,6.1
PUR-2026-02-01-HAB-003-PIT,2026-02-01,purchase,HAB-003,Pittsburgh,100,6.1
SAL-2026-02-01-HAB-004-CHI,2026-02-01,sale,HAB-004,Chicago,143,8.31
PUR-2026-02-01-HAB-004-CHI,2026-02-01,purchase,HAB-004,Chicago,159,8.31
SAL-2026-02-01-HAB-004-HOU,2026-02-01,sale,HAB-004,Houston,103,8.31
PUR-2026-02-01-HAB-004-HOU,2026-02-01,purchase,HAB-004,Houston,114,8.31
SAL-2026-02-01-HAB-004-PIT,2026-02-01,sale,HAB-004,Pittsburgh,86,8.31
PUR-2026-02-01-HAB-004-PIT,2026-02-01,purchase,HAB-004,Pittsburgh,69,8.31
SAL-2026-02-01-HAB-005-CHI,2026-02-01,sale,HAB-005,Chicago,102,7.4
PUR-2026-02-01-HAB-005-CHI,2026-02-01,purchase,HAB-005,Chicago,92,7.4
SAL-2026-02-01-HAB-005-HOU,2026-02-01,sale,HAB-005,Houston,84,7.4
PUR-2026-02-01-HAB-005-HOU,2026-02-01,purchase,HAB-005,Houston,93,7.4
SAL-2026-02-01-HAB-005-PIT,2026-02-01,sale,HAB-005,Pittsburgh,68,7.4
PUR-2026-02-01-HAB-005-PIT,2026-02-01,purchase,HAB-005,Pittsburgh,48,7.4
SAL-2026-02-01-CAS-001-CHI,2026-02-01,sale,CAS-001,Chicago,32,1238.72
PUR-2026-02-01-CAS-001-CHI,2026-02-01,purchase,CAS-001,Chicago,27,1238.72
SAL-2026-02-01-CAS-001-HOU,2026-02-01,sale,CAS-001,Houston,27,1238.72
PUR-2026-02-01-CAS-001-HOU,2026-02-01,purchase,CAS-001,Houston,23,1238.72
SAL-2026-02-01-CAS-001-PIT,2026-02-01,sale,CAS-001,Pittsburgh,18,1238.72
PUR-2026-02-01-CAS-001-PIT,2026-02-01,purchase,CAS-001,Pittsburgh,17,1238.72
SAL-2026-02-01-CAS-002-CHI,2026-02-01,sale,CAS-002,Chicago,21,1129.98
PUR-2026-02-01-CAS-002-CHI,2026-02-01,purchase,CAS-002,Chicago,22,1129.98
SAL-2026-02-01-CAS-002-HOU,2026-02-01,sale,CAS-002,Houston,18,1129.98
PUR-2026-02-01-CAS-002-HOU,2026-02-01,purchase,CAS-002,Houston,17,1129.98
SAL-2026-02-01-CAS-002-PIT,2026-02-01,sale,CAS-002,Pittsburgh,17,1129.98
PUR-2026-02-01-CAS-002-PIT,2026-02-01,purchase,CAS-002,Pittsburgh,12,1129.98
SAL-2026-02-01-CAS-003-CHI,2026-02-01,sale,CAS-003,Chicago,21,1201.89
PUR-2026-02-01-CAS-003-CHI,2026-02-01,purchase,CAS-003,Chicago,17,1201.89
SAL-2026-02-01-CAS-003-HOU,2026-02-01,sale,CAS-003,Houston,14,1201.89
PUR-2026-02-01-CAS-003-HOU,2026-02-01,purchase,CAS-003,Houston,17,1201.89
SAL-2026-02-01-CAS-003-PIT,2026-02-01,sale,CAS-003,Pittsburgh,10,1201.89
PUR-2026-02-01-CAS-003-PIT,2026-02-01,purchase,CAS-003,Pittsburgh,13,1201.89
SAL-2026-02-01-CAS-004-CHI,2026-02-01,sale,CAS-004,Chicago,42,820.97
PUR-2026-02-01-CAS-004-CHI,2026-02-01,purchase,CAS-004,Chicago,41,820.97
SAL-2026-02-01-CAS-004-HOU,2026-02-01,sale,CAS-004,Houston,30,820.97
PUR-2026-02-01-CAS-004-HOU,2026-02-01,purchase,CAS-004,Houston,29,820.97
SAL-2026-02-01-CAS-004-PIT,2026-02-01,sale,CAS-004,Pittsburgh,24,820.97
PUR-2026-02-01-CAS-004-PIT,2026-02-01,purchase,CAS-004,Pittsburgh,21,820.97
SAL-2026-02-01-CAS-005-CHI,2026-02-01,sale,CAS-005,Chicago,18,1039.4
PUR-2026-02-01-CAS-005-CHI,2026-02-01,purchase,CAS-005,Chicago,22,1039.4
SAL-2026-02-01-CAS-005-HOU,2026-02-01,sale,CAS-005,Houston,16,1039.4
PUR-2026-02-01-CAS-005-HOU,2026-02-01,purchase,CAS-005,Houston,15,1039.4
SAL-2026-02-01-CAS-005-PIT,2026-02-01,sale,CAS-005,Pittsburgh,14,1039.4
PUR-2026-02-01-CAS-005-PIT,2026-02-01,purchase,CAS-005,Pittsburgh,13,1039.4
SAL-2026-02-01-SIB-001-CHI,2026-02-01,sale,SIB-001,Chicago,70,7.47
PUR-2026-02-01-SIB-001-CHI,2026-02-01,purchase,SIB-001,Chicago,91,7.47
SAL-2026-02-01-SIB-001-HOU,2026-02-01,sale,SIB-001,Houston,58,7.47
PUR-2026-02-01-SIB-001-HOU,2026-02-01,purchase,SIB-001,Houston,82,7.47
SAL-2026-02-01-SIB-001-PIT,2026-02-01,sale,SIB-001,Pittsburgh,46,7.47
PUR-2026-02-01-SIB-001-PIT,2026-02-01,purchase,SIB-001,Pittsburgh,62,7.47
SAL-2026-02-01-SIB-002-CHI,2026-02-01,sale,SIB-002,Chicago,165,6.57
PUR-2026-02-01-SIB-002-CHI,2026-02-01,purchase,SIB-002,Chicago,177,6.57
SAL-2026-02-01-SIB-002-HOU,2026-02-01,sale,SIB-002,Houston,94,6.57
PUR-2026-02-01-SIB-002-HOU,2026-02-01,purchase,SIB-002,Houston,134,6.57
SAL-2026-02-01-SIB-002-PIT,2026-02-01,sale,SIB-002,Pittsburgh,95,6.57
PUR-2026-02-01-SIB-002-PIT,2026-02-01,purchase,SIB-002,Pittsburgh,93,6.57
SAL-2026-02-01-SIB-003-CHI,2026-02-01,sale,SIB-003,Chicago,103,8.35
PUR-2026-02-01-SIB-003-CHI,2026-02-01,purchase,SIB-003,Chicago,115,8.35
SAL-2026-02-01-SIB-003-HOU,2026-02-01,sale,SIB-003,Houston,91,8.35
PUR-2026-02-01-SIB-003-HOU,2026-02-01,purchase,SIB-003,Houston,83,8.35
SAL-2026-02-01-SIB-003-PIT,2026-02-01,sale,SIB-003,Pittsburgh,68,8.35
PUR-2026-02-01-SIB-003-PIT,2026-02-01,purchase,SIB-003,Pittsburgh,47,8.35
SAL-2026-02-01-SIB-004-CHI,2026-02-01,sale,SIB-004,Chicago,162,7.16
PUR-2026-02-01-SIB-004-CHI,2026-02-01,purchase,SIB-004,Chicago,109,7.16
SAL-2026-02-01-SIB-004-HOU,2026-02-01,sale,SIB-004,Houston,125,7.16
PUR-2026-02-01-SIB-004-HOU,2026-02-01,purchase,SIB-004,Houston,130,7.16
SAL-2026-02-01-SIB-004-PIT,2026-02-01,sale,SIB-004,Pittsburgh,87,7.16
PUR-2026-02-01-SIB-004-PIT,2026-02-01,purchase,SIB-004,Pittsburgh,75,7.16
SAL-2026-02-01-SIB-005-CHI,2026-02-01,sale,SIB-005,Chicago,115,5.98
PUR-2026-02-01-SIB-005-CHI,2026-02-01,purchase,SIB-005,Chicago,135,5.98
SAL-2026-02-01-SIB-005-HOU,2026-02-01,sale,SIB-005,Houston,87,5.98
PUR-2026-02-01-SIB-005-HOU,2026-02-01,purchase,SIB-005,Houston,110,5.98
SAL-2026-02-01-SIB-005-PIT,2026-02-01,sale,SIB-005,Pittsburgh,64,5.98
PUR-2026-02-01-SIB-005-PIT,2026-02-01,purchase,SIB-005,Pittsburgh,62,5.98
SAL-2026-02-01-MOR-001-CHI,2026-02-01,sale,MOR-001,Chicago,13,815.21
PUR-2026-02-01-MOR-001-CHI,2026-02-01,purchase,MOR-001,Chicago,13,815.21
SAL-2026-02-01-MOR-001-HOU,2026-02-01,sale,MOR-001,Houston,9,815.21
PUR-2026-02-01-MOR-001-HOU,2026-02-01,purchase,MOR-001,Houston,10,815.21
SAL-2026-02-01-MOR-001-PIT,2026-02-01,sale,MOR-001,Pittsburgh,8,815.21
PUR-2026-02-01-MOR-001-PIT,2026-02-01,purchase,MOR-001,Pittsburgh,10,815.21
SAL-2026-02-01-MOR-002-CHI,2026-02-01,sale,MOR-002,Chicago,28,836.57
PUR-2026-02-01-MOR-002-CHI,2026-02-01,purchase,MOR-002,Chicago,24,836.57
SAL-2026-02-01-MOR-002-HOU,2026-02-01,sale,MOR-002,Houston,26,836.57
PUR-2026-02-01-MOR-002-HOU,2026-02-01,purchase,MOR-002,Houston,30,836.57
SAL-2026-02-01-MOR-002-PIT,2026-02-01,sale,MOR-002,Pittsburgh,21,836.57
PUR-2026-02-01-MOR-002-PIT,2026-02-01,purchase,MOR-002,Pittsburgh,23,836.57
SAL-2026-02-01-MOR-003-CHI,2026-02-01,sale,MOR-003,Chicago,25,549.69
PUR-2026-02-01-MOR-003-CHI,2026-02-01,purchase,MOR-003,Chicago,23,549.69
SAL-2026-02-01-MOR-003-HOU,2026-02-01,sale,MOR-003,Houston,20,549.69
PUR-2026-02-01-MOR-003-HOU,2026-02-01,purchase,MOR-003,Houston,22,549.69
SAL-2026-02-01-MOR-003-PIT,2026-02-01,sale,MOR-003,Pittsburgh,15,549.69
PUR-2026-02-01-MOR-003-PIT,2026-02-01,purchase,MOR-003,Pittsburgh,12,549.69
SAL-2026-02-01-MOR-004-CHI,2026-02-01,sale,MOR-004,Chicago,18,611.7
PUR-2026-02-01-MOR-004-CHI,2026-02-01,purchase,MOR-004,Chicago,18,611.7
SAL-2026-02-01-MOR-004-HOU,2026-02-01,sale,MOR-004,Houston,14,611.7
PUR-2026-02-01-MOR-004-HOU,2026-02-01,purchase,MOR-004,Houston,12,611.7
SAL-2026-02-01-MOR-004-PIT,2026-02-01,sale,MOR-004,Pittsburgh,11,611.7
PUR-2026-02-01-MOR-004-PIT,2026-02-01,purchase,MOR-004,Pittsburgh,12,611.7
SAL-2026-02-01-MOR-005-CHI,2026-02-01,sale,MOR-005,Chicago,12,806.99
PUR-2026-02-01-MOR-005-CHI,2026-02-01,purchase,MOR-005,Chicago,11,806.99
SAL-2026-02-01-MOR-005-HOU,2026-02-01,sale,MOR-005,Houston,11,806.99
PUR-2026-02-01-MOR-005-HOU,2026-02-01,purchase,MOR-005,Houston,10,806.99
SAL-2026-02-01-MOR-005-PIT,2026-02-01,sale,MOR-005,Pittsburgh,8,806.99
PUR-2026-02-01-MOR-005-PIT,2026-02-01,purchase,MOR-005,Pittsburgh,7,806.99
SAL-2026-02-01-INS-001-CHI,2026-02-01,sale,INS-001,Chicago,104,8.01
PUR-2026-02-01-INS-001-CHI,2026-02-01,purchase,INS-001,Chicago,124,8.01
SAL-2026-02-01-INS-001-HOU,2026-02-01,sale,INS-001,Houston,71,8.01
PUR-2026-02-01-INS-001-HOU,2026-02-01,purchase,INS-001,Houston,97,8.01
SAL-2026-02-01-INS-001-PIT,2026-02-01,sale,INS-001,Pittsburgh,69,8.01
PUR-2026-02-01-INS-001-PIT,2026-02-01,purchase,INS-001,Pittsburgh,64,8.01
SAL-2026-02-01-INS-002-CHI,2026-02-01,sale,INS-002,Chicago,97,15.77
PUR-2026-02-01-INS-002-CHI,2026-02-01,purchase,INS-002,Chicago,80,15.77
SAL-2026-02-01-INS-002-HOU,2026-02-01,sale,INS-002,Houston,86,15.77
PUR-2026-02-01-INS-002-HOU,2026-02-01,purchase,INS-002,Houston,87,15.77
SAL-2026-02-01-INS-002-PIT,2026-02-01,sale,INS-002,Pittsburgh,62,15.77
PUR-2026-02-01-INS-002-PIT,2026-02-01,purchase,INS-002,Pittsburgh,54,15.77
SAL-2026-02-01-INS-003-CHI,2026-02-01,sale,INS-003,Chicago,93,7.69
PUR-2026-02-01-INS-003-CHI,2026-02-01,purchase,INS-003,Chicago,104,7.69
SAL-2026-02-01-INS-003-HOU,2026-02-01,sale,INS-003,Houston,62,7.69
PUR-2026-02-01-INS-003-HOU,2026-02-01,purchase,INS-003,Houston,60,7.69
SAL-2026-02-01-INS-003-PIT,2026-02-01,sale,INS-003,Pittsburgh,41,7.69
PUR-2026-02-01-INS-003-PIT,2026-02-01,purchase,INS-003,Pittsburgh,60,7.69
SAL-2026-02-01-INS-004-CHI,2026-02-01,sale,INS-004,Chicago,80,18.22
PUR-2026-02-01-INS-004-CHI,2026-02-01,purchase,INS-004,Chicago,78,18.22
SAL-2026-02-01-INS-004-HOU,2026-02-01,sale,INS-004,Houston,70,18.22
PUR-2026-02-01-INS-004-HOU,2026-02-01,purchase,INS-004,Houston,81,18.22
SAL-2026-02-01-INS-004-PIT,2026-02-01,sale,INS-004,Pittsburgh,61,18.22
PUR-2026-02-01-INS-004-PIT,2026-02-01,purchase,INS-004,Pittsburgh,51,18.22
SAL-2026-02-01-INS-005-CHI,2026-02-01,sale,INS-005,Chicago,55,14.17
PUR-2026-02-01-INS-005-CHI,2026-02-01,purchase,INS-005,Chicago,63,14.17
SAL-2026-02-01-INS-005-HOU,2026-02-01,sale,INS-005,Houston,42,14.17
PUR-2026-02-01-INS-005-HOU,2026-02-01,purchase,INS-005,Houston,43,14.17
SAL-2026-02-01-INS-005-PIT,2026-02-01,sale,INS-005,Pittsburgh,31,14.17
PUR-2026-02-01-INS-005-PIT,2026-02-01,purchase,INS-005,Pittsburgh,28,14.17
SAL-2026-03-01-MCB-001-CHI,2026-03-01,sale,MCB-001,Chicago,199,11.82
PUR-2026-03-01-MCB-001-CHI,2026-03-01,purchase,MCB-001,Chicago,197,11.82
SAL-2026-03-01-MCB-001-HOU,2026-03-01,sale,MCB-001,Houston,136,11.82
PUR-2026-03-01-MCB-001-HOU,2026-03-01,purchase,MCB-001,Houston,153,11.82
SAL-2026-03-01-MCB-001-PIT,2026-03-01,sale,MCB-001,Pittsburgh,121,11.82
PUR-2026-03-01-MCB-001-PIT,2026-03-01,purchase,MCB-001,Pittsburgh,87,11.82
SAL-2026-03-01-MCB-002-CHI,2026-03-01,sale,MCB-002,Chicago,223,10.69
PUR-2026-03-01-MCB-002-CHI,2026-03-01,purchase,MCB-002,Chicago,225,10.69
SAL-2026-03-01-MCB-002-HOU,2026-03-01,sale,MCB-002,Houston,157,10.69
PUR-2026-03-01-MCB-002-HOU,2026-03-01,purchase,MCB-002,Houston,149,10.69
SAL-2026-03-01-MCB-002-PIT,2026-03-01,sale,MCB-002,Pittsburgh,136,10.69
PUR-2026-03-01-MCB-002-PIT,2026-03-01,purchase,MCB-002,Pittsburgh,179,10.69
SAL-2026-03-01-MCB-003-CHI,2026-03-01,sale,MCB-003,Chicago,156,10.72
PUR-2026-03-01-MCB-003-CHI,2026-03-01,purchase,MCB-003,Chicago,169,10.72
SAL-2026-03-01-MCB-003-HOU,2026-03-01,sale,MCB-003,Houston,146,10.72
PUR-2026-03-01-MCB-003-HOU,2026-03-01,purchase,MCB-003,Houston,103,10.72
SAL-2026-03-01-MCB-003-PIT,2026-03-01,sale,MCB-003,Pittsburgh,113,10.72
PUR-2026-03-01-MCB-003-PIT,2026-03-01,purchase,MCB-003,Pittsburgh,80,10.72
SAL-2026-03-01-MCB-004-CHI,2026-03-01,sale,MCB-004,Chicago,198,12.11
PUR-2026-03-01-MCB-004-CHI,2026-03-01,purchase,MCB-004,Chicago,224,12.11
SAL-2026-03-01-MCB-004-HOU,2026-03-01,sale,MCB-004,Houston,132,12.11
PUR-2026-03-01-MCB-004-HOU,2026-03-01,purchase,MCB-004,Houston,140,12.11
SAL-2026-03-01-MCB-004-PIT,2026-03-01,sale,MCB-004,Pittsburgh,116,12.11
PUR-2026-03-01-MCB-004-PIT,2026-03-01,purchase,MCB-004,Pittsburgh,102,12.11
SAL-2026-03-01-MCB-005-CHI,2026-03-01,sale,MCB-005,Chicago,188,12.46
PUR-2026-03-01-MCB-005-CHI,2026-03-01,purchase,MCB-005,Chicago,185,12.46
SAL-2026-03-01-MCB-005-HOU,2026-03-01,sale,MCB-005,Houston,129,12.46
PUR-2026-03-01-MCB-005-HOU,2026-03-01,purchase,MCB-005,Houston,154,12.46
SAL-2026-03-01-MCB-005-PIT,2026-03-01,sale,MCB-005,Pittsburgh,105,12.46
PUR-2026-03-01-MCB-005-PIT,2026-03-01,purchase,MCB-005,Pittsburgh,136,12.46
SAL-2026-03-01-HAB-001-CHI,2026-03-01,sale,HAB-001,Chicago,158,9.1
PUR-2026-03-01-HAB-001-CHI,2026-03-01,purchase,HAB-001,Chicago,167,9.1
SAL-2026-03-01-HAB-001-HOU,2026-03-01,sale,HAB-001,Houston,127,9.1
PUR-2026-03-01-HAB-001-HOU,2026-03-01,purchase,HAB-001,Houston,131,9.1
SAL-2026-03-01-HAB-001-PIT,2026-03-01,sale,HAB-001,Pittsburgh,96,9.1
PUR-2026-03-01-HAB-001-PIT,2026-03-01,purchase,HAB-001,Pittsburgh,114,9.1
SAL-2026-03-01-HAB-002-CHI,2026-03-01,sale,HAB-002,Chicago,118,8.92
PUR-2026-03-01-HAB-002-CHI,2026-03-01,purchase,HAB-002,Chicago,109,8.92
SAL-2026-03-01-HAB-002-HOU,2026-03-01,sale,HAB-002,Houston,107,8.92
PUR-2026-03-01-HAB-002-HOU,2026-03-01,purchase,HAB-002,Houston,95,8.92
SAL-2026-03-01-HAB-002-PIT,2026-03-01,sale,HAB-002,Pittsburgh,67,8.92
PUR-2026-03-01-HAB-002-PIT,2026-03-01,purchase,HAB-002,Pittsburgh,72,8.92
SAL-2026-03-01-HAB-003-CHI,2026-03-01,sale,HAB-003,Chicago,137,6.1
PUR-2026-03-01-HAB-003-CHI,2026-03-01,purchase,HAB-003,Chicago,187,6.1
SAL-2026-03-01-HAB-003-HOU,2026-03-01,sale,HAB-003,Houston,117,6.1
PUR-2026-03-01-HAB-003-HOU,2026-03-01,purchase,HAB-003,Houston,149,6.1
SAL-2026-03-01-HAB-003-PIT,2026-03-01,sale,HAB-003,Pittsburgh,104,6.1
PUR-2026-03-01-HAB-003-PIT,2026-03-01,purchase,HAB-003,Pittsburgh,76,6.1
SAL-2026-03-01-HAB-004-CHI,2026-03-01,sale,HAB-004,Chicago,127,8.31
PUR-2026-03-01-HAB-004-CHI,2026-03-01,purchase,HAB-004,Chicago,148,8.31
SAL-2026-03-01-HAB-004-HOU,2026-03-01,sale,HAB-004,Houston,108,8.31
PUR-2026-03-01-HAB-004-HOU,2026-03-01,purchase,HAB-004,Houston,103,8.31
SAL-2026-03-01-HAB-004-PIT,2026-03-01,sale,HAB-004,Pittsburgh,77,8.31
PUR-2026-03-01-HAB-004-PIT,2026-03-01,purchase,HAB-004,Pittsburgh,68,8.31
SAL-2026-03-01-HAB-005-CHI,2026-03-01,sale,HAB-005,Chicago,91,7.4
PUR-2026-03-01-HAB-005-CHI,2026-03-01,purchase,HAB-005,Chicago,126,7.4
SAL-2026-03-01-HAB-005-HOU,2026-03-01,sale,HAB-005,Houston,100,7.4
PUR-2026-03-01-HAB-005-HOU,2026-03-01,purchase,HAB-005,Houston,99,7.4
SAL-2026-03-01-HAB-005-PIT,2026-03-01,sale,HAB-005,Pittsburgh,73,7.4
PUR-2026-03-01-HAB-005-PIT,2026-03-01,purchase,HAB-005,Pittsburgh,52,7.4
SAL-2026-03-01-CAS-001-CHI,2026-03-01,sale,CAS-001,Chicago,31,1238.72
PUR-2026-03-01-CAS-001-CHI,2026-03-01,purchase,CAS-001,Chicago,29,1238.72
SAL-2026-03-01-CAS-001-HOU,2026-03-01,sale,CAS-001,Houston,22,1238.72
PUR-2026-03-01-CAS-001-HOU,2026-03-01,purchase,CAS-001,Houston,25,1238.72
SAL-2026-03-01-CAS-001-PIT,2026-03-01,sale,CAS-001,Pittsburgh,16,1238.72
PUR-2026-03-01-CAS-001-PIT,2026-03-01,purchase,CAS-001,Pittsburgh,19,1238.72
SAL-2026-03-01-CAS-002-CHI,2026-03-01,sale,CAS-002,Chicago,31,1129.98
PUR-2026-03-01-CAS-002-CHI,2026-03-01,purchase,CAS-002,Chicago,21,1129.98
SAL-2026-03-01-CAS-002-HOU,2026-03-01,sale,CAS-002,Houston,24,1129.98
PUR-2026-03-01-CAS-002-HOU,2026-03-01,purchase,CAS-002,Houston,25,1129.98
SAL-2026-03-01-CAS-002-PIT,2026-03-01,sale,CAS-002,Pittsburgh,17,1129.98
PUR-2026-03-01-CAS-002-PIT,2026-03-01,purchase,CAS-002,Pittsburgh,13,1129.98
SAL-2026-03-01-CAS-003-CHI,2026-03-01,sale,CAS-003,Chicago,23,1201.89
PUR-2026-03-01-CAS-003-CHI,2026-03-01,purchase,CAS-003,Chicago,22,1201.89
SAL-2026-03-01-CAS-003-HOU,2026-03-01,sale,CAS-003,Houston,18,1201.89
PUR-2026-03-01-CAS-003-HOU,2026-03-01,purchase,CAS-003,Houston,15,1201.89
SAL-2026-03-01-CAS-003-PIT,2026-03-01,sale,CAS-003,Pittsburgh,12,1201.89
PUR-2026-03-01-CAS-003-PIT,2026-03-01,purchase,CAS-003,Pittsburgh,10,1201.89
SAL-2026-03-01-CAS-004-CHI,2026-03-01,sale,CAS-004,Chicago,35,820.97
PUR-2026-03-01-CAS-004-CHI,2026-03-01,purchase,CAS-004,Chicago,38,820.97
SAL-2026-03-01-CAS-004-HOU,2026-03-01,sale,CAS-004,Houston,29,820.97
PUR-2026-03-01-CAS-004-HOU,2026-03-01,purchase,CAS-004,Houston,36,820.97
SAL-2026-03-01-CAS-004-PIT,2026-03-01,sale,CAS-004,Pittsburgh,20,820.97
PUR-2026-03-01-CAS-004-PIT,2026-03-01,purchase,CAS-004,Pittsburgh,28,820.97
SAL-2026-03-01-CAS-005-CHI,2026-03-01,sale,CAS-005,Chicago,26,1039.4
PUR-2026-03-01-CAS-005-CHI,2026-03-01,purchase,CAS-005,Chicago,24,1039.4
SAL-2026-03-01-CAS-005-HOU,2026-03-01,sale,CAS-005,Houston,19,1039.4
PUR-2026-03-01-CAS-005-HOU,2026-03-01,purchase,CAS-005,Houston,16,1039.4
SAL-2026-03-01-CAS-005-PIT,2026-03-01,sale,CAS-005,Pittsburgh,13,1039.4
PUR-2026-03-01-CAS-005-PIT,2026-03-01,purchase,CAS-005,Pittsburgh,12,1039.4
SAL-2026-03-01-SIB-001-CHI,2026-03-01,sale,SIB-001,Chicago,88,7.47
PUR-2026-03-01-SIB-001-CHI,2026-03-01,purchase,SIB-001,Chicago,80,7.47
SAL-2026-03-01-SIB-001-HOU,2026-03-01,sale,SIB-001,Houston,79,7.47
PUR-2026-03-01-SIB-001-HOU,2026-03-01,purchase,SIB-001,Houston,55,7.47
SAL-2026-03-01-SIB-001-PIT,2026-03-01,sale,SIB-001,Pittsburgh,49,7.47
PUR-2026-03-01-SIB-001-PIT,2026-03-01,purchase,SIB-001,Pittsburgh,49,7.47
SAL-2026-03-01-SIB-002-CHI,2026-03-01,sale,SIB-002,Chicago,174,6.57
PUR-2026-03-01-SIB-002-CHI,2026-03-01,purchase,SIB-002,Chicago,139,6.57
SAL-2026-03-01-SIB-002-HOU,2026-03-01,sale,SIB-002,Houston,138,6.57
PUR-2026-03-01-SIB-002-HOU,2026-03-01,purchase,SIB-002,Houston,99,6.57
SAL-2026-03-01-SIB-002-PIT,2026-03-01,sale,SIB-002,Pittsburgh,84,6.57
PUR-2026-03-01-SIB-002-PIT,2026-03-01,purchase,SIB-002,Pittsburgh,82,6.57
SAL-2026-03-01-SIB-003-CHI,2026-03-01,sale,SIB-003,Chicago,123,8.35
PUR-2026-03-01-SIB-003-CHI,2026-03-01,purchase,SIB-003,Chicago,100,8.35
SAL-2026-03-01-SIB-003-HOU,2026-03-01,sale,SIB-003,Houston,97,8.35
PUR-2026-03-01-SIB-003-HOU,2026-03-01,purchase,SIB-003,Houston,85,8.35
SAL-2026-03-01-SIB-003-PIT,2026-03-01,sale,SIB-003,Pittsburgh,73,8.35
PUR-2026-03-01-SIB-003-PIT,2026-03-01,purchase,SIB-003,Pittsburgh,51,8.35
SAL-2026-03-01-SIB-004-CHI,2026-03-01,sale,SIB-004,Chicago,158,7.16
PUR-2026-03-01-SIB-004-CHI,2026-03-01,purchase,SIB-004,Chicago,115,7.16
SAL-2026-03-01-SIB-004-HOU,2026-03-01,sale,SIB-004,Houston,130,7.16
PUR-2026-03-01-SIB-004-HOU,2026-03-01,purchase,SIB-004,Houston,92,7.16
SAL-2026-03-01-SIB-004-PIT,2026-03-01,sale,SIB-004,Pittsburgh,90,7.16
PUR-2026-03-01-SIB-004-PIT,2026-03-01,purchase,SIB-004,Pittsburgh,103,7.16
SAL-2026-03-01-SIB-005-CHI,2026-03-01,sale,SIB-005,Chicago,134,5.98
PUR-2026-03-01-SIB-005-CHI,2026-03-01,purchase,SIB-005,Chicago,157,5.98
SAL-2026-03-01-SIB-005-HOU,2026-03-01,sale,SIB-005,Houston,91,5.98
PUR-2026-03-01-SIB-005-HOU,2026-03-01,purchase,SIB-005,Houston,119,5.98
SAL-2026-03-01-SIB-005-PIT,2026-03-01,sale,SIB-005,Pittsburgh,70,5.98
PUR-2026-03-01-SIB-005-PIT,2026-03-01,purchase,SIB-005,Pittsburgh,88,5.98
SAL-2026-03-01-MOR-001-CHI,2026-03-01,sale,MOR-001,Chicago,14,815.21
PUR-2026-03-01-MOR-001-CHI,2026-03-01,purchase,MOR-001,Chicago,15,815.21
SAL-2026-03-01-MOR-001-HOU,2026-03-01,sale,MOR-001,Houston,14,815.21
PUR-2026-03-01-MOR-001-HOU,2026-03-01,purchase,MOR-001,Houston,13,815.21
SAL-2026-03-01-MOR-001-PIT,2026-03-01,sale,MOR-001,Pittsburgh,8,815.21
PUR-2026-03-01-MOR-001-PIT,2026-03-01,purchase,MOR-001,Pittsburgh,11,815.21
SAL-2026-03-01-MOR-002-CHI,2026-03-01,sale,MOR-002,Chicago,29,836.57
PUR-2026-03-01-MOR-002-CHI,2026-03-01,purchase,MOR-002,Chicago,40,836.57
SAL-2026-03-01-MOR-002-HOU,2026-03-01,sale,MOR-002,Houston,30,836.57
PUR-2026-03-01-MOR-002-HOU,2026-03-01,purchase,MOR-002,Houston,32,836.57
SAL-2026-03-01-MOR-002-PIT,2026-03-01,sale,MOR-002,Pittsburgh,21,836.57
PUR-2026-03-01-MOR-002-PIT,2026-03-01,purchase,MOR-002,Pittsburgh,17,836.57
SAL-2026-03-01-MOR-003-CHI,2026-03-01,sale,MOR-003,Chicago,24,549.69
PUR-2026-03-01-MOR-003-CHI,2026-03-01,purchase,MOR-003,Chicago,22,549.69
SAL-2026-03-01-MOR-003-HOU,2026-03-01,sale,MOR-003,Houston,24,549.69
PUR-2026-03-01-MOR-003-HOU,2026-03-01,purchase,MOR-003,Houston,23,549.69
SAL-2026-03-01-MOR-003-PIT,2026-03-01,sale,MOR-003,Pittsburgh,13,549.69
PUR-2026-03-01-MOR-003-PIT,2026-03-01,purchase,MOR-003,Pittsburgh,19,549.69
SAL-2026-03-01-MOR-004-CHI,2026-03-01,sale,MOR-004,Chicago,16,611.7
PUR-2026-03-01-MOR-004-CHI,2026-03-01,purchase,MOR-004,Chicago,20,611.7
SAL-2026-03-01-MOR-004-HOU,2026-03-01,sale,MOR-004,Houston,14,611.7
PUR-2026-03-01-MOR-004-HOU,2026-03-01,purchase,MOR-004,Houston,15,611.7
SAL-2026-03-01-MOR-004-PIT,2026-03-01,sale,MOR-004,Pittsburgh,12,611.7
PUR-2026-03-01-MOR-004-PIT,2026-03-01,purchase,MOR-004,Pittsburgh,12,611.7
SAL-2026-03-01-MOR-005-CHI,2026-03-01,sale,MOR-005,Chicago,16,806.99
PUR-2026-03-01-MOR-005-CHI,2026-03-01,purchase,MOR-005,Chicago,13,806.99
SAL-2026-03-01-MOR-005-HOU,2026-03-01,sale,MOR-005,Houston,9,806.99
PUR-2026-03-01-MOR-005-HOU,2026-03-01,purchase,MOR-005,Houston,11,806.99
SAL-2026-03-01-MOR-005-PIT,2026-03-01,sale,MOR-005,Pittsburgh,8,806.99
PUR-2026-03-01-MOR-005-PIT,2026-03-01,purchase,MOR-005,Pittsburgh,9,806.99
SAL-2026-03-01-INS-001-CHI,2026-03-01,sale,INS-001,Chicago,107,8.01
PUR-2026-03-01-INS-001-CHI,2026-03-01,purchase,INS-001,Chicago,96,8.01
SAL-2026-03-01-INS-001-HOU,2026-03-01,sale,INS-001,Houston,75,8.01
PUR-2026-03-01-INS-001-HOU,2026-03-01,purchase,INS-001,Houston,66,8.01
SAL-2026-03-01-INS-001-PIT,2026-03-01,sale,INS-001,Pittsburgh,57,8.01
PUR-2026-03-01-INS-001-PIT,2026-03-01,purchase,INS-001,Pittsburgh,79,8.01
SAL-2026-03-01-INS-002-CHI,2026-03-01,sale,INS-002,Chicago,127,15.77
PUR-2026-03-01-INS-002-CHI,2026-03-01,purchase,INS-002,Chicago,110,15.77
SAL-2026-03-01-INS-002-HOU,2026-03-01,sale,INS-002,Houston,94,15.77
PUR-2026-03-01-INS-002-HOU,2026-03-01,purchase,INS-002,Houston,71,15.77
SAL-2026-03-01-INS-002-PIT,2026-03-01,sale,INS-002,Pittsburgh,77,15.77
PUR-2026-03-01-INS-002-PIT,2026-03-01,purchase,INS-002,Pittsburgh,79,15.77
SAL-2026-03-01-INS-003-CHI,2026-03-01,sale,INS-003,Chicago,105,7.69
PUR-2026-03-01-INS-003-CHI,2026-03-01,purchase,INS-003,Chicago,110,7.69
SAL-2026-03-01-INS-003-HOU,2026-03-01,sale,INS-003,Houston,74,7.69
PUR-2026-03-01-INS-003-HOU,2026-03-01,purchase,INS-003,Houston,75,7.69
SAL-2026-03-01-INS-003-PIT,2026-03-01,sale,INS-003,Pittsburgh,46,7.69
PUR-2026-03-01-INS-003-PIT,2026-03-01,purchase,INS-003,Pittsburgh,53,7.69
SAL-2026-03-01-INS-004-CHI,2026-03-01,sale,INS-004,Chicago,88,18.22
PUR-2026-03-01-INS-004-CHI,2026-03-01,purchase,INS-004,Chicago,94,18.22
SAL-2026-03-01-INS-004-HOU,2026-03-01,sale,INS-004,Houston,71,18.22
PUR-2026-03-01-INS-004-HOU,2026-03-01,purchase,INS-004,Houston,83,18.22
SAL-2026-03-01-INS-004-PIT,2026-03-01,sale,INS-004,Pittsburgh,49,18.22
PUR-2026-03-01-INS-004-PIT,2026-03-01,purchase,INS-004,Pittsburgh,66,18.22
SAL-2026-03-01-INS-005-CHI,2026-03-01,sale,INS-005,Chicago,66,14.17
PUR-2026-03-01-INS-005-CHI,2026-03-01,purchase,INS-005,Chicago,70,14.17
SAL-2026-03-01-INS-005-HOU,2026-03-01,sale,INS-005,Houston,46,14.17
PUR-2026-03-01-INS-005-HOU,2026-03-01,purchase,INS-005,Houston,43,14.17
SAL-2026-03-01-INS-005-PIT,2026-03-01,sale,INS-005,Pittsburgh,39,14.17
PUR-2026-03-01-INS-005-PIT,2026-03-01,purchase,INS-005,Pittsburgh,28,14.17
SAL-2026-04-01-MCB-001-CHI,2026-04-01,sale,MCB-001,Chicago,196,11.82
PUR-2026-04-01-MCB-001-CHI,2026-04-01,purchase,MCB-001,Chicago,218,11.82
SAL-2026-04-01-MCB-001-HOU,2026-04-01,sale,MCB-001,Houston,143,11.82
PUR-2026-04-01-MCB-001-HOU,2026-04-01,purchase,MCB-001,Houston,123,11.82
SAL-2026-04-01-MCB-001-PIT,2026-04-01,sale,MCB-001,Pittsburgh,88,11.82
PUR-2026-04-01-MCB-001-PIT,2026-04-01,purchase,MCB-001,Pittsburgh,127,11.82
SAL-2026-04-01-MCB-002-CHI,2026-04-01,sale,MCB-002,Chicago,286,10.69
PUR-2026-04-01-MCB-002-CHI,2026-04-01,purchase,MCB-002,Chicago,247,10.69
SAL-2026-04-01-MCB-002-HOU,2026-04-01,sale,MCB-002,Houston,203,10.69
PUR-2026-04-01-MCB-002-HOU,2026-04-01,purchase,MCB-002,Houston,198,10.69
SAL-2026-04-01-MCB-002-PIT,2026-04-01,sale,MCB-002,Pittsburgh,129,10.69
PUR-2026-04-01-MCB-002-PIT,2026-04-01,purchase,MCB-002,Pittsburgh,127,10.69
SAL-2026-04-01-MCB-003-CHI,2026-04-01,sale,MCB-003,Chicago,141,10.72
PUR-2026-04-01-MCB-003-CHI,2026-04-01,purchase,MCB-003,Chicago,191,10.72
SAL-2026-04-01-MCB-003-HOU,2026-04-01,sale,MCB-003,Houston,122,10.72
PUR-2026-04-01-MCB-003-HOU,2026-04-01,purchase,MCB-003,Houston,141,10.72
SAL-2026-04-01-MCB-003-PIT,2026-04-01,sale,MCB-003,Pittsburgh,93,10.72
PUR-2026-04-01-MCB-003-PIT,2026-04-01,purchase,MCB-003,Pittsburgh,105,10.72
SAL-2026-04-01-MCB-004-CHI,2026-04-01,sale,MCB-004,Chicago,191,12.11
PUR-2026-04-01-MCB-004-CHI,2026-04-01,purchase,MCB-004,Chicago,194,12.11
SAL-2026-04-01-MCB-004-HOU,2026-04-01,sale,MCB-004,Houston,158,12.11
PUR-2026-04-01-MCB-004-HOU,2026-04-01,purchase,MCB-004,Houston,151,12.11
SAL-2026-04-01-MCB-004-PIT,2026-04-01,sale,MCB-004,Pittsburgh,129,12.11
PUR-2026-04-01-MCB-004-PIT,2026-04-01,purchase,MCB-004,Pittsburgh,127,12.11
SAL-2026-04-01-MCB-005-CHI,2026-04-01,sale,MCB-005,Chicago,217,12.46
PUR-2026-04-01-MCB-005-CHI,2026-04-01,purchase,MCB-005,Chicago,200,12.46
SAL-2026-04-01-MCB-005-HOU,2026-04-01,sale,MCB-005,Houston,173,12.46
PUR-2026-04-01-MCB-005-HOU,2026-04-01,purchase,MCB-005,Houston,144,12.46
SAL-2026-04-01-MCB-005-PIT,2026-04-01,sale,MCB-005,Pittsburgh,124,12.46
PUR-2026-04-01-MCB-005-PIT,2026-04-01,purchase,MCB-005,Pittsburgh,122,12.46
SAL-2026-04-01-HAB-001-CHI,2026-04-01,sale,HAB-001,Chicago,162,9.1
PUR-2026-04-01-HAB-001-CHI,2026-04-01,purchase,HAB-001,Chicago,207,9.1
SAL-2026-04-01-HAB-001-HOU,2026-04-01,sale,HAB-001,Houston,133,9.1
PUR-2026-04-01-HAB-001-HOU,2026-04-01,purchase,HAB-001,Houston,123,9.1
SAL-2026-04-01-HAB-001-PIT,2026-04-01,sale,HAB-001,Pittsburgh,101,9.1
PUR-2026-04-01-HAB-001-PIT,2026-04-01,purchase,HAB-001,Pittsburgh,95,9.1
SAL-2026-04-01-HAB-002-CHI,2026-04-01,sale,HAB-002,Chicago,125,8.92
PUR-2026-04-01-HAB-002-CHI,2026-04-01,purchase,HAB-002,Chicago,108,8.92
SAL-2026-04-01-HAB-002-HOU,2026-04-01,sale,HAB-002,Houston,81,8.92
PUR-2026-04-01-HAB-002-HOU,2026-04-01,purchase,HAB-002,Houston,113,8.92
SAL-2026-04-01-HAB-002-PIT,2026-04-01,sale,HAB-002,Pittsburgh,86,8.92
PUR-2026-04-01-HAB-002-PIT,2026-04-01,purchase,HAB-002,Pittsburgh,82,8.92
SAL-2026-04-01-HAB-003-CHI,2026-04-01,sale,HAB-003,Chicago,177,6.1
PUR-2026-04-01-HAB-003-CHI,2026-04-01,purchase,HAB-003,Chicago,145,6.1
SAL-2026-04-01-HAB-003-HOU,2026-04-01,sale,HAB-003,Houston,131,6.1
PUR-2026-04-01-HAB-003-HOU,2026-04-01,purchase,HAB-003,Houston,137,6.1
SAL-2026-04-01-HAB-003-PIT,2026-04-01,sale,HAB-003,Pittsburgh,96,6.1
PUR-2026-04-01-HAB-003-PIT,2026-04-01,purchase,HAB-003,Pittsburgh,101,6.1
SAL-2026-04-01-HAB-004-CHI,2026-04-01,sale,HAB-004,Chicago,147,8.31
PUR-2026-04-01-HAB-004-CHI,2026-04-01,purchase,HAB-004,Chicago,132,8.31
SAL-2026-04-01-HAB-004-HOU,2026-04-01,sale,HAB-004,Houston,121,8.31
PUR-2026-04-01-HAB-004-HOU,2026-04-01,purchase,HAB-004,Houston,109,8.31
SAL-2026-04-01-HAB-004-PIT,2026-04-01,sale,HAB-004,Pittsburgh,93,8.31
PUR-2026-04-01-HAB-004-PIT,2026-04-01,purchase,HAB-004,Pittsburgh,66,8.31
SAL-2026-04-01-HAB-005-CHI,2026-04-01,sale,HAB-005,Chicago,96,7.4
PUR-2026-04-01-HAB-005-CHI,2026-04-01,purchase,HAB-005,Chicago,121,7.4
SAL-2026-04-01-HAB-005-HOU,2026-04-01,sale,HAB-005,Houston,83,7.4
PUR-2026-04-01-HAB-005-HOU,2026-04-01,purchase,HAB-005,Houston,104,7.4
SAL-2026-04-01-HAB-005-PIT,2026-04-01,sale,HAB-005,Pittsburgh,55,7.4
PUR-2026-04-01-HAB-005-PIT,2026-04-01,purchase,HAB-005,Pittsburgh,81,7.4
SAL-2026-04-01-CAS-001-CHI,2026-04-01,sale,CAS-001,Chicago,33,1238.72
PUR-2026-04-01-CAS-001-CHI,2026-04-01,purchase,CAS-001,Chicago,37,1238.72
SAL-2026-04-01-CAS-001-HOU,2026-04-01,sale,CAS-001,Houston,27,1238.72
PUR-2026-04-01-CAS-001-HOU,2026-04-01,purchase,CAS-001,Houston,22,1238.72
SAL-2026-04-01-CAS-001-PIT,2026-04-01,sale,CAS-001,Pittsburgh,21,1238.72
PUR-2026-04-01-CAS-001-PIT,2026-04-01,purchase,CAS-001,Pittsburgh,22,1238.72
SAL-2026-04-01-CAS-002-CHI,2026-04-01,sale,CAS-002,Chicago,28,1129.98
PUR-2026-04-01-CAS-002-CHI,2026-04-01,purchase,CAS-002,Chicago,28,1129.98
SAL-2026-04-01-CAS-002-HOU,2026-04-01,sale,CAS-002,Houston,18,1129.98
PUR-2026-04-01-CAS-002-HOU,2026-04-01,purchase,CAS-002,Houston,23,1129.98
SAL-2026-04-01-CAS-002-PIT,2026-04-01,sale,CAS-002,Pittsburgh,15,1129.98
PUR-2026-04-01-CAS-002-PIT,2026-04-01,purchase,CAS-002,Pittsburgh,13,1129.98
SAL-2026-04-01-CAS-003-CHI,2026-04-01,sale,CAS-003,Chicago,23,1201.89
PUR-2026-04-01-CAS-003-CHI,2026-04-01,purchase,CAS-003,Chicago,24,1201.89
SAL-2026-04-01-CAS-003-HOU,2026-04-01,sale,CAS-003,Houston,14,1201.89
PUR-2026-04-01-CAS-003-HOU,2026-04-01,purchase,CAS-003,Houston,13,1201.89
SAL-2026-04-01-CAS-003-PIT,2026-04-01,sale,CAS-003,Pittsburgh,11,1201.89
PUR-2026-04-01-CAS-003-PIT,2026-04-01,purchase,CAS-003,Pittsburgh,14,1201.89
SAL-2026-04-01-CAS-004-CHI,2026-04-01,sale,CAS-004,Chicago,45,820.97
PUR-2026-04-01-CAS-004-CHI,2026-04-01,purchase,CAS-004,Chicago,49,820.97
SAL-2026-04-01-CAS-004-HOU,2026-04-01,sale,CAS-004,Houston,28,820.97
PUR-2026-04-01-CAS-004-HOU,2026-04-01,purchase,CAS-004,Houston,33,820.97
SAL-2026-04-01-CAS-004-PIT,2026-04-01,sale,CAS-004,Pittsburgh,22,820.97
PUR-2026-04-01-CAS-004-PIT,2026-04-01,purchase,CAS-004,Pittsburgh,21,820.97
SAL-2026-04-01-CAS-005-CHI,2026-04-01,sale,CAS-005,Chicago,22,1039.4
PUR-2026-04-01-CAS-005-CHI,2026-04-01,purchase,CAS-005,Chicago,17,1039.4
SAL-2026-04-01-CAS-005-HOU,2026-04-01,sale,CAS-005,Houston,20,1039.4
PUR-2026-04-01-CAS-005-HOU,2026-04-01,purchase,CAS-005,Houston,15,1039.4
SAL-2026-04-01-CAS-005-PIT,2026-04-01,sale,CAS-005,Pittsburgh,11,1039.4
PUR-2026-04-01-CAS-005-PIT,2026-04-01,purchase,CAS-005,Pittsburgh,15,1039.4
SAL-2026-04-01-SIB-001-CHI,2026-04-01,sale,SIB-001,Chicago,107,7.47
PUR-2026-04-01-SIB-001-CHI,2026-04-01,purchase,SIB-001,Chicago,104,7.47
SAL-2026-04-01-SIB-001-HOU,2026-04-01,sale,SIB-001,Houston,82,7.47
PUR-2026-04-01-SIB-001-HOU,2026-04-01,purchase,SIB-001,Houston,65,7.47
SAL-2026-04-01-SIB-001-PIT,2026-04-01,sale,SIB-001,Pittsburgh,57,7.47
PUR-2026-04-01-SIB-001-PIT,2026-04-01,purchase,SIB-001,Pittsburgh,56,7.47
SAL-2026-04-01-SIB-002-CHI,2026-04-01,sale,SIB-002,Chicago,156,6.57
PUR-2026-04-01-SIB-002-CHI,2026-04-01,purchase,SIB-002,Chicago,144,6.57
SAL-2026-04-01-SIB-002-HOU,2026-04-01,sale,SIB-002,Houston,130,6.57
PUR-2026-04-01-SIB-002-HOU,2026-04-01,purchase,SIB-002,Houston,105,6.57
SAL-2026-04-01-SIB-002-PIT,2026-04-01,sale,SIB-002,Pittsburgh,106,6.57
PUR-2026-04-01-SIB-002-PIT,2026-04-01,purchase,SIB-002,Pittsburgh,106,6.57
SAL-2026-04-01-SIB-003-CHI,2026-04-01,sale,SIB-003,Chicago,97,8.35
PUR-2026-04-01-SIB-003-CHI,2026-04-01,purchase,SIB-003,Chicago,105,8.35
SAL-2026-04-01-SIB-003-HOU,2026-04-01,sale,SIB-003,Houston,93,8.35
PUR-2026-04-01-SIB-003-HOU,2026-04-01,purchase,SIB-003,Houston,86,8.35
SAL-2026-04-01-SIB-003-PIT,2026-04-01,sale,SIB-003,Pittsburgh,53,8.35
PUR-2026-04-01-SIB-003-PIT,2026-04-01,purchase,SIB-003,Pittsburgh,76,8.35
SAL-2026-04-01-SIB-004-CHI,2026-04-01,sale,SIB-004,Chicago,127,7.16
PUR-2026-04-01-SIB-004-CHI,2026-04-01,purchase,SIB-004,Chicago,141,7.16
SAL-2026-04-01-SIB-004-HOU,2026-04-01,sale,SIB-004,Houston,137,7.16
PUR-2026-04-01-SIB-004-HOU,2026-04-01,purchase,SIB-004,Houston,131,7.16
SAL-2026-04-01-SIB-004-PIT,2026-04-01,sale,SIB-004,Pittsburgh,89,7.16
PUR-2026-04-01-SIB-004-PIT,2026-04-01,purchase,SIB-004,Pittsburgh,94,7.16
SAL-2026-04-01-SIB-005-CHI,2026-04-01,sale,SIB-005,Chicago,128,5.98
PUR-2026-04-01-SIB-005-CHI,2026-04-01,purchase,SIB-005,Chicago,166,5.98
SAL-2026-04-01-SIB-005-HOU,2026-04-01,sale,SIB-005,Houston,121,5.98
PUR-2026-04-01-SIB-005-HOU,2026-04-01,purchase,SIB-005,Houston,84,5.98
SAL-2026-04-01-SIB-005-PIT,2026-04-01,sale,SIB-005,Pittsburgh,70,5.98
PUR-2026-04-01-SIB-005-PIT,2026-04-01,purchase,SIB-005,Pittsburgh,99,5.98
SAL-2026-04-01-MOR-001-CHI,2026-04-01,sale,MOR-001,Chicago,15,815.21
PUR-2026-04-01-MOR-001-CHI,2026-04-01,purchase,MOR-001,Chicago,19,815.21
SAL-2026-04-01-MOR-001-HOU,2026-04-01,sale,MOR-001,Houston,14,815.21
PUR-2026-04-01-MOR-001-HOU,2026-04-01,purchase,MOR-001,Houston,14,815.21
SAL-2026-04-01-MOR-001-PIT,2026-04-01,sale,MOR-001,Pittsburgh,9,815.21
PUR-2026-04-01-MOR-001-PIT,2026-04-01,purchase,MOR-001,Pittsburgh,8,815.21
SAL-2026-04-01-MOR-002-CHI,2026-04-01,sale,MOR-002,Chicago,28,836.57
PUR-2026-04-01-MOR-002-CHI,2026-04-01,purchase,MOR-002,Chicago,34,836.57
SAL-2026-04-01-MOR-002-HOU,2026-04-01,sale,MOR-002,Houston,29,836.57
PUR-2026-04-01-MOR-002-HOU,2026-04-01,purchase,MOR-002,Houston,27,836.57
SAL-2026-04-01-MOR-002-PIT,2026-04-01,sale,MOR-002,Pittsburgh,19,836.57
PUR-2026-04-01-MOR-002-PIT,2026-04-01,purchase,MOR-002,Pittsburgh,25,836.57
SAL-2026-04-01-MOR-003-CHI,2026-04-01,sale,MOR-003,Chicago,24,549.69
PUR-2026-04-01-MOR-003-CHI,2026-04-01,purchase,MOR-003,Chicago,31,549.69
SAL-2026-04-01-MOR-003-HOU,2026-04-01,sale,MOR-003,Houston,22,549.69
PUR-2026-04-01-MOR-003-HOU,2026-04-01,purchase,MOR-003,Houston,25,549.69
SAL-2026-04-01-MOR-003-PIT,2026-04-01,sale,MOR-003,Pittsburgh,19,549.69
PUR-2026-04-01-MOR-003-PIT,2026-04-01,purchase,MOR-003,Pittsburgh,17,549.69
SAL-2026-04-01-MOR-004-CHI,2026-04-01,sale,MOR-004,Chicago,17,611.7
PUR-2026-04-01-MOR-004-CHI,2026-04-01,purchase,MOR-004,Chicago,19,611.7
SAL-2026-04-01-MOR-004-HOU,2026-04-01,sale,MOR-004,Houston,14,611.7
PUR-2026-04-01-MOR-004-HOU,2026-04-01,purchase,MOR-004,Houston,14,611.7
SAL-2026-04-01-MOR-004-PIT,2026-04-01,sale,MOR-004,Pittsburgh,9,611.7
PUR-2026-04-01-MOR-004-PIT,2026-04-01,purchase,MOR-004,Pittsburgh,13,611.7
SAL-2026-04-01-MOR-005-CHI,2026-04-01,sale,MOR-005,Chicago,14,806.99
PUR-2026-04-01-MOR-005-CHI,2026-04-01,purchase,MOR-005,Chicago,13,806.99
SAL-2026-04-01-MOR-005-HOU,2026-04-01,sale,MOR-005,Houston,11,806.99
PUR-2026-04-01-MOR-005-HOU,2026-04-01,purchase,MOR-005,Houston,12,806.99
SAL-2026-04-01-MOR-005-PIT,2026-04-01,sale,MOR-005,Pittsburgh,8,806.99
PUR-2026-04-01-MOR-005-PIT,2026-04-01,purchase,MOR-005,Pittsburgh,8,806.99
SAL-2026-04-01-INS-001-CHI,2026-04-01,sale,INS-001,Chicago,113,8.01
PUR-2026-04-01-INS-001-CHI,2026-04-01,purchase,INS-001,Chicago,98,8.01
SAL-2026-04-01-INS-001-HOU,2026-04-01,sale,INS-001,Houston,85,8.01
PUR-2026-04-01-INS-001-HOU,2026-04-01,purchase,INS-001,Houston,97,8.01
SAL-2026-04-01-INS-001-PIT,2026-04-01,sale,INS-001,Pittsburgh,57,8.01
PUR-2026-04-01-INS-001-PIT,2026-04-01,purchase,INS-001,Pittsburgh,67,8.01
SAL-2026-04-01-INS-002-CHI,2026-04-01,sale,INS-002,Chicago,122,15.77
PUR-2026-04-01-INS-002-CHI,2026-04-01,purchase,INS-002,Chicago,104,15.77
SAL-2026-04-01-INS-002-HOU,2026-04-01,sale,INS-002,Houston,100,15.77
PUR-2026-04-01-INS-002-HOU,2026-04-01,purchase,INS-002,Houston,95,15.77
SAL-2026-04-01-INS-002-PIT,2026-04-01,sale,INS-002,Pittsburgh,71,15.77
PUR-2026-04-01-INS-002-PIT,2026-04-01,purchase,INS-002,Pittsburgh,75,15.77
SAL-2026-04-01-INS-003-CHI,2026-04-01,sale,INS-003,Chicago,107,7.69
PUR-2026-04-01-INS-003-CHI,2026-04-01,purchase,INS-003,Chicago,108,7.69
SAL-2026-04-01-INS-003-HOU,2026-04-01,sale,INS-003,Houston,79,7.69
PUR-2026-04-01-INS-003-HOU,2026-04-01,purchase,INS-003,Houston,80,7.69
SAL-2026-04-01-INS-003-PIT,2026-04-01,sale,INS-003,Pittsburgh,45,7.69
PUR-2026-04-01-INS-003-PIT,2026-04-01,purchase,INS-003,Pittsburgh,53,7.69
SAL-2026-04-01-INS-004-CHI,2026-04-01,sale,INS-004,Chicago,85,18.22
PUR-2026-04-01-INS-004-CHI,2026-04-01,purchase,INS-004,Chicago,108,18.22
SAL-2026-04-01-INS-004-HOU,2026-04-01,sale,INS-004,Houston,73,18.22
PUR-2026-04-01-INS-004-HOU,2026-04-01,purchase,INS-004,Houston,60,18.22
SAL-2026-04-01-INS-004-PIT,2026-04-01,sale,INS-004,Pittsburgh,49,18.22
PUR-2026-04-01-INS-004-PIT,2026-04-01,purchase,INS-004,Pittsburgh,48,18.22
SAL-2026-04-01-INS-005-CHI,2026-04-01,sale,INS-005,Chicago,50,14.17
PUR-2026-04-01-INS-005-CHI,2026-04-01,purchase,INS-005,Chicago,56,14.17
SAL-2026-04-01-INS-005-HOU,2026-04-01,sale,INS-005,Houston,54,14.17
PUR-2026-04-01-INS-005-HOU,2026-04-01,purchase,INS-005,Houston,56,14.17
SAL-2026-04-01-INS-005-PIT,2026-04-01,sale,INS-005,Pittsburgh,38,14.17
PUR-2026-04-01-INS-005-PIT,2026-04-01,purchase,INS-005,Pittsburgh,27,14.17
SAL-2026-05-01-MCB-001-CHI,2026-05-01,sale,MCB-001,Chicago,164,11.82
PUR-2026-05-01-MCB-001-CHI,2026-05-01,purchase,MCB-001,Chicago,181,11.82
SAL-2026-05-01-MCB-001-HOU,2026-05-01,sale,MCB-001,Houston,132,11.82
PUR-2026-05-01-MCB-001-HOU,2026-05-01,purchase,MCB-001,Houston,154,11.82
SAL-2026-05-01-MCB-001-PIT,2026-05-01,sale,MCB-001,Pittsburgh,109,11.82
PUR-2026-05-01-MCB-001-PIT,2026-05-01,purchase,MCB-001,Pittsburgh,80,11.82
SAL-2026-05-01-MCB-002-CHI,2026-05-01,sale,MCB-002,Chicago,212,10.69
PUR-2026-05-01-MCB-002-CHI,2026-05-01,purchase,MCB-002,Chicago,205,10.69
SAL-2026-05-01-MCB-002-HOU,2026-05-01,sale,MCB-002,Houston,160,10.69
PUR-2026-05-01-MCB-002-HOU,2026-05-01,purchase,MCB-002,Houston,185,10.69
SAL-2026-05-01-MCB-002-PIT,2026-05-01,sale,MCB-002,Pittsburgh,157,10.69
PUR-2026-05-01-MCB-002-PIT,2026-05-01,purchase,MCB-002,Pittsburgh,148,10.69
SAL-2026-05-01-MCB-003-CHI,2026-05-01,sale,MCB-003,Chicago,175,10.72
PUR-2026-05-01-MCB-003-CHI,2026-05-01,purchase,MCB-003,Chicago,183,10.72
SAL-2026-05-01-MCB-003-HOU,2026-05-01,sale,MCB-003,Houston,137,10.72
PUR-2026-05-01-MCB-003-HOU,2026-05-01,purchase,MCB-003,Houston,103,10.72
SAL-2026-05-01-MCB-003-PIT,2026-05-01,sale,MCB-003,Pittsburgh,97,10.72
PUR-2026-05-01-MCB-003-PIT,2026-05-01,purchase,MCB-003,Pittsburgh,93,10.72
SAL-2026-05-01-MCB-004-CHI,2026-05-01,sale,MCB-004,Chicago,223,12.11
PUR-2026-05-01-MCB-004-CHI,2026-05-01,purchase,MCB-004,Chicago,220,12.11
SAL-2026-05-01-MCB-004-HOU,2026-05-01,sale,MCB-004,Houston,159,12.11
PUR-2026-05-01-MCB-004-HOU,2026-05-01,purchase,MCB-004,Houston,176,12.11
SAL-2026-05-01-MCB-004-PIT,2026-05-01,sale,MCB-004,Pittsburgh,111,12.11
PUR-2026-05-01-MCB-004-PIT,2026-05-01,purchase,MCB-004,Pittsburgh,106,12.11
SAL-2026-05-01-MCB-005-CHI,2026-05-01,sale,MCB-005,Chicago,153,12.46
PUR-2026-05-01-MCB-005-CHI,2026-05-01,purchase,MCB-005,Chicago,191,12.46
SAL-2026-05-01-MCB-005-HOU,2026-05-01,sale,MCB-005,Houston,159,12.46
PUR-2026-05-01-MCB-005-HOU,2026-05-01,purchase,MCB-005,Houston,166,12.46
SAL-2026-05-01-MCB-005-PIT,2026-05-01,sale,MCB-005,Pittsburgh,122,12.46
PUR-2026-05-01-MCB-005-PIT,2026-05-01,purchase,MCB-005,Pittsburgh,103,12.46
SAL-2026-05-01-HAB-001-CHI,2026-05-01,sale,HAB-001,Chicago,211,9.1
PUR-2026-05-01-HAB-001-CHI,2026-05-01,purchase,HAB-001,Chicago,161,9.1
SAL-2026-05-01-HAB-001-HOU,2026-05-01,sale,HAB-001,Houston,142,9.1
PUR-2026-05-01-HAB-001-HOU,2026-05-01,purchase,HAB-001,Houston,128,9.1
SAL-2026-05-01-HAB-001-PIT,2026-05-01,sale,HAB-001,Pittsburgh,130,9.1
PUR-2026-05-01-HAB-001-PIT,2026-05-01,purchase,HAB-001,Pittsburgh,109,9.1
SAL-2026-05-01-HAB-002-CHI,2026-05-01,sale,HAB-002,Chicago,101,8.92
PUR-2026-05-01-HAB-002-CHI,2026-05-01,purchase,HAB-002,Chicago,143,8.92
SAL-2026-05-01-HAB-002-HOU,2026-05-01,sale,HAB-002,Houston,102,8.92
PUR-2026-05-01-HAB-002-HOU,2026-05-01,purchase,HAB-002,Houston,98,8.92
SAL-2026-05-01-HAB-002-PIT,2026-05-01,sale,HAB-002,Pittsburgh,79,8.92
PUR-2026-05-01-HAB-002-PIT,2026-05-01,purchase,HAB-002,Pittsburgh,57,8.92
SAL-2026-05-01-HAB-003-CHI,2026-05-01,sale,HAB-003,Chicago,173,6.1
PUR-2026-05-01-HAB-003-CHI,2026-05-01,purchase,HAB-003,Chicago,167,6.1
SAL-2026-05-01-HAB-003-HOU,2026-05-01,sale,HAB-003,Houston,109,6.1
PUR-2026-05-01-HAB-003-HOU,2026-05-01,purchase,HAB-003,Houston,152,6.1
SAL-2026-05-01-HAB-003-PIT,2026-05-01,sale,HAB-003,Pittsburgh,89,6.1
PUR-2026-05-01-HAB-003-PIT,2026-05-01,purchase,HAB-003,Pittsburgh,112,6.1
SAL-2026-05-01-HAB-004-CHI,2026-05-01,sale,HAB-004,Chicago,161,8.31
PUR-2026-05-01-HAB-004-CHI,2026-05-01,purchase,HAB-004,Chicago,133,8.31
SAL-2026-05-01-HAB-004-HOU,2026-05-01,sale,HAB-004,Houston,91,8.31
PUR-2026-05-01-HAB-004-HOU,2026-05-01,purchase,HAB-004,Houston,131,8.31
SAL-2026-05-01-HAB-004-PIT,2026-05-01,sale,HAB-004,Pittsburgh,84,8.31
PUR-2026-05-01-HAB-004-PIT,2026-05-01,purchase,HAB-004,Pittsburgh,91,8.31
SAL-2026-05-01-HAB-005-CHI,2026-05-01,sale,HAB-005,Chicago,93,7.4
PUR-2026-05-01-HAB-005-CHI,2026-05-01,purchase,HAB-005,Chicago,105,7.4
SAL-2026-05-01-HAB-005-HOU,2026-05-01,sale,HAB-005,Houston,88,7.4
PUR-2026-05-01-HAB-005-HOU,2026-05-01,purchase,HAB-005,Houston,79,7.4
SAL-2026-05-01-HAB-005-PIT,2026-05-01,sale,HAB-005,Pittsburgh,72,7.4
PUR-2026-05-01-HAB-005-PIT,2026-05-01,purchase,HAB-005,Pittsburgh,75,7.4
SAL-2026-05-01-CAS-001-CHI,2026-05-01,sale,CAS-001,Chicago,36,1238.72
PUR-2026-05-01-CAS-001-CHI,2026-05-01,purchase,CAS-001,Chicago,24,1238.72
SAL-2026-05-01-CAS-001-HOU,2026-05-01,sale,CAS-001,Houston,29,1238.72
PUR-2026-05-01-CAS-001-HOU,2026-05-01,purchase,CAS-001,Houston,30,1238.72
SAL-2026-05-01-CAS-001-PIT,2026-05-01,sale,CAS-001,Pittsburgh,18,1238.72
PUR-2026-05-01-CAS-001-PIT,2026-05-01,purchase,CAS-001,Pittsburgh,15,1238.72
SAL-2026-05-01-CAS-002-CHI,2026-05-01,sale,CAS-002,Chicago,26,1129.98
PUR-2026-05-01-CAS-002-CHI,2026-05-01,purchase,CAS-002,Chicago,29,1129.98
SAL-2026-05-01-CAS-002-HOU,2026-05-01,sale,CAS-002,Houston,21,1129.98
PUR-2026-05-01-CAS-002-HOU,2026-05-01,purchase,CAS-002,Houston,19,1129.98
SAL-2026-05-01-CAS-002-PIT,2026-05-01,sale,CAS-002,Pittsburgh,17,1129.98
PUR-2026-05-01-CAS-002-PIT,2026-05-01,purchase,CAS-002,Pittsburgh,13,1129.98
SAL-2026-05-01-CAS-003-CHI,2026-05-01,sale,CAS-003,Chicago,22,1201.89
PUR-2026-05-01-CAS-003-CHI,2026-05-01,purchase,CAS-003,Chicago,17,1201.89
SAL-2026-05-01-CAS-003-HOU,2026-05-01,sale,CAS-003,Houston,16,1201.89
PUR-2026-05-01-CAS-003-HOU,2026-05-01,purchase,CAS-003,Houston,14,1201.89
SAL-2026-05-01-CAS-003-PIT,2026-05-01,sale,CAS-003,Pittsburgh,13,1201.89
PUR-2026-05-01-CAS-003-PIT,2026-05-01,purchase,CAS-003,Pittsburgh,11,1201.89
SAL-2026-05-01-CAS-004-CHI,2026-05-01,sale,CAS-004,Chicago,39,820.97
PUR-2026-05-01-CAS-004-CHI,2026-05-01,purchase,CAS-004,Chicago,45,820.97
SAL-2026-05-01-CAS-004-HOU,2026-05-01,sale,CAS-004,Houston,31,820.97
PUR-2026-05-01-CAS-004-HOU,2026-05-01,purchase,CAS-004,Houston,39,820.97
SAL-2026-05-01-CAS-004-PIT,2026-05-01,sale,CAS-004,Pittsburgh,24,820.97
PUR-2026-05-01-CAS-004-PIT,2026-05-01,purchase,CAS-004,Pittsburgh,19,820.97
SAL-2026-05-01-CAS-005-CHI,2026-05-01,sale,CAS-005,Chicago,26,1039.4
PUR-2026-05-01-CAS-005-CHI,2026-05-01,purchase,CAS-005,Chicago,18,1039.4
SAL-2026-05-01-CAS-005-HOU,2026-05-01,sale,CAS-005,Houston,15,1039.4
PUR-2026-05-01-CAS-005-HOU,2026-05-01,purchase,CAS-005,Houston,20,1039.4
SAL-2026-05-01-CAS-005-PIT,2026-05-01,sale,CAS-005,Pittsburgh,13,1039.4
PUR-2026-05-01-CAS-005-PIT,2026-05-01,purchase,CAS-005,Pittsburgh,12,1039.4
SAL-2026-05-01-SIB-001-CHI,2026-05-01,sale,SIB-001,Chicago,81,7.47
PUR-2026-05-01-SIB-001-CHI,2026-05-01,purchase,SIB-001,Chicago,108,7.47
SAL-2026-05-01-SIB-001-HOU,2026-05-01,sale,SIB-001,Houston,68,7.47
PUR-2026-05-01-SIB-001-HOU,2026-05-01,purchase,SIB-001,Houston,77,7.47
SAL-2026-05-01-SIB-001-PIT,2026-05-01,sale,SIB-001,Pittsburgh,56,7.47
PUR-2026-05-01-SIB-001-PIT,2026-05-01,purchase,SIB-001,Pittsburgh,65,7.47
SAL-2026-05-01-SIB-002-CHI,2026-05-01,sale,SIB-002,Chicago,170,6.57
PUR-2026-05-01-SIB-002-CHI,2026-05-01,purchase,SIB-002,Chicago,163,6.57
SAL-2026-05-01-SIB-002-HOU,2026-05-01,sale,SIB-002,Houston,140,6.57
PUR-2026-05-01-SIB-002-HOU,2026-05-01,purchase,SIB-002,Houston,112,6.57
SAL-2026-05-01-SIB-002-PIT,2026-05-01,sale,SIB-002,Pittsburgh,75,6.57
PUR-2026-05-01-SIB-002-PIT,2026-05-01,purchase,SIB-002,Pittsburgh,91,6.57
SAL-2026-05-01-SIB-003-CHI,2026-05-01,sale,SIB-003,Chicago,99,8.35
PUR-2026-05-01-SIB-003-CHI,2026-05-01,purchase,SIB-003,Chicago,85,8.35
SAL-2026-05-01-SIB-003-HOU,2026-05-01,sale,SIB-003,Houston,96,8.35
PUR-2026-05-01-SIB-003-HOU,2026-05-01,purchase,SIB-003,Houston,102,8.35
SAL-2026-05-01-SIB-003-PIT,2026-05-01,sale,SIB-003,Pittsburgh,70,8.35
PUR-2026-05-01-SIB-003-PIT,2026-05-01,purchase,SIB-003,Pittsburgh,61,8.35
SAL-2026-05-01-SIB-004-CHI,2026-05-01,sale,SIB-004,Chicago,164,7.16
PUR-2026-05-01-SIB-004-CHI,2026-05-01,purchase,SIB-004,Chicago,179,7.16
SAL-2026-05-01-SIB-004-HOU,2026-05-01,sale,SIB-004,Houston,104,7.16
PUR-2026-05-01-SIB-004-HOU,2026-05-01,purchase,SIB-004,Houston,99,7.16
SAL-2026-05-01-SIB-004-PIT,2026-05-01,sale,SIB-004,Pittsburgh,82,7.16
PUR-2026-05-01-SIB-004-PIT,2026-05-01,purchase,SIB-004,Pittsburgh,80,7.16
SAL-2026-05-01-SIB-005-CHI,2026-05-01,sale,SIB-005,Chicago,112,5.98
PUR-2026-05-01-SIB-005-CHI,2026-05-01,purchase,SIB-005,Chicago,167,5.98
SAL-2026-05-01-SIB-005-HOU,2026-05-01,sale,SIB-005,Houston,95,5.98
PUR-2026-05-01-SIB-005-HOU,2026-05-01,purchase,SIB-005,Houston,120,5.98
SAL-2026-05-01-SIB-005-PIT,2026-05-01,sale,SIB-005,Pittsburgh,80,5.98
PUR-2026-05-01-SIB-005-PIT,2026-05-01,purchase,SIB-005,Pittsburgh,87,5.98
SAL-2026-05-01-MOR-001-CHI,2026-05-01,sale,MOR-001,Chicago,16,815.21
PUR-2026-05-01-MOR-001-CHI,2026-05-01,purchase,MOR-001,Chicago,16,815.21
SAL-2026-05-01-MOR-001-HOU,2026-05-01,sale,MOR-001,Houston,12,815.21
PUR-2026-05-01-MOR-001-HOU,2026-05-01,purchase,MOR-001,Houston,12,815.21
SAL-2026-05-01-MOR-001-PIT,2026-05-01,sale,MOR-001,Pittsburgh,9,815.21
PUR-2026-05-01-MOR-001-PIT,2026-05-01,purchase,MOR-001,Pittsburgh,11,815.21
SAL-2026-05-01-MOR-002-CHI,2026-05-01,sale,MOR-002,Chicago,31,836.57
PUR-2026-05-01-MOR-002-CHI,2026-05-01,purchase,MOR-002,Chicago,29,836.57
SAL-2026-05-01-MOR-002-HOU,2026-05-01,sale,MOR-002,Houston,23,836.57
PUR-2026-05-01-MOR-002-HOU,2026-05-01,purchase,MOR-002,Houston,21,836.57
SAL-2026-05-01-MOR-002-PIT,2026-05-01,sale,MOR-002,Pittsburgh,22,836.57
PUR-2026-05-01-MOR-002-PIT,2026-05-01,purchase,MOR-002,Pittsburgh,20,836.57
SAL-2026-05-01-MOR-003-CHI,2026-05-01,sale,MOR-003,Chicago,29,549.69
PUR-2026-05-01-MOR-003-CHI,2026-05-01,purchase,MOR-003,Chicago,26,549.69
SAL-2026-05-01-MOR-003-HOU,2026-05-01,sale,MOR-003,Houston,23,549.69
PUR-2026-05-01-MOR-003-HOU,2026-05-01,purchase,MOR-003,Houston,17,549.69
SAL-2026-05-01-MOR-003-PIT,2026-05-01,sale,MOR-003,Pittsburgh,18,549.69
PUR-2026-05-01-MOR-003-PIT,2026-05-01,purchase,MOR-003,Pittsburgh,19,549.69
SAL-2026-05-01-MOR-004-CHI,2026-05-01,sale,MOR-004,Chicago,16,611.7
PUR-2026-05-01-MOR-004-CHI,2026-05-01,purchase,MOR-004,Chicago,17,611.7
SAL-2026-05-01-MOR-004-HOU,2026-05-01,sale,MOR-004,Houston,13,611.7
PUR-2026-05-01-MOR-004-HOU,2026-05-01,purchase,MOR-004,Houston,11,611.7
SAL-2026-05-01-MOR-004-PIT,2026-05-01,sale,MOR-004,Pittsburgh,11,611.7
PUR-2026-05-01-MOR-004-PIT,2026-05-01,purchase,MOR-004,Pittsburgh,13,611.7
SAL-2026-05-01-MOR-005-CHI,2026-05-01,sale,MOR-005,Chicago,14,806.99
PUR-2026-05-01-MOR-005-CHI,2026-05-01,purchase,MOR-005,Chicago,12,806.99
SAL-2026-05-01-MOR-005-HOU,2026-05-01,sale,MOR-005,Houston,12,806.99
PUR-2026-05-01-MOR-005-HOU,2026-05-01,purchase,MOR-005,Houston,13,806.99
SAL-2026-05-01-MOR-005-PIT,2026-05-01,sale,MOR-005,Pittsburgh,9,806.99
PUR-2026-05-01-MOR-005-PIT,2026-05-01,purchase,MOR-005,Pittsburgh,9,806.99
SAL-2026-05-01-INS-001-CHI,2026-05-01,sale,INS-001,Chicago,105,8.01
PUR-2026-05-01-INS-001-CHI,2026-05-01,purchase,INS-001,Chicago,128,8.01
SAL-2026-05-01-INS-001-HOU,2026-05-01,sale,INS-001,Houston,89,8.01
PUR-2026-05-01-INS-001-HOU,2026-05-01,purchase,INS-001,Houston,84,8.01
SAL-2026-05-01-INS-001-PIT,2026-05-01,sale,INS-001,Pittsburgh,64,8.01
PUR-2026-05-01-INS-001-PIT,2026-05-01,purchase,INS-001,Pittsburgh,80,8.01
SAL-2026-05-01-INS-002-CHI,2026-05-01,sale,INS-002,Chicago,94,15.77
PUR-2026-05-01-INS-002-CHI,2026-05-01,purchase,INS-002,Chicago,106,15.77
SAL-2026-05-01-INS-002-HOU,2026-05-01,sale,INS-002,Houston,102,15.77
PUR-2026-05-01-INS-002-HOU,2026-05-01,purchase,INS-002,Houston,98,15.77
SAL-2026-05-01-INS-002-PIT,2026-05-01,sale,INS-002,Pittsburgh,71,15.77
PUR-2026-05-01-INS-002-PIT,2026-05-01,purchase,INS-002,Pittsburgh,68,15.77
SAL-2026-05-01-INS-003-CHI,2026-05-01,sale,INS-003,Chicago,102,7.69
PUR-2026-05-01-INS-003-CHI,2026-05-01,purchase,INS-003,Chicago,109,7.69
SAL-2026-05-01-INS-003-HOU,2026-05-01,sale,INS-003,Houston,76,7.69
PUR-2026-05-01-INS-003-HOU,2026-05-01,purchase,INS-003,Houston,63,7.69
SAL-2026-05-01-INS-003-PIT,2026-05-01,sale,INS-003,Pittsburgh,59,7.69
PUR-2026-05-01-INS-003-PIT,2026-05-01,purchase,INS-003,Pittsburgh,53,7.69
SAL-2026-05-01-INS-004-CHI,2026-05-01,sale,INS-004,Chicago,85,18.22
PUR-2026-05-01-INS-004-CHI,2026-05-01,purchase,INS-004,Chicago,111,18.22
SAL-2026-05-01-INS-004-HOU,2026-05-01,sale,INS-004,Houston,78,18.22
PUR-2026-05-01-INS-004-HOU,2026-05-01,purchase,INS-004,Houston,65,18.22
SAL-2026-05-01-INS-004-PIT,2026-05-01,sale,INS-004,Pittsburgh,59,18.22
PUR-2026-05-01-INS-004-PIT,2026-05-01,purchase,INS-004,Pittsburgh,66,18.22
SAL-2026-05-01-INS-005-CHI,2026-05-01,sale,INS-005,Chicago,55,14.17
PUR-2026-05-01-INS-005-CHI,2026-05-01,purchase,INS-005,Chicago,44,14.17
SAL-2026-05-01-INS-005-HOU,2026-05-01,sale,INS-005,Houston,41,14.17
PUR-2026-05-01-INS-005-HOU,2026-05-01,purchase,INS-005,Houston,42,14.17
SAL-2026-05-01-INS-005-PIT,2026-05-01,sale,INS-005,Pittsburgh,30,14.17
PUR-2026-05-01-INS-005-PIT,2026-05-01,purchase,INS-005,Pittsburgh,29,14.17
SAL-2026-06-01-MCB-001-CHI,2026-06-01,sale,MCB-001,Chicago,191,11.82
PUR-2026-06-01-MCB-001-CHI,2026-06-01,purchase,MCB-001,Chicago,180,11.82
SAL-2026-06-01-MCB-001-HOU,2026-06-01,sale,MCB-001,Houston,116,11.82
PUR-2026-06-01-MCB-001-HOU,2026-06-01,purchase,MCB-001,Houston,148,11.82
SAL-2026-06-01-MCB-001-PIT,2026-06-01,sale,MCB-001,Pittsburgh,111,11.82
PUR-2026-06-01-MCB-001-PIT,2026-06-01,purchase,MCB-001,Pittsburgh,104,11.82
SAL-2026-06-01-MCB-002-CHI,2026-06-01,sale,MCB-002,Chicago,231,10.69
PUR-2026-06-01-MCB-002-CHI,2026-06-01,purchase,MCB-002,Chicago,213,10.69
SAL-2026-06-01-MCB-002-HOU,2026-06-01,sale,MCB-002,Houston,195,10.69
PUR-2026-06-01-MCB-002-HOU,2026-06-01,purchase,MCB-002,Houston,205,10.69
SAL-2026-06-01-MCB-002-PIT,2026-06-01,sale,MCB-002,Pittsburgh,134,10.69
PUR-2026-06-01-MCB-002-PIT,2026-06-01,purchase,MCB-002,Pittsburgh,153,10.69
SAL-2026-06-01-MCB-003-CHI,2026-06-01,sale,MCB-003,Chicago,150,10.72
PUR-2026-06-01-MCB-003-CHI,2026-06-01,purchase,MCB-003,Chicago,166,10.72
SAL-2026-06-01-MCB-003-HOU,2026-06-01,sale,MCB-003,Houston,116,10.72
PUR-2026-06-01-MCB-003-HOU,2026-06-01,purchase,MCB-003,Houston,117,10.72
SAL-2026-06-01-MCB-003-PIT,2026-06-01,sale,MCB-003,Pittsburgh,87,10.72
PUR-2026-06-01-MCB-003-PIT,2026-06-01,purchase,MCB-003,Pittsburgh,75,10.72
SAL-2026-06-01-MCB-004-CHI,2026-06-01,sale,MCB-004,Chicago,210,12.11
PUR-2026-06-01-MCB-004-CHI,2026-06-01,purchase,MCB-004,Chicago,174,12.11
SAL-2026-06-01-MCB-004-HOU,2026-06-01,sale,MCB-004,Houston,124,12.11
PUR-2026-06-01-MCB-004-HOU,2026-06-01,purchase,MCB-004,Houston,157,12.11
SAL-2026-06-01-MCB-004-PIT,2026-06-01,sale,MCB-004,Pittsburgh,103,12.11
PUR-2026-06-01-MCB-004-PIT,2026-06-01,purchase,MCB-004,Pittsburgh,117,12.11
SAL-2026-06-01-MCB-005-CHI,2026-06-01,sale,MCB-005,Chicago,145,12.46
PUR-2026-06-01-MCB-005-CHI,2026-06-01,purchase,MCB-005,Chicago,167,12.46
SAL-2026-06-01-MCB-005-HOU,2026-06-01,sale,MCB-005,Houston,148,12.46
PUR-2026-06-01-MCB-005-HOU,2026-06-01,purchase,MCB-005,Houston,119,12.46
SAL-2026-06-01-MCB-005-PIT,2026-06-01,sale,MCB-005,Pittsburgh,117,12.46
PUR-2026-06-01-MCB-005-PIT,2026-06-01,purchase,MCB-005,Pittsburgh,79,12.46
SAL-2026-06-01-HAB-001-CHI,2026-06-01,sale,HAB-001,Chicago,170,9.1
PUR-2026-06-01-HAB-001-CHI,2026-06-01,purchase,HAB-001,Chicago,210,9.1
SAL-2026-06-01-HAB-001-HOU,2026-06-01,sale,HAB-001,Houston,134,9.1
PUR-2026-06-01-HAB-001-HOU,2026-06-01,purchase,HAB-001,Houston,149,9.1
SAL-2026-06-01-HAB-001-PIT,2026-06-01,sale,HAB-001,Pittsburgh,108,9.1
PUR-2026-06-01-HAB-001-PIT,2026-06-01,purchase,HAB-001,Pittsburgh,112,9.1
SAL-2026-06-01-HAB-002-CHI,2026-06-01,sale,HAB-002,Chicago,113,8.92
PUR-2026-06-01-HAB-002-CHI,2026-06-01,purchase,HAB-002,Chicago,141,8.92
SAL-2026-06-01-HAB-002-HOU,2026-06-01,sale,HAB-002,Houston,89,8.92
PUR-2026-06-01-HAB-002-HOU,2026-06-01,purchase,HAB-002,Houston,102,8.92
SAL-2026-06-01-HAB-002-PIT,2026-06-01,sale,HAB-002,Pittsburgh,76,8.92
PUR-2026-06-01-HAB-002-PIT,2026-06-01,purchase,HAB-002,Pittsburgh,80,8.92
SAL-2026-06-01-HAB-003-CHI,2026-06-01,sale,HAB-003,Chicago,127,6.1
PUR-2026-06-01-HAB-003-CHI,2026-06-01,purchase,HAB-003,Chicago,147,6.1
SAL-2026-06-01-HAB-003-HOU,2026-06-01,sale,HAB-003,Houston,107,6.1
PUR-2026-06-01-HAB-003-HOU,2026-06-01,purchase,HAB-003,Houston,144,6.1
SAL-2026-06-01-HAB-003-PIT,2026-06-01,sale,HAB-003,Pittsburgh,81,6.1
PUR-2026-06-01-HAB-003-PIT,2026-06-01,purchase,HAB-003,Pittsburgh,84,6.1
SAL-2026-06-01-HAB-004-CHI,2026-06-01,sale,HAB-004,Chicago,151,8.31
PUR-2026-06-01-HAB-004-CHI,2026-06-01,purchase,HAB-004,Chicago,107,8.31
SAL-2026-06-01-HAB-004-HOU,2026-06-01,sale,HAB-004,Houston,95,8.31
PUR-2026-06-01-HAB-004-HOU,2026-06-01,purchase,HAB-004,Houston,106,8.31
SAL-2026-06-01-HAB-004-PIT,2026-06-01,sale,HAB-004,Pittsburgh,67,8.31
PUR-2026-06-01-HAB-004-PIT,2026-06-01,purchase,HAB-004,Pittsburgh,91,8.31
SAL-2026-06-01-HAB-005-CHI,2026-06-01,sale,HAB-005,Chicago,94,7.4
PUR-2026-06-01-HAB-005-CHI,2026-06-01,purchase,HAB-005,Chicago,105,7.4
SAL-2026-06-01-HAB-005-HOU,2026-06-01,sale,HAB-005,Houston,67,7.4
PUR-2026-06-01-HAB-005-HOU,2026-06-01,purchase,HAB-005,Houston,66,7.4
SAL-2026-06-01-HAB-005-PIT,2026-06-01,sale,HAB-005,Pittsburgh,67,7.4
PUR-2026-06-01-HAB-005-PIT,2026-06-01,purchase,HAB-005,Pittsburgh,69,7.4
SAL-2026-06-01-CAS-001-CHI,2026-06-01,sale,CAS-001,Chicago,26,1238.72
PUR-2026-06-01-CAS-001-CHI,2026-06-01,purchase,CAS-001,Chicago,30,1238.72
SAL-2026-06-01-CAS-001-HOU,2026-06-01,sale,CAS-001,Houston,25,1238.72
PUR-2026-06-01-CAS-001-HOU,2026-06-01,purchase,CAS-001,Houston,21,1238.72
SAL-2026-06-01-CAS-001-PIT,2026-06-01,sale,CAS-001,Pittsburgh,19,1238.72
PUR-2026-06-01-CAS-001-PIT,2026-06-01,purchase,CAS-001,Pittsburgh,17,1238.72
SAL-2026-06-01-CAS-002-CHI,2026-06-01,sale,CAS-002,Chicago,22,1129.98
PUR-2026-06-01-CAS-002-CHI,2026-06-01,purchase,CAS-002,Chicago,20,1129.98
SAL-2026-06-01-CAS-002-HOU,2026-06-01,sale,CAS-002,Houston,21,1129.98
PUR-2026-06-01-CAS-002-HOU,2026-06-01,purchase,CAS-002,Houston,21,1129.98
SAL-2026-06-01-CAS-002-PIT,2026-06-01,sale,CAS-002,Pittsburgh,16,1129.98
PUR-2026-06-01-CAS-002-PIT,2026-06-01,purchase,CAS-002,Pittsburgh,13,1129.98
SAL-2026-06-01-CAS-003-CHI,2026-06-01,sale,CAS-003,Chicago,20,1201.89
PUR-2026-06-01-CAS-003-CHI,2026-06-01,purchase,CAS-003,Chicago,16,1201.89
SAL-2026-06-01-CAS-003-HOU,2026-06-01,sale,CAS-003,Houston,13,1201.89
PUR-2026-06-01-CAS-003-HOU,2026-06-01,purchase,CAS-003,Houston,15,1201.89
SAL-2026-06-01-CAS-003-PIT,2026-06-01,sale,CAS-003,Pittsburgh,13,1201.89
PUR-2026-06-01-CAS-003-PIT,2026-06-01,purchase,CAS-003,Pittsburgh,13,1201.89
SAL-2026-06-01-CAS-004-CHI,2026-06-01,sale,CAS-004,Chicago,37,820.97
PUR-2026-06-01-CAS-004-CHI,2026-06-01,purchase,CAS-004,Chicago,38,820.97
SAL-2026-06-01-CAS-004-HOU,2026-06-01,sale,CAS-004,Houston,32,820.97
PUR-2026-06-01-CAS-004-HOU,2026-06-01,purchase,CAS-004,Houston,28,820.97
SAL-2026-06-01-CAS-004-PIT,2026-06-01,sale,CAS-004,Pittsburgh,25,820.97
PUR-2026-06-01-CAS-004-PIT,2026-06-01,purchase,CAS-004,Pittsburgh,18,820.97
SAL-2026-06-01-CAS-005-CHI,2026-06-01,sale,CAS-005,Chicago,23,1039.4
PUR-2026-06-01-CAS-005-CHI,2026-06-01,purchase,CAS-005,Chicago,23,1039.4
SAL-2026-06-01-CAS-005-HOU,2026-06-01,sale,CAS-005,Houston,17,1039.4
PUR-2026-06-01-CAS-005-HOU,2026-06-01,purchase,CAS-005,Houston,16,1039.4
SAL-2026-06-01-CAS-005-PIT,2026-06-01,sale,CAS-005,Pittsburgh,14,1039.4
PUR-2026-06-01-CAS-005-PIT,2026-06-01,purchase,CAS-005,Pittsburgh,15,1039.4
SAL-2026-06-01-SIB-001-CHI,2026-06-01,sale,SIB-001,Chicago,77,7.47
PUR-2026-06-01-SIB-001-CHI,2026-06-01,purchase,SIB-001,Chicago,103,7.47
SAL-2026-06-01-SIB-001-HOU,2026-06-01,sale,SIB-001,Houston,62,7.47
PUR-2026-06-01-SIB-001-HOU,2026-06-01,purchase,SIB-001,Houston,68,7.47
SAL-2026-06-01-SIB-001-PIT,2026-06-01,sale,SIB-001,Pittsburgh,45,7.47
PUR-2026-06-01-SIB-001-PIT,2026-06-01,purchase,SIB-001,Pittsburgh,60,7.47
SAL-2026-06-01-SIB-002-CHI,2026-06-01,sale,SIB-002,Chicago,144,6.57
PUR-2026-06-01-SIB-002-CHI,2026-06-01,purchase,SIB-002,Chicago,173,6.57
SAL-2026-06-01-SIB-002-HOU,2026-06-01,sale,SIB-002,Houston,98,6.57
PUR-2026-06-01-SIB-002-HOU,2026-06-01,purchase,SIB-002,Houston,111,6.57
SAL-2026-06-01-SIB-002-PIT,2026-06-01,sale,SIB-002,Pittsburgh,79,6.57
PUR-2026-06-01-SIB-002-PIT,2026-06-01,purchase,SIB-002,Pittsburgh,68,6.57
SAL-2026-06-01-SIB-003-CHI,2026-06-01,sale,SIB-003,Chicago,107,8.35
PUR-2026-06-01-SIB-003-CHI,2026-06-01,purchase,SIB-003,Chicago,99,8.35
SAL-2026-06-01-SIB-003-HOU,2026-06-01,sale,SIB-003,Houston,90,8.35
PUR-2026-06-01-SIB-003-HOU,2026-06-01,purchase,SIB-003,Houston,84,8.35
SAL-2026-06-01-SIB-003-PIT,2026-06-01,sale,SIB-003,Pittsburgh,56,8.35
PUR-2026-06-01-SIB-003-PIT,2026-06-01,purchase,SIB-003,Pittsburgh,51,8.35
SAL-2026-06-01-SIB-004-CHI,2026-06-01,sale,SIB-004,Chicago,158,7.16
PUR-2026-06-01-SIB-004-CHI,2026-06-01,purchase,SIB-004,Chicago,112,7.16
SAL-2026-06-01-SIB-004-HOU,2026-06-01,sale,SIB-004,Houston,120,7.16
PUR-2026-06-01-SIB-004-HOU,2026-06-01,purchase,SIB-004,Houston,85,7.16
SAL-2026-06-01-SIB-004-PIT,2026-06-01,sale,SIB-004,Pittsburgh,78,7.16
PUR-2026-06-01-SIB-004-PIT,2026-06-01,purchase,SIB-004,Pittsburgh,67,7.16
SAL-2026-06-01-SIB-005-CHI,2026-06-01,sale,SIB-005,Chicago,107,5.98
PUR-2026-06-01-SIB-005-CHI,2026-06-01,purchase,SIB-005,Chicago,103,5.98
SAL-2026-06-01-SIB-005-HOU,2026-06-01,sale,SIB-005,Houston,85,5.98
PUR-2026-06-01-SIB-005-HOU,2026-06-01,purchase,SIB-005,Houston,79,5.98
SAL-2026-06-01-SIB-005-PIT,2026-06-01,sale,SIB-005,Pittsburgh,83,5.98
PUR-2026-06-01-SIB-005-PIT,2026-06-01,purchase,SIB-005,Pittsburgh,58,5.98
SAL-2026-06-01-MOR-001-CHI,2026-06-01,sale,MOR-001,Chicago,14,815.21
PUR-2026-06-01-MOR-001-CHI,2026-06-01,purchase,MOR-001,Chicago,14,815.21
SAL-2026-06-01-MOR-001-HOU,2026-06-01,sale,MOR-001,Houston,12,815.21
PUR-2026-06-01-MOR-001-HOU,2026-06-01,purchase,MOR-001,Houston,10,815.21
SAL-2026-06-01-MOR-001-PIT,2026-06-01,sale,MOR-001,Pittsburgh,9,815.21
PUR-2026-06-01-MOR-001-PIT,2026-06-01,purchase,MOR-001,Pittsburgh,7,815.21
SAL-2026-06-01-MOR-002-CHI,2026-06-01,sale,MOR-002,Chicago,28,836.57
PUR-2026-06-01-MOR-002-CHI,2026-06-01,purchase,MOR-002,Chicago,25,836.57
SAL-2026-06-01-MOR-002-HOU,2026-06-01,sale,MOR-002,Houston,26,836.57
PUR-2026-06-01-MOR-002-HOU,2026-06-01,purchase,MOR-002,Houston,20,836.57
SAL-2026-06-01-MOR-002-PIT,2026-06-01,sale,MOR-002,Pittsburgh,19,836.57
PUR-2026-06-01-MOR-002-PIT,2026-06-01,purchase,MOR-002,Pittsburgh,22,836.57
SAL-2026-06-01-MOR-003-CHI,2026-06-01,sale,MOR-003,Chicago,22,549.69
PUR-2026-06-01-MOR-003-CHI,2026-06-01,purchase,MOR-003,Chicago,31,549.69
SAL-2026-06-01-MOR-003-HOU,2026-06-01,sale,MOR-003,Houston,22,549.69
PUR-2026-06-01-MOR-003-HOU,2026-06-01,purchase,MOR-003,Houston,18,549.69
SAL-2026-06-01-MOR-003-PIT,2026-06-01,sale,MOR-003,Pittsburgh,17,549.69
PUR-2026-06-01-MOR-003-PIT,2026-06-01,purchase,MOR-003,Pittsburgh,17,549.69
SAL-2026-06-01-MOR-004-CHI,2026-06-01,sale,MOR-004,Chicago,16,611.7
PUR-2026-06-01-MOR-004-CHI,2026-06-01,purchase,MOR-004,Chicago,17,611.7
SAL-2026-06-01-MOR-004-HOU,2026-06-01,sale,MOR-004,Houston,14,611.7
PUR-2026-06-01-MOR-004-HOU,2026-06-01,purchase,MOR-004,Houston,15,611.7
SAL-2026-06-01-MOR-004-PIT,2026-06-01,sale,MOR-004,Pittsburgh,9,611.7
PUR-2026-06-01-MOR-004-PIT,2026-06-01,purchase,MOR-004,Pittsburgh,10,611.7
SAL-2026-06-01-MOR-005-CHI,2026-06-01,sale,MOR-005,Chicago,12,806.99
PUR-2026-06-01-MOR-005-CHI,2026-06-01,purchase,MOR-005,Chicago,13,806.99
SAL-2026-06-01-MOR-005-HOU,2026-06-01,sale,MOR-005,Houston,10,806.99
PUR-2026-06-01-MOR-005-HOU,2026-06-01,purchase,MOR-005,Houston,8,806.99
SAL-2026-06-01-MOR-005-PIT,2026-06-01,sale,MOR-005,Pittsburgh,8,806.99
PUR-2026-06-01-MOR-005-PIT,2026-06-01,purchase,MOR-005,Pittsburgh,6,806.99
SAL-2026-06-01-INS-001-CHI,2026-06-01,sale,INS-001,Chicago,94,8.01
PUR-2026-06-01-INS-001-CHI,2026-06-01,purchase,INS-001,Chicago,109,8.01
SAL-2026-06-01-INS-001-HOU,2026-06-01,sale,INS-001,Houston,69,8.01
PUR-2026-06-01-INS-001-HOU,2026-06-01,purchase,INS-001,Houston,79,8.01
SAL-2026-06-01-INS-001-PIT,2026-06-01,sale,INS-001,Pittsburgh,55,8.01
PUR-2026-06-01-INS-001-PIT,2026-06-01,purchase,INS-001,Pittsburgh,50,8.01
SAL-2026-06-01-INS-002-CHI,2026-06-01,sale,INS-002,Chicago,102,15.77
PUR-2026-06-01-INS-002-CHI,2026-06-01,purchase,INS-002,Chicago,96,15.77
SAL-2026-06-01-INS-002-HOU,2026-06-01,sale,INS-002,Houston,85,15.77
PUR-2026-06-01-INS-002-HOU,2026-06-01,purchase,INS-002,Houston,68,15.77
SAL-2026-06-01-INS-002-PIT,2026-06-01,sale,INS-002,Pittsburgh,71,15.77
PUR-2026-06-01-INS-002-PIT,2026-06-01,purchase,INS-002,Pittsburgh,74,15.77
SAL-2026-06-01-INS-003-CHI,2026-06-01,sale,INS-003,Chicago,97,7.69
PUR-2026-06-01-INS-003-CHI,2026-06-01,purchase,INS-003,Chicago,105,7.69
SAL-2026-06-01-INS-003-HOU,2026-06-01,sale,INS-003,Houston,70,7.69
PUR-2026-06-01-INS-003-HOU,2026-06-01,purchase,INS-003,Houston,58,7.69
SAL-2026-06-01-INS-003-PIT,2026-06-01,sale,INS-003,Pittsburgh,53,7.69
PUR-2026-06-01-INS-003-PIT,2026-06-01,purchase,INS-003,Pittsburgh,50,7.69
SAL-2026-06-01-INS-004-CHI,2026-06-01,sale,INS-004,Chicago,95,18.22
PUR-2026-06-01-INS-004-CHI,2026-06-01,purchase,INS-004,Chicago,92,18.22
SAL-2026-06-01-INS-004-HOU,2026-06-01,sale,INS-004,Houston,67,18.22
PUR-2026-06-01-INS-004-HOU,2026-06-01,purchase,INS-004,Houston,64,18.22
SAL-2026-06-01-INS-004-PIT,2026-06-01,sale,INS-004,Pittsburgh,49,18.22
PUR-2026-06-01-INS-004-PIT,2026-06-01,purchase,INS-004,Pittsburgh,52,18.22
SAL-2026-06-01-INS-005-CHI,2026-06-01,sale,INS-005,Chicago,54,14.17
PUR-2026-06-01-INS-005-CHI,2026-06-01,purchase,INS-005,Chicago,58,14.17
SAL-2026-06-01-INS-005-HOU,2026-06-01,sale,INS-005,Houston,39,14.17
PUR-2026-06-01-INS-005-HOU,2026-06-01,purchase,INS-005,Houston,46,14.17
SAL-2026-06-01-INS-005-PIT,2026-06-01,sale,INS-005,Pittsburgh,35,14.17
PUR-2026-06-01-INS-005-PIT,2026-06-01,purchase,INS-005,Pittsburgh,31,14.17
SAL-2026-07-01-MCB-001-CHI,2026-07-01,sale,MCB-001,Chicago,128,11.82
PUR-2026-07-01-MCB-001-CHI,2026-07-01,purchase,MCB-001,Chicago,127,11.82
SAL-2026-07-01-MCB-001-HOU,2026-07-01,sale,MCB-001,Houston,123,11.82
PUR-2026-07-01-MCB-001-HOU,2026-07-01,purchase,MCB-001,Houston,126,11.82
SAL-2026-07-01-MCB-001-PIT,2026-07-01,sale,MCB-001,Pittsburgh,99,11.82
PUR-2026-07-01-MCB-001-PIT,2026-07-01,purchase,MCB-001,Pittsburgh,96,11.82
SAL-2026-07-01-MCB-002-CHI,2026-07-01,sale,MCB-002,Chicago,226,10.69
PUR-2026-07-01-MCB-002-CHI,2026-07-01,purchase,MCB-002,Chicago,195,10.69
SAL-2026-07-01-MCB-002-HOU,2026-07-01,sale,MCB-002,Houston,151,10.69
PUR-2026-07-01-MCB-002-HOU,2026-07-01,purchase,MCB-002,Houston,181,10.69
SAL-2026-07-01-MCB-002-PIT,2026-07-01,sale,MCB-002,Pittsburgh,128,10.69
PUR-2026-07-01-MCB-002-PIT,2026-07-01,purchase,MCB-002,Pittsburgh,156,10.69
SAL-2026-07-01-MCB-003-CHI,2026-07-01,sale,MCB-003,Chicago,129,10.72
PUR-2026-07-01-MCB-003-CHI,2026-07-01,purchase,MCB-003,Chicago,126,10.72
SAL-2026-07-01-MCB-003-HOU,2026-07-01,sale,MCB-003,Houston,122,10.72
PUR-2026-07-01-MCB-003-HOU,2026-07-01,purchase,MCB-003,Houston,90,10.72
SAL-2026-07-01-MCB-003-PIT,2026-07-01,sale,MCB-003,Pittsburgh,81,10.72
PUR-2026-07-01-MCB-003-PIT,2026-07-01,purchase,MCB-003,Pittsburgh,70,10.72
SAL-2026-07-01-MCB-004-CHI,2026-07-01,sale,MCB-004,Chicago,154,12.11
PUR-2026-07-01-MCB-004-CHI,2026-07-01,purchase,MCB-004,Chicago,153,12.11
SAL-2026-07-01-MCB-004-HOU,2026-07-01,sale,MCB-004,Houston,141,12.11
PUR-2026-07-01-MCB-004-HOU,2026-07-01,purchase,MCB-004,Houston,136,12.11
SAL-2026-07-01-MCB-004-PIT,2026-07-01,sale,MCB-004,Pittsburgh,97,12.11
PUR-2026-07-01-MCB-004-PIT,2026-07-01,purchase,MCB-004,Pittsburgh,104,12.11
SAL-2026-07-01-MCB-005-CHI,2026-07-01,sale,MCB-005,Chicago,186,12.46
PUR-2026-07-01-MCB-005-CHI,2026-07-01,purchase,MCB-005,Chicago,154,12.46
SAL-2026-07-01-MCB-005-HOU,2026-07-01,sale,MCB-005,Houston,120,12.46
PUR-2026-07-01-MCB-005-HOU,2026-07-01,purchase,MCB-005,Houston,150,12.46
SAL-2026-07-01-MCB-005-PIT,2026-07-01,sale,MCB-005,Pittsburgh,107,12.46
PUR-2026-07-01-MCB-005-PIT,2026-07-01,purchase,MCB-005,Pittsburgh,114,12.46
SAL-2026-07-01-HAB-001-CHI,2026-07-01,sale,HAB-001,Chicago,190,9.1
PUR-2026-07-01-HAB-001-CHI,2026-07-01,purchase,HAB-001,Chicago,185,9.1
SAL-2026-07-01-HAB-001-HOU,2026-07-01,sale,HAB-001,Houston,126,9.1
PUR-2026-07-01-HAB-001-HOU,2026-07-01,purchase,HAB-001,Houston,147,9.1
SAL-2026-07-01-HAB-001-PIT,2026-07-01,sale,HAB-001,Pittsburgh,108,9.1
PUR-2026-07-01-HAB-001-PIT,2026-07-01,purchase,HAB-001,Pittsburgh,84,9.1
SAL-2026-07-01-HAB-002-CHI,2026-07-01,sale,HAB-002,Chicago,125,8.92
PUR-2026-07-01-HAB-002-CHI,2026-07-01,purchase,HAB-002,Chicago,129,8.92
SAL-2026-07-01-HAB-002-HOU,2026-07-01,sale,HAB-002,Houston,87,8.92
PUR-2026-07-01-HAB-002-HOU,2026-07-01,purchase,HAB-002,Houston,92,8.92
SAL-2026-07-01-HAB-002-PIT,2026-07-01,sale,HAB-002,Pittsburgh,70,8.92
PUR-2026-07-01-HAB-002-PIT,2026-07-01,purchase,HAB-002,Pittsburgh,78,8.92
SAL-2026-07-01-HAB-003-CHI,2026-07-01,sale,HAB-003,Chicago,160,6.1
PUR-2026-07-01-HAB-003-CHI,2026-07-01,purchase,HAB-003,Chicago,162,6.1
SAL-2026-07-01-HAB-003-HOU,2026-07-01,sale,HAB-003,Houston,116,6.1
PUR-2026-07-01-HAB-003-HOU,2026-07-01,purchase,HAB-003,Houston,91,6.1
SAL-2026-07-01-HAB-003-PIT,2026-07-01,sale,HAB-003,Pittsburgh,95,6.1
PUR-2026-07-01-HAB-003-PIT,2026-07-01,purchase,HAB-003,Pittsburgh,67,6.1
SAL-2026-07-01-HAB-004-CHI,2026-07-01,sale,HAB-004,Chicago,116,8.31
PUR-2026-07-01-HAB-004-CHI,2026-07-01,purchase,HAB-004,Chicago,103,8.31
SAL-2026-07-01-HAB-004-HOU,2026-07-01,sale,HAB-004,Houston,89,8.31
PUR-2026-07-01-HAB-004-HOU,2026-07-01,purchase,HAB-004,Houston,91,8.31
SAL-2026-07-01-HAB-004-PIT,2026-07-01,sale,HAB-004,Pittsburgh,61,8.31
PUR-2026-07-01-HAB-004-PIT,2026-07-01,purchase,HAB-004,Pittsburgh,84,8.31
SAL-2026-07-01-HAB-005-CHI,2026-07-01,sale,HAB-005,Chicago,86,7.4
PUR-2026-07-01-HAB-005-CHI,2026-07-01,purchase,HAB-005,Chicago,98,7.4
SAL-2026-07-01-HAB-005-HOU,2026-07-01,sale,HAB-005,Houston,72,7.4
PUR-2026-07-01-HAB-005-HOU,2026-07-01,purchase,HAB-005,Houston,85,7.4
SAL-2026-07-01-HAB-005-PIT,2026-07-01,sale,HAB-005,Pittsburgh,58,7.4
PUR-2026-07-01-HAB-005-PIT,2026-07-01,purchase,HAB-005,Pittsburgh,69,7.4
SAL-2026-07-01-CAS-001-CHI,2026-07-01,sale,CAS-001,Chicago,32,1238.72
PUR-2026-07-01-CAS-001-CHI,2026-07-01,purchase,CAS-001,Chicago,27,1238.72
SAL-2026-07-01-CAS-001-HOU,2026-07-01,sale,CAS-001,Houston,19,1238.72
PUR-2026-07-01-CAS-001-HOU,2026-07-01,purchase,CAS-001,Houston,25,1238.72
SAL-2026-07-01-CAS-001-PIT,2026-07-01,sale,CAS-001,Pittsburgh,14,1238.72
PUR-2026-07-01-CAS-001-PIT,2026-07-01,purchase,CAS-001,Pittsburgh,20,1238.72
SAL-2026-07-01-CAS-002-CHI,2026-07-01,sale,CAS-002,Chicago,22,1129.98
PUR-2026-07-01-CAS-002-CHI,2026-07-01,purchase,CAS-002,Chicago,23,1129.98
SAL-2026-07-01-CAS-002-HOU,2026-07-01,sale,CAS-002,Houston,21,1129.98
PUR-2026-07-01-CAS-002-HOU,2026-07-01,purchase,CAS-002,Houston,23,1129.98
SAL-2026-07-01-CAS-002-PIT,2026-07-01,sale,CAS-002,Pittsburgh,13,1129.98
PUR-2026-07-01-CAS-002-PIT,2026-07-01,purchase,CAS-002,Pittsburgh,12,1129.98
SAL-2026-07-01-CAS-003-CHI,2026-07-01,sale,CAS-003,Chicago,19,1201.89
PUR-2026-07-01-CAS-003-CHI,2026-07-01,purchase,CAS-003,Chicago,15,1201.89
SAL-2026-07-01-CAS-003-HOU,2026-07-01,sale,CAS-003,Houston,16,1201.89
PUR-2026-07-01-CAS-003-HOU,2026-07-01,purchase,CAS-003,Houston,13,1201.89
SAL-2026-07-01-CAS-003-PIT,2026-07-01,sale,CAS-003,Pittsburgh,10,1201.89
PUR-2026-07-01-CAS-003-PIT,2026-07-01,purchase,CAS-003,Pittsburgh,11,1201.89
SAL-2026-07-01-CAS-004-CHI,2026-07-01,sale,CAS-004,Chicago,34,820.97
PUR-2026-07-01-CAS-004-CHI,2026-07-01,purchase,CAS-004,Chicago,38,820.97
SAL-2026-07-01-CAS-004-HOU,2026-07-01,sale,CAS-004,Houston,31,820.97
PUR-2026-07-01-CAS-004-HOU,2026-07-01,purchase,CAS-004,Houston,22,820.97
SAL-2026-07-01-CAS-004-PIT,2026-07-01,sale,CAS-004,Pittsburgh,22,820.97
PUR-2026-07-01-CAS-004-PIT,2026-07-01,purchase,CAS-004,Pittsburgh,25,820.97
SAL-2026-07-01-CAS-005-CHI,2026-07-01,sale,CAS-005,Chicago,19,1039.4
PUR-2026-07-01-CAS-005-CHI,2026-07-01,purchase,CAS-005,Chicago,23,1039.4
SAL-2026-07-01-CAS-005-HOU,2026-07-01,sale,CAS-005,Houston,13,1039.4
PUR-2026-07-01-CAS-005-HOU,2026-07-01,purchase,CAS-005,Houston,15,1039.4
SAL-2026-07-01-CAS-005-PIT,2026-07-01,sale,CAS-005,Pittsburgh,11,1039.4
PUR-2026-07-01-CAS-005-PIT,2026-07-01,purchase,CAS-005,Pittsburgh,11,1039.4
SAL-2026-07-01-SIB-001-CHI,2026-07-01,sale,SIB-001,Chicago,87,7.47
PUR-2026-07-01-SIB-001-CHI,2026-07-01,purchase,SIB-001,Chicago,95,7.47
SAL-2026-07-01-SIB-001-HOU,2026-07-01,sale,SIB-001,Houston,58,7.47
PUR-2026-07-01-SIB-001-HOU,2026-07-01,purchase,SIB-001,Houston,60,7.47
SAL-2026-07-01-SIB-001-PIT,2026-07-01,sale,SIB-001,Pittsburgh,51,7.47
PUR-2026-07-01-SIB-001-PIT,2026-07-01,purchase,SIB-001,Pittsburgh,48,7.47
SAL-2026-07-01-SIB-002-CHI,2026-07-01,sale,SIB-002,Chicago,149,6.57
PUR-2026-07-01-SIB-002-CHI,2026-07-01,purchase,SIB-002,Chicago,137,6.57
SAL-2026-07-01-SIB-002-HOU,2026-07-01,sale,SIB-002,Houston,98,6.57
PUR-2026-07-01-SIB-002-HOU,2026-07-01,purchase,SIB-002,Houston,106,6.57
SAL-2026-07-01-SIB-002-PIT,2026-07-01,sale,SIB-002,Pittsburgh,74,6.57
PUR-2026-07-01-SIB-002-PIT,2026-07-01,purchase,SIB-002,Pittsburgh,89,6.57
SAL-2026-07-01-SIB-003-CHI,2026-07-01,sale,SIB-003,Chicago,107,8.35
PUR-2026-07-01-SIB-003-CHI,2026-07-01,purchase,SIB-003,Chicago,75,8.35
SAL-2026-07-01-SIB-003-HOU,2026-07-01,sale,SIB-003,Houston,67,8.35
PUR-2026-07-01-SIB-003-HOU,2026-07-01,purchase,SIB-003,Houston,73,8.35
SAL-2026-07-01-SIB-003-PIT,2026-07-01,sale,SIB-003,Pittsburgh,64,8.35
PUR-2026-07-01-SIB-003-PIT,2026-07-01,purchase,SIB-003,Pittsburgh,60,8.35
SAL-2026-07-01-SIB-004-CHI,2026-07-01,sale,SIB-004,Chicago,113,7.16
PUR-2026-07-01-SIB-004-CHI,2026-07-01,purchase,SIB-004,Chicago,131,7.16
SAL-2026-07-01-SIB-004-HOU,2026-07-01,sale,SIB-004,Houston,99,7.16
PUR-2026-07-01-SIB-004-HOU,2026-07-01,purchase,SIB-004,Houston,122,7.16
SAL-2026-07-01-SIB-004-PIT,2026-07-01,sale,SIB-004,Pittsburgh,74,7.16
PUR-2026-07-01-SIB-004-PIT,2026-07-01,purchase,SIB-004,Pittsburgh,90,7.16
SAL-2026-07-01-SIB-005-CHI,2026-07-01,sale,SIB-005,Chicago,125,5.98
PUR-2026-07-01-SIB-005-CHI,2026-07-01,purchase,SIB-005,Chicago,97,5.98
SAL-2026-07-01-SIB-005-HOU,2026-07-01,sale,SIB-005,Houston,108,5.98
PUR-2026-07-01-SIB-005-HOU,2026-07-01,purchase,SIB-005,Houston,104,5.98
SAL-2026-07-01-SIB-005-PIT,2026-07-01,sale,SIB-005,Pittsburgh,58,5.98
PUR-2026-07-01-SIB-005-PIT,2026-07-01,purchase,SIB-005,Pittsburgh,80,5.98
SAL-2026-07-01-MOR-001-CHI,2026-07-01,sale,MOR-001,Chicago,13,815.21
PUR-2026-07-01-MOR-001-CHI,2026-07-01,purchase,MOR-001,Chicago,11,815.21
SAL-2026-07-01-MOR-001-HOU,2026-07-01,sale,MOR-001,Houston,11,815.21
PUR-2026-07-01-MOR-001-HOU,2026-07-01,purchase,MOR-001,Houston,10,815.21
SAL-2026-07-01-MOR-001-PIT,2026-07-01,sale,MOR-001,Pittsburgh,7,815.21
PUR-2026-07-01-MOR-001-PIT,2026-07-01,purchase,MOR-001,Pittsburgh,7,815.21
SAL-2026-07-01-MOR-002-CHI,2026-07-01,sale,MOR-002,Chicago,28,836.57
PUR-2026-07-01-MOR-002-CHI,2026-07-01,purchase,MOR-002,Chicago,36,836.57
SAL-2026-07-01-MOR-002-HOU,2026-07-01,sale,MOR-002,Houston,24,836.57
PUR-2026-07-01-MOR-002-HOU,2026-07-01,purchase,MOR-002,Houston,20,836.57
SAL-2026-07-01-MOR-002-PIT,2026-07-01,sale,MOR-002,Pittsburgh,15,836.57
PUR-2026-07-01-MOR-002-PIT,2026-07-01,purchase,MOR-002,Pittsburgh,14,836.57
SAL-2026-07-01-MOR-003-CHI,2026-07-01,sale,MOR-003,Chicago,22,549.69
PUR-2026-07-01-MOR-003-CHI,2026-07-01,purchase,MOR-003,Chicago,27,549.69
SAL-2026-07-01-MOR-003-HOU,2026-07-01,sale,MOR-003,Houston,21,549.69
PUR-2026-07-01-MOR-003-HOU,2026-07-01,purchase,MOR-003,Houston,18,549.69
SAL-2026-07-01-MOR-003-PIT,2026-07-01,sale,MOR-003,Pittsburgh,15,549.69
PUR-2026-07-01-MOR-003-PIT,2026-07-01,purchase,MOR-003,Pittsburgh,14,549.69
SAL-2026-07-01-MOR-004-CHI,2026-07-01,sale,MOR-004,Chicago,14,611.7
PUR-2026-07-01-MOR-004-CHI,2026-07-01,purchase,MOR-004,Chicago,12,611.7
SAL-2026-07-01-MOR-004-HOU,2026-07-01,sale,MOR-004,Houston,13,611.7
PUR-2026-07-01-MOR-004-HOU,2026-07-01,purchase,MOR-004,Houston,9,611.7
SAL-2026-07-01-MOR-004-PIT,2026-07-01,sale,MOR-004,Pittsburgh,9,611.7
PUR-2026-07-01-MOR-004-PIT,2026-07-01,purchase,MOR-004,Pittsburgh,11,611.7
SAL-2026-07-01-MOR-005-CHI,2026-07-01,sale,MOR-005,Chicago,10,806.99
PUR-2026-07-01-MOR-005-CHI,2026-07-01,purchase,MOR-005,Chicago,14,806.99
SAL-2026-07-01-MOR-005-HOU,2026-07-01,sale,MOR-005,Houston,9,806.99
PUR-2026-07-01-MOR-005-HOU,2026-07-01,purchase,MOR-005,Houston,8,806.99
SAL-2026-07-01-MOR-005-PIT,2026-07-01,sale,MOR-005,Pittsburgh,7,806.99
PUR-2026-07-01-MOR-005-PIT,2026-07-01,purchase,MOR-005,Pittsburgh,6,806.99
SAL-2026-07-01-INS-001-CHI,2026-07-01,sale,INS-001,Chicago,110,8.01
PUR-2026-07-01-INS-001-CHI,2026-07-01,purchase,INS-001,Chicago,78,8.01
SAL-2026-07-01-INS-001-HOU,2026-07-01,sale,INS-001,Houston,85,8.01
PUR-2026-07-01-INS-001-HOU,2026-07-01,purchase,INS-001,Houston,61,8.01
SAL-2026-07-01-INS-001-PIT,2026-07-01,sale,INS-001,Pittsburgh,62,8.01
PUR-2026-07-01-INS-001-PIT,2026-07-01,purchase,INS-001,Pittsburgh,70,8.01
SAL-2026-07-01-INS-002-CHI,2026-07-01,sale,INS-002,Chicago,86,15.77
PUR-2026-07-01-INS-002-CHI,2026-07-01,purchase,INS-002,Chicago,80,15.77
SAL-2026-07-01-INS-002-HOU,2026-07-01,sale,INS-002,Houston,83,15.77
PUR-2026-07-01-INS-002-HOU,2026-07-01,purchase,INS-002,Houston,73,15.77
SAL-2026-07-01-INS-002-PIT,2026-07-01,sale,INS-002,Pittsburgh,64,15.77
PUR-2026-07-01-INS-002-PIT,2026-07-01,purchase,INS-002,Pittsburgh,60,15.77
SAL-2026-07-01-INS-003-CHI,2026-07-01,sale,INS-003,Chicago,78,7.69
PUR-2026-07-01-INS-003-CHI,2026-07-01,purchase,INS-003,Chicago,66,7.69
SAL-2026-07-01-INS-003-HOU,2026-07-01,sale,INS-003,Houston,71,7.69
PUR-2026-07-01-INS-003-HOU,2026-07-01,purchase,INS-003,Houston,58,7.69
SAL-2026-07-01-INS-003-PIT,2026-07-01,sale,INS-003,Pittsburgh,49,7.69
PUR-2026-07-01-INS-003-PIT,2026-07-01,purchase,INS-003,Pittsburgh,55,7.69
SAL-2026-07-01-INS-004-CHI,2026-07-01,sale,INS-004,Chicago,97,18.22
PUR-2026-07-01-INS-004-CHI,2026-07-01,purchase,INS-004,Chicago,63,18.22
SAL-2026-07-01-INS-004-HOU,2026-07-01,sale,INS-004,Houston,65,18.22
PUR-2026-07-01-INS-004-HOU,2026-07-01,purchase,INS-004,Houston,63,18.22
SAL-2026-07-01-INS-004-PIT,2026-07-01,sale,INS-004,Pittsburgh,57,18.22
PUR-2026-07-01-INS-004-PIT,2026-07-01,purchase,INS-004,Pittsburgh,39,18.22
SAL-2026-07-01-INS-005-CHI,2026-07-01,sale,INS-005,Chicago,60,14.17
PUR-2026-07-01-INS-005-CHI,2026-07-01,purchase,INS-005,Chicago,58,14.17
SAL-2026-07-01-INS-005-HOU,2026-07-01,sale,INS-005,Houston,34,14.17
PUR-2026-07-01-INS-005-HOU,2026-07-01,purchase,INS-005,Houston,40,14.17
SAL-2026-07-01-INS-005-PIT,2026-07-01,sale,INS-005,Pittsburgh,26,14.17
PUR-2026-07-01-INS-005-PIT,2026-07-01,purchase,INS-005,Pittsburgh,35,14.17
